2025-06-02 11:30:08,321 [Worker-2: Loading available Gradle versions] INFO  o.e.b.c.i.u.g.PublishedGradleVersions - Gradle version information cache is not available. Remote download required.
2025-06-02 11:32:41,094 [Worker-11: Update Maven projects configuration] INFO  o.e.m.c.i.p.ProjectConfigurationManager - Update started
2025-06-02 11:32:42,037 [Worker-11: Update Maven projects configuration] INFO  o.e.m.c.i.e.AbstractTransferListenerAdapter - Downloading https://repo.maven.apache.org/maven2/org/springframework/boot/spring-boot-starter-parent/3.5.0/spring-boot-starter-parent-3.5.0.pom
2025-06-02 11:32:42,128 [Worker-11: Update Maven projects configuration] INFO  o.e.m.c.i.e.AbstractTransferListenerAdapter - Downloaded https://repo.maven.apache.org/maven2/org/springframework/boot/spring-boot-starter-parent/3.5.0/spring-boot-starter-parent-3.5.0.pom
2025-06-02 11:32:42,245 [Worker-11: Update Maven projects configuration] INFO  o.e.m.c.i.e.AbstractTransferListenerAdapter - Downloading https://repo.maven.apache.org/maven2/org/springframework/boot/spring-boot-dependencies/3.5.0/spring-boot-dependencies-3.5.0.pom
2025-06-02 11:32:42,386 [Worker-11: Update Maven projects configuration] INFO  o.e.m.c.i.e.AbstractTransferListenerAdapter - Downloaded https://repo.maven.apache.org/maven2/org/springframework/boot/spring-boot-dependencies/3.5.0/spring-boot-dependencies-3.5.0.pom
2025-06-02 11:32:42,636 [Worker-11: Update Maven projects configuration] INFO  o.e.m.c.i.e.AbstractTransferListenerAdapter - Downloading https://repo.maven.apache.org/maven2/org/apache/activemq/activemq-bom/6.1.6/activemq-bom-6.1.6.pom
2025-06-02 11:32:42,686 [Worker-11: Update Maven projects configuration] INFO  o.e.m.c.i.e.AbstractTransferListenerAdapter - Downloaded https://repo.maven.apache.org/maven2/org/apache/activemq/activemq-bom/6.1.6/activemq-bom-6.1.6.pom
2025-06-02 11:32:42,750 [Worker-11: Update Maven projects configuration] INFO  o.e.m.c.i.e.AbstractTransferListenerAdapter - Downloading https://repo.maven.apache.org/maven2/org/apache/activemq/artemis-bom/2.40.0/artemis-bom-2.40.0.pom
2025-06-02 11:32:42,795 [Worker-11: Update Maven projects configuration] INFO  o.e.m.c.i.e.AbstractTransferListenerAdapter - Downloaded https://repo.maven.apache.org/maven2/org/apache/activemq/artemis-bom/2.40.0/artemis-bom-2.40.0.pom
2025-06-02 11:32:42,872 [Worker-11: Update Maven projects configuration] INFO  o.e.m.c.i.e.AbstractTransferListenerAdapter - Downloading https://repo.maven.apache.org/maven2/org/apache/activemq/artemis-project/2.40.0/artemis-project-2.40.0.pom
2025-06-02 11:32:42,942 [Worker-11: Update Maven projects configuration] INFO  o.e.m.c.i.e.AbstractTransferListenerAdapter - Downloaded https://repo.maven.apache.org/maven2/org/apache/activemq/artemis-project/2.40.0/artemis-project-2.40.0.pom
2025-06-02 11:32:43,055 [Worker-11: Update Maven projects configuration] INFO  o.e.m.c.i.e.AbstractTransferListenerAdapter - Downloading https://repo.maven.apache.org/maven2/org/apache/apache/33/apache-33.pom
2025-06-02 11:32:43,131 [Worker-11: Update Maven projects configuration] INFO  o.e.m.c.i.e.AbstractTransferListenerAdapter - Downloaded https://repo.maven.apache.org/maven2/org/apache/apache/33/apache-33.pom
2025-06-02 11:32:43,216 [Worker-11: Update Maven projects configuration] INFO  o.e.m.c.i.e.AbstractTransferListenerAdapter - Downloading https://repo.maven.apache.org/maven2/org/assertj/assertj-bom/3.27.3/assertj-bom-3.27.3.pom
2025-06-02 11:32:43,257 [Worker-11: Update Maven projects configuration] INFO  o.e.m.c.i.e.AbstractTransferListenerAdapter - Downloaded https://repo.maven.apache.org/maven2/org/assertj/assertj-bom/3.27.3/assertj-bom-3.27.3.pom
2025-06-02 11:32:43,348 [Worker-11: Update Maven projects configuration] INFO  o.e.m.c.i.e.AbstractTransferListenerAdapter - Downloading https://repo.maven.apache.org/maven2/io/zipkin/reporter2/zipkin-reporter-bom/3.5.0/zipkin-reporter-bom-3.5.0.pom
2025-06-02 11:32:43,489 [Worker-11: Update Maven projects configuration] INFO  o.e.m.c.i.e.AbstractTransferListenerAdapter - Downloaded https://repo.maven.apache.org/maven2/io/zipkin/reporter2/zipkin-reporter-bom/3.5.0/zipkin-reporter-bom-3.5.0.pom
2025-06-02 11:32:43,650 [Worker-11: Update Maven projects configuration] INFO  o.e.m.c.i.e.AbstractTransferListenerAdapter - Downloading https://repo.maven.apache.org/maven2/io/zipkin/brave/brave-bom/6.1.0/brave-bom-6.1.0.pom
2025-06-02 11:32:43,713 [Worker-11: Update Maven projects configuration] INFO  o.e.m.c.i.e.AbstractTransferListenerAdapter - Downloaded https://repo.maven.apache.org/maven2/io/zipkin/brave/brave-bom/6.1.0/brave-bom-6.1.0.pom
2025-06-02 11:32:43,801 [Worker-11: Update Maven projects configuration] INFO  o.e.m.c.i.e.AbstractTransferListenerAdapter - Downloading https://repo.maven.apache.org/maven2/org/apache/cassandra/java-driver-bom/4.19.0/java-driver-bom-4.19.0.pom
2025-06-02 11:32:43,847 [Worker-11: Update Maven projects configuration] INFO  o.e.m.c.i.e.AbstractTransferListenerAdapter - Downloaded https://repo.maven.apache.org/maven2/org/apache/cassandra/java-driver-bom/4.19.0/java-driver-bom-4.19.0.pom
2025-06-02 11:32:43,911 [Worker-11: Update Maven projects configuration] INFO  o.e.m.c.i.e.AbstractTransferListenerAdapter - Downloading https://repo.maven.apache.org/maven2/org/glassfish/jaxb/jaxb-bom/4.0.5/jaxb-bom-4.0.5.pom
2025-06-02 11:32:43,960 [Worker-11: Update Maven projects configuration] INFO  o.e.m.c.i.e.AbstractTransferListenerAdapter - Downloaded https://repo.maven.apache.org/maven2/org/glassfish/jaxb/jaxb-bom/4.0.5/jaxb-bom-4.0.5.pom
2025-06-02 11:32:44,034 [Worker-11: Update Maven projects configuration] INFO  o.e.m.c.i.e.AbstractTransferListenerAdapter - Downloading https://repo.maven.apache.org/maven2/org/eclipse/ee4j/project/1.0.9/project-1.0.9.pom
2025-06-02 11:32:44,147 [Worker-11: Update Maven projects configuration] INFO  o.e.m.c.i.e.AbstractTransferListenerAdapter - Downloaded https://repo.maven.apache.org/maven2/org/eclipse/ee4j/project/1.0.9/project-1.0.9.pom
2025-06-02 11:32:44,236 [Worker-11: Update Maven projects configuration] INFO  o.e.m.c.i.e.AbstractTransferListenerAdapter - Downloading https://repo.maven.apache.org/maven2/org/apache/groovy/groovy-bom/4.0.26/groovy-bom-4.0.26.pom
2025-06-02 11:32:44,287 [Worker-11: Update Maven projects configuration] INFO  o.e.m.c.i.e.AbstractTransferListenerAdapter - Downloaded https://repo.maven.apache.org/maven2/org/apache/groovy/groovy-bom/4.0.26/groovy-bom-4.0.26.pom
2025-06-02 11:32:44,394 [Worker-11: Update Maven projects configuration] INFO  o.e.m.c.i.e.AbstractTransferListenerAdapter - Downloading https://repo.maven.apache.org/maven2/org/infinispan/infinispan-bom/15.2.1.Final/infinispan-bom-15.2.1.Final.pom
2025-06-02 11:32:44,515 [Worker-11: Update Maven projects configuration] INFO  o.e.m.c.i.e.AbstractTransferListenerAdapter - Downloaded https://repo.maven.apache.org/maven2/org/infinispan/infinispan-bom/15.2.1.Final/infinispan-bom-15.2.1.Final.pom
2025-06-02 11:32:44,623 [Worker-11: Update Maven projects configuration] INFO  o.e.m.c.i.e.AbstractTransferListenerAdapter - Downloading https://repo.maven.apache.org/maven2/org/infinispan/infinispan-build-configuration-parent/15.2.1.Final/infinispan-build-configuration-parent-15.2.1.Final.pom
2025-06-02 11:32:44,673 [Worker-11: Update Maven projects configuration] INFO  o.e.m.c.i.e.AbstractTransferListenerAdapter - Downloaded https://repo.maven.apache.org/maven2/org/infinispan/infinispan-build-configuration-parent/15.2.1.Final/infinispan-build-configuration-parent-15.2.1.Final.pom
2025-06-02 11:32:44,777 [Worker-11: Update Maven projects configuration] INFO  o.e.m.c.i.e.AbstractTransferListenerAdapter - Downloading https://repo.maven.apache.org/maven2/com/fasterxml/jackson/jackson-bom/2.19.0/jackson-bom-2.19.0.pom
2025-06-02 11:32:44,841 [Worker-11: Update Maven projects configuration] INFO  o.e.m.c.i.e.AbstractTransferListenerAdapter - Downloaded https://repo.maven.apache.org/maven2/com/fasterxml/jackson/jackson-bom/2.19.0/jackson-bom-2.19.0.pom
2025-06-02 11:32:44,963 [Worker-11: Update Maven projects configuration] INFO  o.e.m.c.i.e.AbstractTransferListenerAdapter - Downloading https://repo.maven.apache.org/maven2/com/fasterxml/jackson/jackson-parent/2.19/jackson-parent-2.19.pom
2025-06-02 11:32:45,026 [Worker-11: Update Maven projects configuration] INFO  o.e.m.c.i.e.AbstractTransferListenerAdapter - Downloaded https://repo.maven.apache.org/maven2/com/fasterxml/jackson/jackson-parent/2.19/jackson-parent-2.19.pom
2025-06-02 11:32:45,111 [Worker-11: Update Maven projects configuration] INFO  o.e.m.c.i.e.AbstractTransferListenerAdapter - Downloading https://repo.maven.apache.org/maven2/com/fasterxml/oss-parent/65/oss-parent-65.pom
2025-06-02 11:32:45,180 [Worker-11: Update Maven projects configuration] INFO  o.e.m.c.i.e.AbstractTransferListenerAdapter - Downloaded https://repo.maven.apache.org/maven2/com/fasterxml/oss-parent/65/oss-parent-65.pom
2025-06-02 11:32:45,282 [Worker-11: Update Maven projects configuration] INFO  o.e.m.c.i.e.AbstractTransferListenerAdapter - Downloading https://repo.maven.apache.org/maven2/org/glassfish/jersey/jersey-bom/3.1.10/jersey-bom-3.1.10.pom
2025-06-02 11:32:45,345 [Worker-11: Update Maven projects configuration] INFO  o.e.m.c.i.e.AbstractTransferListenerAdapter - Downloaded https://repo.maven.apache.org/maven2/org/glassfish/jersey/jersey-bom/3.1.10/jersey-bom-3.1.10.pom
2025-06-02 11:32:45,430 [Worker-11: Update Maven projects configuration] INFO  o.e.m.c.i.e.AbstractTransferListenerAdapter - Downloading https://repo.maven.apache.org/maven2/org/eclipse/jetty/ee10/jetty-ee10-bom/12.0.21/jetty-ee10-bom-12.0.21.pom
2025-06-02 11:32:45,478 [Worker-11: Update Maven projects configuration] INFO  o.e.m.c.i.e.AbstractTransferListenerAdapter - Downloaded https://repo.maven.apache.org/maven2/org/eclipse/jetty/ee10/jetty-ee10-bom/12.0.21/jetty-ee10-bom-12.0.21.pom
2025-06-02 11:32:45,560 [Worker-11: Update Maven projects configuration] INFO  o.e.m.c.i.e.AbstractTransferListenerAdapter - Downloading https://repo.maven.apache.org/maven2/org/eclipse/jetty/jetty-bom/12.0.21/jetty-bom-12.0.21.pom
2025-06-02 11:32:45,614 [Worker-11: Update Maven projects configuration] INFO  o.e.m.c.i.e.AbstractTransferListenerAdapter - Downloaded https://repo.maven.apache.org/maven2/org/eclipse/jetty/jetty-bom/12.0.21/jetty-bom-12.0.21.pom
2025-06-02 11:32:45,700 [Worker-11: Update Maven projects configuration] INFO  o.e.m.c.i.e.AbstractTransferListenerAdapter - Downloading https://repo.maven.apache.org/maven2/org/junit/junit-bom/5.12.2/junit-bom-5.12.2.pom
2025-06-02 11:32:45,746 [Worker-11: Update Maven projects configuration] INFO  o.e.m.c.i.e.AbstractTransferListenerAdapter - Downloaded https://repo.maven.apache.org/maven2/org/junit/junit-bom/5.12.2/junit-bom-5.12.2.pom
2025-06-02 11:32:45,834 [Worker-11: Update Maven projects configuration] INFO  o.e.m.c.i.e.AbstractTransferListenerAdapter - Downloading https://repo.maven.apache.org/maven2/org/jetbrains/kotlin/kotlin-bom/1.9.25/kotlin-bom-1.9.25.pom
2025-06-02 11:32:45,884 [Worker-11: Update Maven projects configuration] INFO  o.e.m.c.i.e.AbstractTransferListenerAdapter - Downloaded https://repo.maven.apache.org/maven2/org/jetbrains/kotlin/kotlin-bom/1.9.25/kotlin-bom-1.9.25.pom
2025-06-02 11:32:45,963 [Worker-11: Update Maven projects configuration] INFO  o.e.m.c.i.e.AbstractTransferListenerAdapter - Downloading https://repo.maven.apache.org/maven2/org/jetbrains/kotlinx/kotlinx-coroutines-bom/1.8.1/kotlinx-coroutines-bom-1.8.1.pom
2025-06-02 11:32:46,009 [Worker-11: Update Maven projects configuration] INFO  o.e.m.c.i.e.AbstractTransferListenerAdapter - Downloaded https://repo.maven.apache.org/maven2/org/jetbrains/kotlinx/kotlinx-coroutines-bom/1.8.1/kotlinx-coroutines-bom-1.8.1.pom
2025-06-02 11:32:46,077 [Worker-11: Update Maven projects configuration] INFO  o.e.m.c.i.e.AbstractTransferListenerAdapter - Downloading https://repo.maven.apache.org/maven2/org/jetbrains/kotlinx/kotlinx-serialization-bom/1.6.3/kotlinx-serialization-bom-1.6.3.pom
2025-06-02 11:32:46,122 [Worker-11: Update Maven projects configuration] INFO  o.e.m.c.i.e.AbstractTransferListenerAdapter - Downloaded https://repo.maven.apache.org/maven2/org/jetbrains/kotlinx/kotlinx-serialization-bom/1.6.3/kotlinx-serialization-bom-1.6.3.pom
2025-06-02 11:32:46,207 [Worker-11: Update Maven projects configuration] INFO  o.e.m.c.i.e.AbstractTransferListenerAdapter - Downloading https://repo.maven.apache.org/maven2/org/apache/logging/log4j/log4j-bom/2.24.3/log4j-bom-2.24.3.pom
2025-06-02 11:32:46,269 [Worker-11: Update Maven projects configuration] INFO  o.e.m.c.i.e.AbstractTransferListenerAdapter - Downloaded https://repo.maven.apache.org/maven2/org/apache/logging/log4j/log4j-bom/2.24.3/log4j-bom-2.24.3.pom
2025-06-02 11:32:46,342 [Worker-11: Update Maven projects configuration] INFO  o.e.m.c.i.e.AbstractTransferListenerAdapter - Downloading https://repo.maven.apache.org/maven2/org/apache/logging/logging-parent/11.3.0/logging-parent-11.3.0.pom
2025-06-02 11:32:46,477 [Worker-11: Update Maven projects configuration] INFO  o.e.m.c.i.e.AbstractTransferListenerAdapter - Downloaded https://repo.maven.apache.org/maven2/org/apache/logging/logging-parent/11.3.0/logging-parent-11.3.0.pom
2025-06-02 11:32:46,580 [Worker-11: Update Maven projects configuration] INFO  o.e.m.c.i.e.AbstractTransferListenerAdapter - Downloading https://repo.maven.apache.org/maven2/io/micrometer/micrometer-bom/1.15.0/micrometer-bom-1.15.0.pom
2025-06-02 11:32:46,637 [Worker-11: Update Maven projects configuration] INFO  o.e.m.c.i.e.AbstractTransferListenerAdapter - Downloaded https://repo.maven.apache.org/maven2/io/micrometer/micrometer-bom/1.15.0/micrometer-bom-1.15.0.pom
2025-06-02 11:32:46,715 [Worker-11: Update Maven projects configuration] INFO  o.e.m.c.i.e.AbstractTransferListenerAdapter - Downloading https://repo.maven.apache.org/maven2/io/micrometer/micrometer-tracing-bom/1.5.0/micrometer-tracing-bom-1.5.0.pom
2025-06-02 11:32:46,755 [Worker-11: Update Maven projects configuration] INFO  o.e.m.c.i.e.AbstractTransferListenerAdapter - Downloaded https://repo.maven.apache.org/maven2/io/micrometer/micrometer-tracing-bom/1.5.0/micrometer-tracing-bom-1.5.0.pom
2025-06-02 11:32:46,832 [Worker-11: Update Maven projects configuration] INFO  o.e.m.c.i.e.AbstractTransferListenerAdapter - Downloading https://repo.maven.apache.org/maven2/org/mockito/mockito-bom/5.17.0/mockito-bom-5.17.0.pom
2025-06-02 11:32:46,880 [Worker-11: Update Maven projects configuration] INFO  o.e.m.c.i.e.AbstractTransferListenerAdapter - Downloaded https://repo.maven.apache.org/maven2/org/mockito/mockito-bom/5.17.0/mockito-bom-5.17.0.pom
2025-06-02 11:32:46,969 [Worker-11: Update Maven projects configuration] INFO  o.e.m.c.i.e.AbstractTransferListenerAdapter - Downloading https://repo.maven.apache.org/maven2/org/mongodb/mongodb-driver-bom/5.4.0/mongodb-driver-bom-5.4.0.pom
2025-06-02 11:32:47,017 [Worker-11: Update Maven projects configuration] INFO  o.e.m.c.i.e.AbstractTransferListenerAdapter - Downloaded https://repo.maven.apache.org/maven2/org/mongodb/mongodb-driver-bom/5.4.0/mongodb-driver-bom-5.4.0.pom
2025-06-02 11:32:47,089 [Worker-11: Update Maven projects configuration] INFO  o.e.m.c.i.e.AbstractTransferListenerAdapter - Downloading https://repo.maven.apache.org/maven2/io/netty/netty-bom/4.1.121.Final/netty-bom-4.1.121.Final.pom
2025-06-02 11:32:47,129 [Worker-11: Update Maven projects configuration] INFO  o.e.m.c.i.e.AbstractTransferListenerAdapter - Downloaded https://repo.maven.apache.org/maven2/io/netty/netty-bom/4.1.121.Final/netty-bom-4.1.121.Final.pom
2025-06-02 11:32:47,211 [Worker-11: Update Maven projects configuration] INFO  o.e.m.c.i.e.AbstractTransferListenerAdapter - Downloading https://repo.maven.apache.org/maven2/org/sonatype/oss/oss-parent/7/oss-parent-7.pom
2025-06-02 11:32:47,262 [Worker-11: Update Maven projects configuration] INFO  o.e.m.c.i.e.AbstractTransferListenerAdapter - Downloaded https://repo.maven.apache.org/maven2/org/sonatype/oss/oss-parent/7/oss-parent-7.pom
2025-06-02 11:32:47,340 [Worker-11: Update Maven projects configuration] INFO  o.e.m.c.i.e.AbstractTransferListenerAdapter - Downloading https://repo.maven.apache.org/maven2/io/opentelemetry/opentelemetry-bom/1.49.0/opentelemetry-bom-1.49.0.pom
2025-06-02 11:32:47,384 [Worker-11: Update Maven projects configuration] INFO  o.e.m.c.i.e.AbstractTransferListenerAdapter - Downloaded https://repo.maven.apache.org/maven2/io/opentelemetry/opentelemetry-bom/1.49.0/opentelemetry-bom-1.49.0.pom
2025-06-02 11:32:47,457 [Worker-11: Update Maven projects configuration] INFO  o.e.m.c.i.e.AbstractTransferListenerAdapter - Downloading https://repo.maven.apache.org/maven2/io/prometheus/prometheus-metrics-bom/1.3.6/prometheus-metrics-bom-1.3.6.pom
2025-06-02 11:32:47,499 [Worker-11: Update Maven projects configuration] INFO  o.e.m.c.i.e.AbstractTransferListenerAdapter - Downloaded https://repo.maven.apache.org/maven2/io/prometheus/prometheus-metrics-bom/1.3.6/prometheus-metrics-bom-1.3.6.pom
2025-06-02 11:32:47,571 [Worker-11: Update Maven projects configuration] INFO  o.e.m.c.i.e.AbstractTransferListenerAdapter - Downloading https://repo.maven.apache.org/maven2/io/prometheus/client_java/1.3.6/client_java-1.3.6.pom
2025-06-02 11:32:47,619 [Worker-11: Update Maven projects configuration] INFO  o.e.m.c.i.e.AbstractTransferListenerAdapter - Downloaded https://repo.maven.apache.org/maven2/io/prometheus/client_java/1.3.6/client_java-1.3.6.pom
2025-06-02 11:32:47,708 [Worker-11: Update Maven projects configuration] INFO  o.e.m.c.i.e.AbstractTransferListenerAdapter - Downloading https://repo.maven.apache.org/maven2/io/prometheus/simpleclient_bom/0.16.0/simpleclient_bom-0.16.0.pom
2025-06-02 11:32:47,762 [Worker-11: Update Maven projects configuration] INFO  o.e.m.c.i.e.AbstractTransferListenerAdapter - Downloaded https://repo.maven.apache.org/maven2/io/prometheus/simpleclient_bom/0.16.0/simpleclient_bom-0.16.0.pom
2025-06-02 11:32:47,871 [Worker-11: Update Maven projects configuration] INFO  o.e.m.c.i.e.AbstractTransferListenerAdapter - Downloading https://repo.maven.apache.org/maven2/io/prometheus/parent/0.16.0/parent-0.16.0.pom
2025-06-02 11:32:47,933 [Worker-11: Update Maven projects configuration] INFO  o.e.m.c.i.e.AbstractTransferListenerAdapter - Downloaded https://repo.maven.apache.org/maven2/io/prometheus/parent/0.16.0/parent-0.16.0.pom
2025-06-02 11:32:48,034 [Worker-11: Update Maven projects configuration] INFO  o.e.m.c.i.e.AbstractTransferListenerAdapter - Downloading https://repo.maven.apache.org/maven2/org/apache/pulsar/pulsar-bom/4.0.4/pulsar-bom-4.0.4.pom
2025-06-02 11:32:48,099 [Worker-11: Update Maven projects configuration] INFO  o.e.m.c.i.e.AbstractTransferListenerAdapter - Downloaded https://repo.maven.apache.org/maven2/org/apache/pulsar/pulsar-bom/4.0.4/pulsar-bom-4.0.4.pom
2025-06-02 11:32:48,193 [Worker-11: Update Maven projects configuration] INFO  o.e.m.c.i.e.AbstractTransferListenerAdapter - Downloading https://repo.maven.apache.org/maven2/org/apache/apache/29/apache-29.pom
2025-06-02 11:32:48,259 [Worker-11: Update Maven projects configuration] INFO  o.e.m.c.i.e.AbstractTransferListenerAdapter - Downloaded https://repo.maven.apache.org/maven2/org/apache/apache/29/apache-29.pom
2025-06-02 11:32:48,356 [Worker-11: Update Maven projects configuration] INFO  o.e.m.c.i.e.AbstractTransferListenerAdapter - Downloading https://repo.maven.apache.org/maven2/org/apache/pulsar/pulsar-client-reactive-bom/0.6.0/pulsar-client-reactive-bom-0.6.0.pom
2025-06-02 11:32:48,404 [Worker-11: Update Maven projects configuration] INFO  o.e.m.c.i.e.AbstractTransferListenerAdapter - Downloaded https://repo.maven.apache.org/maven2/org/apache/pulsar/pulsar-client-reactive-bom/0.6.0/pulsar-client-reactive-bom-0.6.0.pom
2025-06-02 11:32:48,478 [Worker-11: Update Maven projects configuration] INFO  o.e.m.c.i.e.AbstractTransferListenerAdapter - Downloading https://repo.maven.apache.org/maven2/com/querydsl/querydsl-bom/5.1.0/querydsl-bom-5.1.0.pom
2025-06-02 11:32:48,524 [Worker-11: Update Maven projects configuration] INFO  o.e.m.c.i.e.AbstractTransferListenerAdapter - Downloaded https://repo.maven.apache.org/maven2/com/querydsl/querydsl-bom/5.1.0/querydsl-bom-5.1.0.pom
2025-06-02 11:32:48,597 [Worker-11: Update Maven projects configuration] INFO  o.e.m.c.i.e.AbstractTransferListenerAdapter - Downloading https://repo.maven.apache.org/maven2/io/projectreactor/reactor-bom/2024.0.6/reactor-bom-2024.0.6.pom
2025-06-02 11:32:48,647 [Worker-11: Update Maven projects configuration] INFO  o.e.m.c.i.e.AbstractTransferListenerAdapter - Downloaded https://repo.maven.apache.org/maven2/io/projectreactor/reactor-bom/2024.0.6/reactor-bom-2024.0.6.pom
2025-06-02 11:32:48,724 [Worker-11: Update Maven projects configuration] INFO  o.e.m.c.i.e.AbstractTransferListenerAdapter - Downloading https://repo.maven.apache.org/maven2/io/rest-assured/rest-assured-bom/5.5.2/rest-assured-bom-5.5.2.pom
2025-06-02 11:32:48,769 [Worker-11: Update Maven projects configuration] INFO  o.e.m.c.i.e.AbstractTransferListenerAdapter - Downloaded https://repo.maven.apache.org/maven2/io/rest-assured/rest-assured-bom/5.5.2/rest-assured-bom-5.5.2.pom
2025-06-02 11:32:48,828 [Worker-11: Update Maven projects configuration] INFO  o.e.m.c.i.e.AbstractTransferListenerAdapter - Downloading https://repo.maven.apache.org/maven2/io/rsocket/rsocket-bom/1.1.5/rsocket-bom-1.1.5.pom
2025-06-02 11:32:48,873 [Worker-11: Update Maven projects configuration] INFO  o.e.m.c.i.e.AbstractTransferListenerAdapter - Downloaded https://repo.maven.apache.org/maven2/io/rsocket/rsocket-bom/1.1.5/rsocket-bom-1.1.5.pom
2025-06-02 11:32:48,945 [Worker-11: Update Maven projects configuration] INFO  o.e.m.c.i.e.AbstractTransferListenerAdapter - Downloading https://repo.maven.apache.org/maven2/org/seleniumhq/selenium/selenium-bom/4.31.0/selenium-bom-4.31.0.pom
2025-06-02 11:32:48,984 [Worker-11: Update Maven projects configuration] INFO  o.e.m.c.i.e.AbstractTransferListenerAdapter - Downloaded https://repo.maven.apache.org/maven2/org/seleniumhq/selenium/selenium-bom/4.31.0/selenium-bom-4.31.0.pom
2025-06-02 11:32:49,053 [Worker-11: Update Maven projects configuration] INFO  o.e.m.c.i.e.AbstractTransferListenerAdapter - Downloading https://repo.maven.apache.org/maven2/org/springframework/amqp/spring-amqp-bom/3.2.5/spring-amqp-bom-3.2.5.pom
2025-06-02 11:32:49,099 [Worker-11: Update Maven projects configuration] INFO  o.e.m.c.i.e.AbstractTransferListenerAdapter - Downloaded https://repo.maven.apache.org/maven2/org/springframework/amqp/spring-amqp-bom/3.2.5/spring-amqp-bom-3.2.5.pom
2025-06-02 11:32:49,165 [Worker-11: Update Maven projects configuration] INFO  o.e.m.c.i.e.AbstractTransferListenerAdapter - Downloading https://repo.maven.apache.org/maven2/org/springframework/batch/spring-batch-bom/5.2.2/spring-batch-bom-5.2.2.pom
2025-06-02 11:32:49,219 [Worker-11: Update Maven projects configuration] INFO  o.e.m.c.i.e.AbstractTransferListenerAdapter - Downloaded https://repo.maven.apache.org/maven2/org/springframework/batch/spring-batch-bom/5.2.2/spring-batch-bom-5.2.2.pom
2025-06-02 11:32:49,284 [Worker-11: Update Maven projects configuration] INFO  o.e.m.c.i.e.AbstractTransferListenerAdapter - Downloading https://repo.maven.apache.org/maven2/org/springframework/data/spring-data-bom/2025.0.0/spring-data-bom-2025.0.0.pom
2025-06-02 11:32:49,331 [Worker-11: Update Maven projects configuration] INFO  o.e.m.c.i.e.AbstractTransferListenerAdapter - Downloaded https://repo.maven.apache.org/maven2/org/springframework/data/spring-data-bom/2025.0.0/spring-data-bom-2025.0.0.pom
2025-06-02 11:32:49,405 [Worker-11: Update Maven projects configuration] INFO  o.e.m.c.i.e.AbstractTransferListenerAdapter - Downloading https://repo.maven.apache.org/maven2/org/springframework/spring-framework-bom/6.2.7/spring-framework-bom-6.2.7.pom
2025-06-02 11:32:49,450 [Worker-11: Update Maven projects configuration] INFO  o.e.m.c.i.e.AbstractTransferListenerAdapter - Downloaded https://repo.maven.apache.org/maven2/org/springframework/spring-framework-bom/6.2.7/spring-framework-bom-6.2.7.pom
2025-06-02 11:32:49,524 [Worker-11: Update Maven projects configuration] INFO  o.e.m.c.i.e.AbstractTransferListenerAdapter - Downloading https://repo.maven.apache.org/maven2/org/springframework/integration/spring-integration-bom/6.5.0/spring-integration-bom-6.5.0.pom
2025-06-02 11:32:49,572 [Worker-11: Update Maven projects configuration] INFO  o.e.m.c.i.e.AbstractTransferListenerAdapter - Downloaded https://repo.maven.apache.org/maven2/org/springframework/integration/spring-integration-bom/6.5.0/spring-integration-bom-6.5.0.pom
2025-06-02 11:32:49,654 [Worker-11: Update Maven projects configuration] INFO  o.e.m.c.i.e.AbstractTransferListenerAdapter - Downloading https://repo.maven.apache.org/maven2/org/springframework/pulsar/spring-pulsar-bom/1.2.6/spring-pulsar-bom-1.2.6.pom
2025-06-02 11:32:49,695 [Worker-11: Update Maven projects configuration] INFO  o.e.m.c.i.e.AbstractTransferListenerAdapter - Downloaded https://repo.maven.apache.org/maven2/org/springframework/pulsar/spring-pulsar-bom/1.2.6/spring-pulsar-bom-1.2.6.pom
2025-06-02 11:32:49,773 [Worker-11: Update Maven projects configuration] INFO  o.e.m.c.i.e.AbstractTransferListenerAdapter - Downloading https://repo.maven.apache.org/maven2/org/springframework/restdocs/spring-restdocs-bom/3.0.3/spring-restdocs-bom-3.0.3.pom
2025-06-02 11:32:49,816 [Worker-11: Update Maven projects configuration] INFO  o.e.m.c.i.e.AbstractTransferListenerAdapter - Downloaded https://repo.maven.apache.org/maven2/org/springframework/restdocs/spring-restdocs-bom/3.0.3/spring-restdocs-bom-3.0.3.pom
2025-06-02 11:32:49,877 [Worker-11: Update Maven projects configuration] INFO  o.e.m.c.i.e.AbstractTransferListenerAdapter - Downloading https://repo.maven.apache.org/maven2/org/springframework/security/spring-security-bom/6.5.0/spring-security-bom-6.5.0.pom
2025-06-02 11:32:49,923 [Worker-11: Update Maven projects configuration] INFO  o.e.m.c.i.e.AbstractTransferListenerAdapter - Downloaded https://repo.maven.apache.org/maven2/org/springframework/security/spring-security-bom/6.5.0/spring-security-bom-6.5.0.pom
2025-06-02 11:32:50,044 [Worker-11: Update Maven projects configuration] INFO  o.e.m.c.i.e.AbstractTransferListenerAdapter - Downloading https://repo.maven.apache.org/maven2/org/springframework/session/spring-session-bom/3.5.0/spring-session-bom-3.5.0.pom
2025-06-02 11:32:50,086 [Worker-11: Update Maven projects configuration] INFO  o.e.m.c.i.e.AbstractTransferListenerAdapter - Downloaded https://repo.maven.apache.org/maven2/org/springframework/session/spring-session-bom/3.5.0/spring-session-bom-3.5.0.pom
2025-06-02 11:32:50,161 [Worker-11: Update Maven projects configuration] INFO  o.e.m.c.i.e.AbstractTransferListenerAdapter - Downloading https://repo.maven.apache.org/maven2/org/springframework/ws/spring-ws-bom/4.1.0/spring-ws-bom-4.1.0.pom
2025-06-02 11:32:50,208 [Worker-11: Update Maven projects configuration] INFO  o.e.m.c.i.e.AbstractTransferListenerAdapter - Downloaded https://repo.maven.apache.org/maven2/org/springframework/ws/spring-ws-bom/4.1.0/spring-ws-bom-4.1.0.pom
2025-06-02 11:32:50,309 [Worker-11: Update Maven projects configuration] INFO  o.e.m.c.i.e.AbstractTransferListenerAdapter - Downloading https://repo.maven.apache.org/maven2/org/testcontainers/testcontainers-bom/1.21.0/testcontainers-bom-1.21.0.pom
2025-06-02 11:32:50,350 [Worker-11: Update Maven projects configuration] INFO  o.e.m.c.i.e.AbstractTransferListenerAdapter - Downloaded https://repo.maven.apache.org/maven2/org/testcontainers/testcontainers-bom/1.21.0/testcontainers-bom-1.21.0.pom
2025-06-02 11:32:52,908 [Worker-11: Update Maven projects configuration] INFO  o.e.m.c.i.e.AbstractTransferListenerAdapter - Downloading https://repo.maven.apache.org/maven2/org/springframework/boot/spring-boot-maven-plugin/3.5.0/spring-boot-maven-plugin-3.5.0.pom
2025-06-02 11:32:52,952 [Worker-11: Update Maven projects configuration] INFO  o.e.m.c.i.e.AbstractTransferListenerAdapter - Downloaded https://repo.maven.apache.org/maven2/org/springframework/boot/spring-boot-maven-plugin/3.5.0/spring-boot-maven-plugin-3.5.0.pom
2025-06-02 11:32:53,044 [Worker-11: Update Maven projects configuration] INFO  o.e.m.c.i.e.AbstractTransferListenerAdapter - Downloading https://repo.maven.apache.org/maven2/org/springframework/boot/spring-boot-maven-plugin/3.5.0/spring-boot-maven-plugin-3.5.0.jar
2025-06-02 11:32:53,137 [Worker-11: Update Maven projects configuration] INFO  o.e.m.c.i.e.AbstractTransferListenerAdapter - Downloaded https://repo.maven.apache.org/maven2/org/springframework/boot/spring-boot-maven-plugin/3.5.0/spring-boot-maven-plugin-3.5.0.jar
2025-06-02 11:32:53,334 [Worker-11: Update Maven projects configuration] INFO  o.e.m.c.i.e.AbstractTransferListenerAdapter - Downloading https://repo.maven.apache.org/maven2/org/apache/maven/plugins/maven-clean-plugin/3.4.1/maven-clean-plugin-3.4.1.jar
2025-06-02 11:32:54,094 [Worker-11: Update Maven projects configuration] INFO  o.e.m.c.i.e.AbstractTransferListenerAdapter - Downloaded https://repo.maven.apache.org/maven2/org/apache/maven/plugins/maven-clean-plugin/3.4.1/maven-clean-plugin-3.4.1.jar
2025-06-02 11:32:54,572 [Worker-11: Update Maven projects configuration] INFO  o.e.m.c.i.e.AbstractTransferListenerAdapter - Downloading https://repo.maven.apache.org/maven2/org/apache/maven/plugins/maven-resources-plugin/3.3.1/maven-resources-plugin-3.3.1.jar
2025-06-02 11:32:55,059 [Worker-11: Update Maven projects configuration] INFO  o.e.m.c.i.e.AbstractTransferListenerAdapter - Downloaded https://repo.maven.apache.org/maven2/org/apache/maven/plugins/maven-resources-plugin/3.3.1/maven-resources-plugin-3.3.1.jar
2025-06-02 11:32:55,369 [Worker-11: Update Maven projects configuration] INFO  o.e.m.c.i.e.AbstractTransferListenerAdapter - Downloading https://repo.maven.apache.org/maven2/org/apache/maven/plugins/maven-compiler-plugin/3.14.0/maven-compiler-plugin-3.14.0.jar
2025-06-02 11:32:55,454 [Worker-11: Update Maven projects configuration] INFO  o.e.m.c.i.e.AbstractTransferListenerAdapter - Downloaded https://repo.maven.apache.org/maven2/org/apache/maven/plugins/maven-compiler-plugin/3.14.0/maven-compiler-plugin-3.14.0.jar
2025-06-02 11:32:55,585 [Worker-11: Update Maven projects configuration] INFO  o.e.m.c.i.e.AbstractTransferListenerAdapter - Downloading https://repo.maven.apache.org/maven2/org/apache/maven/plugins/maven-surefire-plugin/3.5.3/maven-surefire-plugin-3.5.3.jar
2025-06-02 11:32:55,960 [Worker-11: Update Maven projects configuration] INFO  o.e.m.c.i.e.AbstractTransferListenerAdapter - Downloaded https://repo.maven.apache.org/maven2/org/apache/maven/plugins/maven-surefire-plugin/3.5.3/maven-surefire-plugin-3.5.3.jar
2025-06-02 11:32:56,316 [Worker-11: Update Maven projects configuration] INFO  o.e.m.c.i.e.AbstractTransferListenerAdapter - Downloading https://repo.maven.apache.org/maven2/org/apache/maven/plugins/maven-jar-plugin/3.4.2/maven-jar-plugin-3.4.2.jar
2025-06-02 11:32:56,914 [Worker-11: Update Maven projects configuration] INFO  o.e.m.c.i.e.AbstractTransferListenerAdapter - Downloaded https://repo.maven.apache.org/maven2/org/apache/maven/plugins/maven-jar-plugin/3.4.2/maven-jar-plugin-3.4.2.jar
2025-06-02 11:32:57,507 [Worker-11: Update Maven projects configuration] INFO  o.e.m.c.i.e.AbstractTransferListenerAdapter - Downloading https://repo.maven.apache.org/maven2/org/apache/maven/plugins/maven-install-plugin/3.1.4/maven-install-plugin-3.1.4.jar
2025-06-02 11:32:57,958 [Worker-11: Update Maven projects configuration] INFO  o.e.m.c.i.e.AbstractTransferListenerAdapter - Downloaded https://repo.maven.apache.org/maven2/org/apache/maven/plugins/maven-install-plugin/3.1.4/maven-install-plugin-3.1.4.jar
2025-06-02 11:32:58,231 [Worker-11: Update Maven projects configuration] INFO  o.e.m.c.i.e.AbstractTransferListenerAdapter - Downloading https://repo.maven.apache.org/maven2/org/apache/maven/plugins/maven-deploy-plugin/3.1.4/maven-deploy-plugin-3.1.4.jar
2025-06-02 11:32:58,858 [Worker-11: Update Maven projects configuration] INFO  o.e.m.c.i.e.AbstractTransferListenerAdapter - Downloaded https://repo.maven.apache.org/maven2/org/apache/maven/plugins/maven-deploy-plugin/3.1.4/maven-deploy-plugin-3.1.4.jar
2025-06-02 11:32:59,234 [Worker-11: Update Maven projects configuration] INFO  o.e.m.c.i.e.AbstractTransferListenerAdapter - Downloading https://repo.maven.apache.org/maven2/org/apache/maven/plugins/maven-site-plugin/3.12.1/maven-site-plugin-3.12.1.jar
2025-06-02 11:32:59,311 [Worker-11: Update Maven projects configuration] INFO  o.e.m.c.i.e.AbstractTransferListenerAdapter - Downloaded https://repo.maven.apache.org/maven2/org/apache/maven/plugins/maven-site-plugin/3.12.1/maven-site-plugin-3.12.1.jar
2025-06-02 11:32:59,455 [Worker-11: Update Maven projects configuration] INFO  o.e.m.c.i.e.AbstractTransferListenerAdapter - Downloading https://repo.maven.apache.org/maven2/org/apache/maven/plugins/maven-compiler-plugin/3.14.0/maven-compiler-plugin-3.14.0.pom
2025-06-02 11:32:59,516 [Worker-11: Update Maven projects configuration] INFO  o.e.m.c.i.e.AbstractTransferListenerAdapter - Downloaded https://repo.maven.apache.org/maven2/org/apache/maven/plugins/maven-compiler-plugin/3.14.0/maven-compiler-plugin-3.14.0.pom
2025-06-02 11:32:59,600 [Worker-11: Update Maven projects configuration] INFO  o.e.m.c.i.e.AbstractTransferListenerAdapter - Downloading https://repo.maven.apache.org/maven2/org/apache/maven/plugins/maven-plugins/43/maven-plugins-43.pom
2025-06-02 11:32:59,645 [Worker-11: Update Maven projects configuration] INFO  o.e.m.c.i.e.AbstractTransferListenerAdapter - Downloaded https://repo.maven.apache.org/maven2/org/apache/maven/plugins/maven-plugins/43/maven-plugins-43.pom
2025-06-02 11:32:59,715 [Worker-11: Update Maven projects configuration] INFO  o.e.m.c.i.e.AbstractTransferListenerAdapter - Downloading https://repo.maven.apache.org/maven2/org/apache/maven/maven-parent/43/maven-parent-43.pom
2025-06-02 11:32:59,763 [Worker-11: Update Maven projects configuration] INFO  o.e.m.c.i.e.AbstractTransferListenerAdapter - Downloaded https://repo.maven.apache.org/maven2/org/apache/maven/maven-parent/43/maven-parent-43.pom
2025-06-02 11:32:59,870 [Worker-11: Update Maven projects configuration] INFO  o.e.m.c.i.e.AbstractTransferListenerAdapter - Downloading https://repo.maven.apache.org/maven2/org/junit/junit-bom/5.10.3/junit-bom-5.10.3.pom
2025-06-02 11:32:59,911 [Worker-11: Update Maven projects configuration] INFO  o.e.m.c.i.e.AbstractTransferListenerAdapter - Downloaded https://repo.maven.apache.org/maven2/org/junit/junit-bom/5.10.3/junit-bom-5.10.3.pom
2025-06-02 11:33:00,077 [Worker-11: Update Maven projects configuration] INFO  o.e.m.c.i.e.AbstractTransferListenerAdapter - Downloading https://repo.maven.apache.org/maven2/org/apache/maven/shared/maven-shared-utils/3.4.2/maven-shared-utils-3.4.2.pom
2025-06-02 11:33:00,121 [Worker-11: Update Maven projects configuration] INFO  o.e.m.c.i.e.AbstractTransferListenerAdapter - Downloaded https://repo.maven.apache.org/maven2/org/apache/maven/shared/maven-shared-utils/3.4.2/maven-shared-utils-3.4.2.pom
2025-06-02 11:33:00,217 [Worker-11: Update Maven projects configuration] INFO  o.e.m.c.i.e.AbstractTransferListenerAdapter - Downloading https://repo.maven.apache.org/maven2/org/apache/maven/shared/maven-shared-components/39/maven-shared-components-39.pom
2025-06-02 11:33:00,263 [Worker-11: Update Maven projects configuration] INFO  o.e.m.c.i.e.AbstractTransferListenerAdapter - Downloaded https://repo.maven.apache.org/maven2/org/apache/maven/shared/maven-shared-components/39/maven-shared-components-39.pom
2025-06-02 11:33:00,349 [Worker-11: Update Maven projects configuration] INFO  o.e.m.c.i.e.AbstractTransferListenerAdapter - Downloading https://repo.maven.apache.org/maven2/org/apache/maven/maven-parent/39/maven-parent-39.pom
2025-06-02 11:33:00,405 [Worker-11: Update Maven projects configuration] INFO  o.e.m.c.i.e.AbstractTransferListenerAdapter - Downloaded https://repo.maven.apache.org/maven2/org/apache/maven/maven-parent/39/maven-parent-39.pom
2025-06-02 11:33:00,510 [Worker-11: Update Maven projects configuration] INFO  o.e.m.c.i.e.AbstractTransferListenerAdapter - Downloading https://repo.maven.apache.org/maven2/org/slf4j/slf4j-api/1.7.36/slf4j-api-1.7.36.pom
2025-06-02 11:33:00,559 [Worker-11: Update Maven projects configuration] INFO  o.e.m.c.i.e.AbstractTransferListenerAdapter - Downloaded https://repo.maven.apache.org/maven2/org/slf4j/slf4j-api/1.7.36/slf4j-api-1.7.36.pom
2025-06-02 11:33:00,642 [Worker-11: Update Maven projects configuration] INFO  o.e.m.c.i.e.AbstractTransferListenerAdapter - Downloading https://repo.maven.apache.org/maven2/org/slf4j/slf4j-parent/1.7.36/slf4j-parent-1.7.36.pom
2025-06-02 11:33:00,699 [Worker-11: Update Maven projects configuration] INFO  o.e.m.c.i.e.AbstractTransferListenerAdapter - Downloaded https://repo.maven.apache.org/maven2/org/slf4j/slf4j-parent/1.7.36/slf4j-parent-1.7.36.pom
2025-06-02 11:33:00,811 [Worker-11: Update Maven projects configuration] INFO  o.e.m.c.i.e.AbstractTransferListenerAdapter - Downloading https://repo.maven.apache.org/maven2/commons-io/commons-io/2.11.0/commons-io-2.11.0.pom
2025-06-02 11:33:00,863 [Worker-11: Update Maven projects configuration] INFO  o.e.m.c.i.e.AbstractTransferListenerAdapter - Downloaded https://repo.maven.apache.org/maven2/commons-io/commons-io/2.11.0/commons-io-2.11.0.pom
2025-06-02 11:33:00,963 [Worker-11: Update Maven projects configuration] INFO  o.e.m.c.i.e.AbstractTransferListenerAdapter - Downloading https://repo.maven.apache.org/maven2/org/apache/commons/commons-parent/52/commons-parent-52.pom
2025-06-02 11:33:01,034 [Worker-11: Update Maven projects configuration] INFO  o.e.m.c.i.e.AbstractTransferListenerAdapter - Downloaded https://repo.maven.apache.org/maven2/org/apache/commons/commons-parent/52/commons-parent-52.pom
2025-06-02 11:33:01,143 [Worker-11: Update Maven projects configuration] INFO  o.e.m.c.i.e.AbstractTransferListenerAdapter - Downloading https://repo.maven.apache.org/maven2/org/apache/apache/23/apache-23.pom
2025-06-02 11:33:01,194 [Worker-11: Update Maven projects configuration] INFO  o.e.m.c.i.e.AbstractTransferListenerAdapter - Downloaded https://repo.maven.apache.org/maven2/org/apache/apache/23/apache-23.pom
2025-06-02 11:33:01,279 [Worker-11: Update Maven projects configuration] INFO  o.e.m.c.i.e.AbstractTransferListenerAdapter - Downloading https://repo.maven.apache.org/maven2/org/junit/junit-bom/5.7.2/junit-bom-5.7.2.pom
2025-06-02 11:33:01,325 [Worker-11: Update Maven projects configuration] INFO  o.e.m.c.i.e.AbstractTransferListenerAdapter - Downloaded https://repo.maven.apache.org/maven2/org/junit/junit-bom/5.7.2/junit-bom-5.7.2.pom
2025-06-02 11:33:01,414 [Worker-11: Update Maven projects configuration] INFO  o.e.m.c.i.e.AbstractTransferListenerAdapter - Downloading https://repo.maven.apache.org/maven2/org/apache/maven/shared/maven-shared-incremental/1.1/maven-shared-incremental-1.1.pom
2025-06-02 11:33:01,481 [Worker-11: Update Maven projects configuration] INFO  o.e.m.c.i.e.AbstractTransferListenerAdapter - Downloaded https://repo.maven.apache.org/maven2/org/apache/maven/shared/maven-shared-incremental/1.1/maven-shared-incremental-1.1.pom
2025-06-02 11:33:01,580 [Worker-11: Update Maven projects configuration] INFO  o.e.m.c.i.e.AbstractTransferListenerAdapter - Downloading https://repo.maven.apache.org/maven2/org/apache/maven/shared/maven-shared-components/19/maven-shared-components-19.pom
2025-06-02 11:33:01,644 [Worker-11: Update Maven projects configuration] INFO  o.e.m.c.i.e.AbstractTransferListenerAdapter - Downloaded https://repo.maven.apache.org/maven2/org/apache/maven/shared/maven-shared-components/19/maven-shared-components-19.pom
2025-06-02 11:33:01,747 [Worker-11: Update Maven projects configuration] INFO  o.e.m.c.i.e.AbstractTransferListenerAdapter - Downloading https://repo.maven.apache.org/maven2/org/apache/maven/maven-parent/23/maven-parent-23.pom
2025-06-02 11:33:01,808 [Worker-11: Update Maven projects configuration] INFO  o.e.m.c.i.e.AbstractTransferListenerAdapter - Downloaded https://repo.maven.apache.org/maven2/org/apache/maven/maven-parent/23/maven-parent-23.pom
2025-06-02 11:33:01,912 [Worker-11: Update Maven projects configuration] INFO  o.e.m.c.i.e.AbstractTransferListenerAdapter - Downloading https://repo.maven.apache.org/maven2/org/apache/apache/13/apache-13.pom
2025-06-02 11:33:01,983 [Worker-11: Update Maven projects configuration] INFO  o.e.m.c.i.e.AbstractTransferListenerAdapter - Downloaded https://repo.maven.apache.org/maven2/org/apache/apache/13/apache-13.pom
2025-06-02 11:33:02,093 [Worker-11: Update Maven projects configuration] INFO  o.e.m.c.i.e.AbstractTransferListenerAdapter - Downloading https://repo.maven.apache.org/maven2/org/codehaus/plexus/plexus-java/1.4.0/plexus-java-1.4.0.pom
2025-06-02 11:33:02,141 [Worker-11: Update Maven projects configuration] INFO  o.e.m.c.i.e.AbstractTransferListenerAdapter - Downloaded https://repo.maven.apache.org/maven2/org/codehaus/plexus/plexus-java/1.4.0/plexus-java-1.4.0.pom
2025-06-02 11:33:02,231 [Worker-11: Update Maven projects configuration] INFO  o.e.m.c.i.e.AbstractTransferListenerAdapter - Downloading https://repo.maven.apache.org/maven2/org/codehaus/plexus/plexus-languages/1.4.0/plexus-languages-1.4.0.pom
2025-06-02 11:33:02,287 [Worker-11: Update Maven projects configuration] INFO  o.e.m.c.i.e.AbstractTransferListenerAdapter - Downloaded https://repo.maven.apache.org/maven2/org/codehaus/plexus/plexus-languages/1.4.0/plexus-languages-1.4.0.pom
2025-06-02 11:33:02,372 [Worker-11: Update Maven projects configuration] INFO  o.e.m.c.i.e.AbstractTransferListenerAdapter - Downloading https://repo.maven.apache.org/maven2/org/codehaus/plexus/plexus/20/plexus-20.pom
2025-06-02 11:33:02,420 [Worker-11: Update Maven projects configuration] INFO  o.e.m.c.i.e.AbstractTransferListenerAdapter - Downloaded https://repo.maven.apache.org/maven2/org/codehaus/plexus/plexus/20/plexus-20.pom
2025-06-02 11:33:02,517 [Worker-11: Update Maven projects configuration] INFO  o.e.m.c.i.e.AbstractTransferListenerAdapter - Downloading https://repo.maven.apache.org/maven2/org/junit/junit-bom/5.11.4/junit-bom-5.11.4.pom
2025-06-02 11:33:02,558 [Worker-11: Update Maven projects configuration] INFO  o.e.m.c.i.e.AbstractTransferListenerAdapter - Downloaded https://repo.maven.apache.org/maven2/org/junit/junit-bom/5.11.4/junit-bom-5.11.4.pom
2025-06-02 11:33:02,674 [Worker-11: Update Maven projects configuration] INFO  o.e.m.c.i.e.AbstractTransferListenerAdapter - Downloading https://repo.maven.apache.org/maven2/org/ow2/asm/asm/9.7.1/asm-9.7.1.pom
2025-06-02 11:33:02,718 [Worker-11: Update Maven projects configuration] INFO  o.e.m.c.i.e.AbstractTransferListenerAdapter - Downloaded https://repo.maven.apache.org/maven2/org/ow2/asm/asm/9.7.1/asm-9.7.1.pom
2025-06-02 11:33:02,813 [Worker-11: Update Maven projects configuration] INFO  o.e.m.c.i.e.AbstractTransferListenerAdapter - Downloading https://repo.maven.apache.org/maven2/org/ow2/ow2/1.5.1/ow2-1.5.1.pom
2025-06-02 11:33:02,904 [Worker-11: Update Maven projects configuration] INFO  o.e.m.c.i.e.AbstractTransferListenerAdapter - Downloaded https://repo.maven.apache.org/maven2/org/ow2/ow2/1.5.1/ow2-1.5.1.pom
2025-06-02 11:33:03,014 [Worker-11: Update Maven projects configuration] INFO  o.e.m.c.i.e.AbstractTransferListenerAdapter - Downloading https://repo.maven.apache.org/maven2/com/thoughtworks/qdox/qdox/2.2.0/qdox-2.2.0.pom
2025-06-02 11:33:03,075 [Worker-11: Update Maven projects configuration] INFO  o.e.m.c.i.e.AbstractTransferListenerAdapter - Downloaded https://repo.maven.apache.org/maven2/com/thoughtworks/qdox/qdox/2.2.0/qdox-2.2.0.pom
2025-06-02 11:33:03,180 [Worker-11: Update Maven projects configuration] INFO  o.e.m.c.i.e.AbstractTransferListenerAdapter - Downloading https://repo.maven.apache.org/maven2/org/sonatype/oss/oss-parent/9/oss-parent-9.pom
2025-06-02 11:33:03,236 [Worker-11: Update Maven projects configuration] INFO  o.e.m.c.i.e.AbstractTransferListenerAdapter - Downloaded https://repo.maven.apache.org/maven2/org/sonatype/oss/oss-parent/9/oss-parent-9.pom
2025-06-02 11:33:03,348 [Worker-11: Update Maven projects configuration] INFO  o.e.m.c.i.e.AbstractTransferListenerAdapter - Downloading https://repo.maven.apache.org/maven2/org/codehaus/plexus/plexus-compiler-api/2.15.0/plexus-compiler-api-2.15.0.pom
2025-06-02 11:33:03,392 [Worker-11: Update Maven projects configuration] INFO  o.e.m.c.i.e.AbstractTransferListenerAdapter - Downloaded https://repo.maven.apache.org/maven2/org/codehaus/plexus/plexus-compiler-api/2.15.0/plexus-compiler-api-2.15.0.pom
2025-06-02 11:33:03,453 [Worker-11: Update Maven projects configuration] INFO  o.e.m.c.i.e.AbstractTransferListenerAdapter - Downloading https://repo.maven.apache.org/maven2/org/codehaus/plexus/plexus-compiler/2.15.0/plexus-compiler-2.15.0.pom
2025-06-02 11:33:03,531 [Worker-11: Update Maven projects configuration] INFO  o.e.m.c.i.e.AbstractTransferListenerAdapter - Downloaded https://repo.maven.apache.org/maven2/org/codehaus/plexus/plexus-compiler/2.15.0/plexus-compiler-2.15.0.pom
2025-06-02 11:33:03,594 [Worker-11: Update Maven projects configuration] INFO  o.e.m.c.i.e.AbstractTransferListenerAdapter - Downloading https://repo.maven.apache.org/maven2/org/codehaus/plexus/plexus/17/plexus-17.pom
2025-06-02 11:33:03,652 [Worker-11: Update Maven projects configuration] INFO  o.e.m.c.i.e.AbstractTransferListenerAdapter - Downloaded https://repo.maven.apache.org/maven2/org/codehaus/plexus/plexus/17/plexus-17.pom
2025-06-02 11:33:03,831 [Worker-11: Update Maven projects configuration] INFO  o.e.m.c.i.e.AbstractTransferListenerAdapter - Downloading https://repo.maven.apache.org/maven2/org/junit/junit-bom/5.10.2/junit-bom-5.10.2.pom
2025-06-02 11:33:03,897 [Worker-11: Update Maven projects configuration] INFO  o.e.m.c.i.e.AbstractTransferListenerAdapter - Downloaded https://repo.maven.apache.org/maven2/org/junit/junit-bom/5.10.2/junit-bom-5.10.2.pom
2025-06-02 11:33:03,977 [Worker-11: Update Maven projects configuration] INFO  o.e.m.c.i.e.AbstractTransferListenerAdapter - Downloading https://repo.maven.apache.org/maven2/org/codehaus/plexus/plexus-utils/4.0.1/plexus-utils-4.0.1.pom
2025-06-02 11:33:04,024 [Worker-11: Update Maven projects configuration] INFO  o.e.m.c.i.e.AbstractTransferListenerAdapter - Downloaded https://repo.maven.apache.org/maven2/org/codehaus/plexus/plexus-utils/4.0.1/plexus-utils-4.0.1.pom
2025-06-02 11:33:04,106 [Worker-11: Update Maven projects configuration] INFO  o.e.m.c.i.e.AbstractTransferListenerAdapter - Downloading https://repo.maven.apache.org/maven2/org/codehaus/plexus/plexus-compiler-manager/2.15.0/plexus-compiler-manager-2.15.0.pom
2025-06-02 11:33:04,143 [Worker-11: Update Maven projects configuration] INFO  o.e.m.c.i.e.AbstractTransferListenerAdapter - Downloaded https://repo.maven.apache.org/maven2/org/codehaus/plexus/plexus-compiler-manager/2.15.0/plexus-compiler-manager-2.15.0.pom
2025-06-02 11:33:04,213 [Worker-11: Update Maven projects configuration] INFO  o.e.m.c.i.e.AbstractTransferListenerAdapter - Downloading https://repo.maven.apache.org/maven2/javax/inject/javax.inject/1/javax.inject-1.pom
2025-06-02 11:33:04,252 [Worker-11: Update Maven projects configuration] INFO  o.e.m.c.i.e.AbstractTransferListenerAdapter - Downloaded https://repo.maven.apache.org/maven2/javax/inject/javax.inject/1/javax.inject-1.pom
2025-06-02 11:33:04,315 [Worker-11: Update Maven projects configuration] INFO  o.e.m.c.i.e.AbstractTransferListenerAdapter - Downloading https://repo.maven.apache.org/maven2/org/codehaus/plexus/plexus-xml/3.0.1/plexus-xml-3.0.1.pom
2025-06-02 11:33:04,362 [Worker-11: Update Maven projects configuration] INFO  o.e.m.c.i.e.AbstractTransferListenerAdapter - Downloaded https://repo.maven.apache.org/maven2/org/codehaus/plexus/plexus-xml/3.0.1/plexus-xml-3.0.1.pom
2025-06-02 11:33:04,431 [Worker-11: Update Maven projects configuration] INFO  o.e.m.c.i.e.AbstractTransferListenerAdapter - Downloading https://repo.maven.apache.org/maven2/org/codehaus/plexus/plexus/18/plexus-18.pom
2025-06-02 11:33:04,477 [Worker-11: Update Maven projects configuration] INFO  o.e.m.c.i.e.AbstractTransferListenerAdapter - Downloaded https://repo.maven.apache.org/maven2/org/codehaus/plexus/plexus/18/plexus-18.pom
2025-06-02 11:33:04,563 [Worker-11: Update Maven projects configuration] INFO  o.e.m.c.i.e.AbstractTransferListenerAdapter - Downloading https://repo.maven.apache.org/maven2/org/codehaus/plexus/plexus-compiler-javac/2.15.0/plexus-compiler-javac-2.15.0.pom
2025-06-02 11:33:04,605 [Worker-11: Update Maven projects configuration] INFO  o.e.m.c.i.e.AbstractTransferListenerAdapter - Downloaded https://repo.maven.apache.org/maven2/org/codehaus/plexus/plexus-compiler-javac/2.15.0/plexus-compiler-javac-2.15.0.pom
2025-06-02 11:33:04,684 [Worker-11: Update Maven projects configuration] INFO  o.e.m.c.i.e.AbstractTransferListenerAdapter - Downloading https://repo.maven.apache.org/maven2/org/codehaus/plexus/plexus-compilers/2.15.0/plexus-compilers-2.15.0.pom
2025-06-02 11:33:04,727 [Worker-11: Update Maven projects configuration] INFO  o.e.m.c.i.e.AbstractTransferListenerAdapter - Downloaded https://repo.maven.apache.org/maven2/org/codehaus/plexus/plexus-compilers/2.15.0/plexus-compilers-2.15.0.pom
2025-06-02 11:33:04,876 [Worker-11: Update Maven projects configuration] INFO  o.e.m.c.i.e.AbstractTransferListenerAdapter - Downloading https://repo.maven.apache.org/maven2/org/apache/maven/shared/maven-shared-utils/3.4.2/maven-shared-utils-3.4.2.jar
2025-06-02 11:33:04,941 [Worker-11: Update Maven projects configuration] INFO  o.e.m.c.i.e.AbstractTransferListenerAdapter - Downloaded https://repo.maven.apache.org/maven2/org/apache/maven/shared/maven-shared-utils/3.4.2/maven-shared-utils-3.4.2.jar
2025-06-02 11:33:04,997 [BasicRepositoryConnector-repo.maven.apache.org-0-0] INFO  o.e.m.c.i.e.AbstractTransferListenerAdapter - Downloading https://repo.maven.apache.org/maven2/org/slf4j/slf4j-api/1.7.36/slf4j-api-1.7.36.jar
2025-06-02 11:33:05,161 [BasicRepositoryConnector-repo.maven.apache.org-0-1] INFO  o.e.m.c.i.e.AbstractTransferListenerAdapter - Downloading https://repo.maven.apache.org/maven2/commons-io/commons-io/2.11.0/commons-io-2.11.0.jar
2025-06-02 11:33:05,168 [BasicRepositoryConnector-repo.maven.apache.org-0-3] INFO  o.e.m.c.i.e.AbstractTransferListenerAdapter - Downloading https://repo.maven.apache.org/maven2/org/codehaus/plexus/plexus-java/1.4.0/plexus-java-1.4.0.jar
2025-06-02 11:33:05,183 [BasicRepositoryConnector-repo.maven.apache.org-0-4] INFO  o.e.m.c.i.e.AbstractTransferListenerAdapter - Downloading https://repo.maven.apache.org/maven2/org/ow2/asm/asm/9.7.1/asm-9.7.1.jar
2025-06-02 11:33:05,197 [BasicRepositoryConnector-repo.maven.apache.org-0-2] INFO  o.e.m.c.i.e.AbstractTransferListenerAdapter - Downloading https://repo.maven.apache.org/maven2/org/apache/maven/shared/maven-shared-incremental/1.1/maven-shared-incremental-1.1.jar
2025-06-02 11:33:05,446 [BasicRepositoryConnector-repo.maven.apache.org-0-4] INFO  o.e.m.c.i.e.AbstractTransferListenerAdapter - Downloaded https://repo.maven.apache.org/maven2/org/ow2/asm/asm/9.7.1/asm-9.7.1.jar
2025-06-02 11:33:05,482 [BasicRepositoryConnector-repo.maven.apache.org-0-3] INFO  o.e.m.c.i.e.AbstractTransferListenerAdapter - Downloaded https://repo.maven.apache.org/maven2/org/codehaus/plexus/plexus-java/1.4.0/plexus-java-1.4.0.jar
2025-06-02 11:33:05,528 [BasicRepositoryConnector-repo.maven.apache.org-0-4] INFO  o.e.m.c.i.e.AbstractTransferListenerAdapter - Downloading https://repo.maven.apache.org/maven2/com/thoughtworks/qdox/qdox/2.2.0/qdox-2.2.0.jar
2025-06-02 11:33:05,546 [BasicRepositoryConnector-repo.maven.apache.org-0-3] INFO  o.e.m.c.i.e.AbstractTransferListenerAdapter - Downloading https://repo.maven.apache.org/maven2/org/codehaus/plexus/plexus-compiler-api/2.15.0/plexus-compiler-api-2.15.0.jar
2025-06-02 11:33:05,647 [BasicRepositoryConnector-repo.maven.apache.org-0-4] INFO  o.e.m.c.i.e.AbstractTransferListenerAdapter - Downloaded https://repo.maven.apache.org/maven2/com/thoughtworks/qdox/qdox/2.2.0/qdox-2.2.0.jar
2025-06-02 11:33:05,667 [BasicRepositoryConnector-repo.maven.apache.org-0-1] INFO  o.e.m.c.i.e.AbstractTransferListenerAdapter - Downloaded https://repo.maven.apache.org/maven2/commons-io/commons-io/2.11.0/commons-io-2.11.0.jar
2025-06-02 11:33:05,692 [BasicRepositoryConnector-repo.maven.apache.org-0-4] INFO  o.e.m.c.i.e.AbstractTransferListenerAdapter - Downloading https://repo.maven.apache.org/maven2/org/codehaus/plexus/plexus-compiler-manager/2.15.0/plexus-compiler-manager-2.15.0.jar
2025-06-02 11:33:05,719 [BasicRepositoryConnector-repo.maven.apache.org-0-1] INFO  o.e.m.c.i.e.AbstractTransferListenerAdapter - Downloading https://repo.maven.apache.org/maven2/javax/inject/javax.inject/1/javax.inject-1.jar
2025-06-02 11:33:05,741 [BasicRepositoryConnector-repo.maven.apache.org-0-1] INFO  o.e.m.c.i.e.AbstractTransferListenerAdapter - Downloaded https://repo.maven.apache.org/maven2/javax/inject/javax.inject/1/javax.inject-1.jar
2025-06-02 11:33:05,794 [BasicRepositoryConnector-repo.maven.apache.org-0-1] INFO  o.e.m.c.i.e.AbstractTransferListenerAdapter - Downloading https://repo.maven.apache.org/maven2/org/codehaus/plexus/plexus-xml/3.0.1/plexus-xml-3.0.1.jar
2025-06-02 11:33:05,924 [BasicRepositoryConnector-repo.maven.apache.org-0-1] INFO  o.e.m.c.i.e.AbstractTransferListenerAdapter - Downloaded https://repo.maven.apache.org/maven2/org/codehaus/plexus/plexus-xml/3.0.1/plexus-xml-3.0.1.jar
2025-06-02 11:33:05,973 [BasicRepositoryConnector-repo.maven.apache.org-0-1] INFO  o.e.m.c.i.e.AbstractTransferListenerAdapter - Downloading https://repo.maven.apache.org/maven2/org/codehaus/plexus/plexus-compiler-javac/2.15.0/plexus-compiler-javac-2.15.0.jar
2025-06-02 11:33:06,505 [BasicRepositoryConnector-repo.maven.apache.org-0-2] INFO  o.e.m.c.i.e.AbstractTransferListenerAdapter - Downloaded https://repo.maven.apache.org/maven2/org/apache/maven/shared/maven-shared-incremental/1.1/maven-shared-incremental-1.1.jar
2025-06-02 11:33:06,523 [BasicRepositoryConnector-repo.maven.apache.org-0-3] INFO  o.e.m.c.i.e.AbstractTransferListenerAdapter - Downloaded https://repo.maven.apache.org/maven2/org/codehaus/plexus/plexus-compiler-api/2.15.0/plexus-compiler-api-2.15.0.jar
2025-06-02 11:33:06,580 [BasicRepositoryConnector-repo.maven.apache.org-0-3] INFO  o.e.m.c.i.e.AbstractTransferListenerAdapter - Downloading https://repo.maven.apache.org/maven2/org/codehaus/plexus/plexus-utils/4.0.1/plexus-utils-4.0.1.jar
2025-06-02 11:33:06,740 [BasicRepositoryConnector-repo.maven.apache.org-0-3] INFO  o.e.m.c.i.e.AbstractTransferListenerAdapter - Downloaded https://repo.maven.apache.org/maven2/org/codehaus/plexus/plexus-utils/4.0.1/plexus-utils-4.0.1.jar
2025-06-02 11:33:06,763 [BasicRepositoryConnector-repo.maven.apache.org-0-4] INFO  o.e.m.c.i.e.AbstractTransferListenerAdapter - Downloaded https://repo.maven.apache.org/maven2/org/codehaus/plexus/plexus-compiler-manager/2.15.0/plexus-compiler-manager-2.15.0.jar
2025-06-02 11:33:06,905 [BasicRepositoryConnector-repo.maven.apache.org-0-1] INFO  o.e.m.c.i.e.AbstractTransferListenerAdapter - Downloaded https://repo.maven.apache.org/maven2/org/codehaus/plexus/plexus-compiler-javac/2.15.0/plexus-compiler-javac-2.15.0.jar
2025-06-02 11:33:06,955 [BasicRepositoryConnector-repo.maven.apache.org-0-0] INFO  o.e.m.c.i.e.AbstractTransferListenerAdapter - Downloaded https://repo.maven.apache.org/maven2/org/slf4j/slf4j-api/1.7.36/slf4j-api-1.7.36.jar
2025-06-02 11:33:10,511 [Worker-11: Update Maven projects configuration] INFO  o.e.m.c.i.l.LifecycleMappingFactory - Using org.eclipse.m2e.jdt.JarLifecycleMapping lifecycle mapping for MavenProject: com.mx.Empleado:Empleado:0.0.1-SNAPSHOT @ C:\Users\antma\Desktop\curso_carpeta\semana3_Spring Boot y Angular\WorkSpace\Empleado\pom.xml.
2025-06-02 11:33:10,599 [Worker-11: Update Maven projects configuration] INFO  o.e.m.c.i.e.AbstractTransferListenerAdapter - Downloading https://repo.maven.apache.org/maven2/org/springframework/boot/spring-boot-starter-data-jdbc/3.5.0/spring-boot-starter-data-jdbc-3.5.0.pom
2025-06-02 11:33:10,643 [Worker-11: Update Maven projects configuration] INFO  o.e.m.c.i.e.AbstractTransferListenerAdapter - Downloaded https://repo.maven.apache.org/maven2/org/springframework/boot/spring-boot-starter-data-jdbc/3.5.0/spring-boot-starter-data-jdbc-3.5.0.pom
2025-06-02 11:33:10,731 [Worker-11: Update Maven projects configuration] INFO  o.e.m.c.i.e.AbstractTransferListenerAdapter - Downloading https://repo.maven.apache.org/maven2/org/springframework/boot/spring-boot-starter-jdbc/3.5.0/spring-boot-starter-jdbc-3.5.0.pom
2025-06-02 11:33:10,780 [Worker-11: Update Maven projects configuration] INFO  o.e.m.c.i.e.AbstractTransferListenerAdapter - Downloaded https://repo.maven.apache.org/maven2/org/springframework/boot/spring-boot-starter-jdbc/3.5.0/spring-boot-starter-jdbc-3.5.0.pom
2025-06-02 11:33:10,862 [Worker-11: Update Maven projects configuration] INFO  o.e.m.c.i.e.AbstractTransferListenerAdapter - Downloading https://repo.maven.apache.org/maven2/org/springframework/boot/spring-boot-starter/3.5.0/spring-boot-starter-3.5.0.pom
2025-06-02 11:33:10,926 [Worker-11: Update Maven projects configuration] INFO  o.e.m.c.i.e.AbstractTransferListenerAdapter - Downloaded https://repo.maven.apache.org/maven2/org/springframework/boot/spring-boot-starter/3.5.0/spring-boot-starter-3.5.0.pom
2025-06-02 11:33:11,004 [Worker-11: Update Maven projects configuration] INFO  o.e.m.c.i.e.AbstractTransferListenerAdapter - Downloading https://repo.maven.apache.org/maven2/org/springframework/boot/spring-boot/3.5.0/spring-boot-3.5.0.pom
2025-06-02 11:33:11,044 [Worker-11: Update Maven projects configuration] INFO  o.e.m.c.i.e.AbstractTransferListenerAdapter - Downloaded https://repo.maven.apache.org/maven2/org/springframework/boot/spring-boot/3.5.0/spring-boot-3.5.0.pom
2025-06-02 11:33:11,114 [Worker-11: Update Maven projects configuration] INFO  o.e.m.c.i.e.AbstractTransferListenerAdapter - Downloading https://repo.maven.apache.org/maven2/org/springframework/spring-core/6.2.7/spring-core-6.2.7.pom
2025-06-02 11:33:11,153 [Worker-11: Update Maven projects configuration] INFO  o.e.m.c.i.e.AbstractTransferListenerAdapter - Downloaded https://repo.maven.apache.org/maven2/org/springframework/spring-core/6.2.7/spring-core-6.2.7.pom
2025-06-02 11:33:11,218 [Worker-11: Update Maven projects configuration] INFO  o.e.m.c.i.e.AbstractTransferListenerAdapter - Downloading https://repo.maven.apache.org/maven2/org/springframework/spring-jcl/6.2.7/spring-jcl-6.2.7.pom
2025-06-02 11:33:11,258 [Worker-11: Update Maven projects configuration] INFO  o.e.m.c.i.e.AbstractTransferListenerAdapter - Downloaded https://repo.maven.apache.org/maven2/org/springframework/spring-jcl/6.2.7/spring-jcl-6.2.7.pom
2025-06-02 11:33:11,334 [Worker-11: Update Maven projects configuration] INFO  o.e.m.c.i.e.AbstractTransferListenerAdapter - Downloading https://repo.maven.apache.org/maven2/org/springframework/spring-context/6.2.7/spring-context-6.2.7.pom
2025-06-02 11:33:11,377 [Worker-11: Update Maven projects configuration] INFO  o.e.m.c.i.e.AbstractTransferListenerAdapter - Downloaded https://repo.maven.apache.org/maven2/org/springframework/spring-context/6.2.7/spring-context-6.2.7.pom
2025-06-02 11:33:11,458 [Worker-11: Update Maven projects configuration] INFO  o.e.m.c.i.e.AbstractTransferListenerAdapter - Downloading https://repo.maven.apache.org/maven2/org/springframework/spring-aop/6.2.7/spring-aop-6.2.7.pom
2025-06-02 11:33:11,521 [Worker-11: Update Maven projects configuration] INFO  o.e.m.c.i.e.AbstractTransferListenerAdapter - Downloaded https://repo.maven.apache.org/maven2/org/springframework/spring-aop/6.2.7/spring-aop-6.2.7.pom
2025-06-02 11:33:11,585 [Worker-11: Update Maven projects configuration] INFO  o.e.m.c.i.e.AbstractTransferListenerAdapter - Downloading https://repo.maven.apache.org/maven2/org/springframework/spring-beans/6.2.7/spring-beans-6.2.7.pom
2025-06-02 11:33:11,624 [Worker-11: Update Maven projects configuration] INFO  o.e.m.c.i.e.AbstractTransferListenerAdapter - Downloaded https://repo.maven.apache.org/maven2/org/springframework/spring-beans/6.2.7/spring-beans-6.2.7.pom
2025-06-02 11:33:11,706 [Worker-11: Update Maven projects configuration] INFO  o.e.m.c.i.e.AbstractTransferListenerAdapter - Downloading https://repo.maven.apache.org/maven2/org/springframework/spring-expression/6.2.7/spring-expression-6.2.7.pom
2025-06-02 11:33:11,755 [Worker-11: Update Maven projects configuration] INFO  o.e.m.c.i.e.AbstractTransferListenerAdapter - Downloaded https://repo.maven.apache.org/maven2/org/springframework/spring-expression/6.2.7/spring-expression-6.2.7.pom
2025-06-02 11:33:11,850 [Worker-11: Update Maven projects configuration] INFO  o.e.m.c.i.e.AbstractTransferListenerAdapter - Downloading https://repo.maven.apache.org/maven2/io/micrometer/micrometer-observation/1.15.0/micrometer-observation-1.15.0.pom
2025-06-02 11:33:11,899 [Worker-11: Update Maven projects configuration] INFO  o.e.m.c.i.e.AbstractTransferListenerAdapter - Downloaded https://repo.maven.apache.org/maven2/io/micrometer/micrometer-observation/1.15.0/micrometer-observation-1.15.0.pom
2025-06-02 11:33:11,988 [Worker-11: Update Maven projects configuration] INFO  o.e.m.c.i.e.AbstractTransferListenerAdapter - Downloading https://repo.maven.apache.org/maven2/io/micrometer/micrometer-commons/1.15.0/micrometer-commons-1.15.0.pom
2025-06-02 11:33:12,032 [Worker-11: Update Maven projects configuration] INFO  o.e.m.c.i.e.AbstractTransferListenerAdapter - Downloaded https://repo.maven.apache.org/maven2/io/micrometer/micrometer-commons/1.15.0/micrometer-commons-1.15.0.pom
2025-06-02 11:33:12,117 [Worker-11: Update Maven projects configuration] INFO  o.e.m.c.i.e.AbstractTransferListenerAdapter - Downloading https://repo.maven.apache.org/maven2/org/springframework/boot/spring-boot-autoconfigure/3.5.0/spring-boot-autoconfigure-3.5.0.pom
2025-06-02 11:33:12,156 [Worker-11: Update Maven projects configuration] INFO  o.e.m.c.i.e.AbstractTransferListenerAdapter - Downloaded https://repo.maven.apache.org/maven2/org/springframework/boot/spring-boot-autoconfigure/3.5.0/spring-boot-autoconfigure-3.5.0.pom
2025-06-02 11:33:12,222 [Worker-11: Update Maven projects configuration] INFO  o.e.m.c.i.e.AbstractTransferListenerAdapter - Downloading https://repo.maven.apache.org/maven2/org/springframework/boot/spring-boot-starter-logging/3.5.0/spring-boot-starter-logging-3.5.0.pom
2025-06-02 11:33:12,267 [Worker-11: Update Maven projects configuration] INFO  o.e.m.c.i.e.AbstractTransferListenerAdapter - Downloaded https://repo.maven.apache.org/maven2/org/springframework/boot/spring-boot-starter-logging/3.5.0/spring-boot-starter-logging-3.5.0.pom
2025-06-02 11:33:12,337 [Worker-11: Update Maven projects configuration] INFO  o.e.m.c.i.e.AbstractTransferListenerAdapter - Downloading https://repo.maven.apache.org/maven2/ch/qos/logback/logback-classic/1.5.18/logback-classic-1.5.18.pom
2025-06-02 11:33:12,385 [Worker-11: Update Maven projects configuration] INFO  o.e.m.c.i.e.AbstractTransferListenerAdapter - Downloaded https://repo.maven.apache.org/maven2/ch/qos/logback/logback-classic/1.5.18/logback-classic-1.5.18.pom
2025-06-02 11:33:12,465 [Worker-11: Update Maven projects configuration] INFO  o.e.m.c.i.e.AbstractTransferListenerAdapter - Downloading https://repo.maven.apache.org/maven2/ch/qos/logback/logback-parent/1.5.18/logback-parent-1.5.18.pom
2025-06-02 11:33:12,518 [Worker-11: Update Maven projects configuration] INFO  o.e.m.c.i.e.AbstractTransferListenerAdapter - Downloaded https://repo.maven.apache.org/maven2/ch/qos/logback/logback-parent/1.5.18/logback-parent-1.5.18.pom
2025-06-02 11:33:12,608 [Worker-11: Update Maven projects configuration] INFO  o.e.m.c.i.e.AbstractTransferListenerAdapter - Downloading https://repo.maven.apache.org/maven2/ch/qos/logback/logback-core/1.5.18/logback-core-1.5.18.pom
2025-06-02 11:33:12,658 [Worker-11: Update Maven projects configuration] INFO  o.e.m.c.i.e.AbstractTransferListenerAdapter - Downloaded https://repo.maven.apache.org/maven2/ch/qos/logback/logback-core/1.5.18/logback-core-1.5.18.pom
2025-06-02 11:33:12,766 [Worker-11: Update Maven projects configuration] INFO  o.e.m.c.i.e.AbstractTransferListenerAdapter - Downloading https://repo.maven.apache.org/maven2/org/slf4j/slf4j-api/2.0.17/slf4j-api-2.0.17.pom
2025-06-02 11:33:12,806 [Worker-11: Update Maven projects configuration] INFO  o.e.m.c.i.e.AbstractTransferListenerAdapter - Downloaded https://repo.maven.apache.org/maven2/org/slf4j/slf4j-api/2.0.17/slf4j-api-2.0.17.pom
2025-06-02 11:33:12,884 [Worker-11: Update Maven projects configuration] INFO  o.e.m.c.i.e.AbstractTransferListenerAdapter - Downloading https://repo.maven.apache.org/maven2/org/slf4j/slf4j-parent/2.0.17/slf4j-parent-2.0.17.pom
2025-06-02 11:33:12,952 [Worker-11: Update Maven projects configuration] INFO  o.e.m.c.i.e.AbstractTransferListenerAdapter - Downloaded https://repo.maven.apache.org/maven2/org/slf4j/slf4j-parent/2.0.17/slf4j-parent-2.0.17.pom
2025-06-02 11:33:13,031 [Worker-11: Update Maven projects configuration] INFO  o.e.m.c.i.e.AbstractTransferListenerAdapter - Downloading https://repo.maven.apache.org/maven2/org/slf4j/slf4j-bom/2.0.17/slf4j-bom-2.0.17.pom
2025-06-02 11:33:13,070 [Worker-11: Update Maven projects configuration] INFO  o.e.m.c.i.e.AbstractTransferListenerAdapter - Downloaded https://repo.maven.apache.org/maven2/org/slf4j/slf4j-bom/2.0.17/slf4j-bom-2.0.17.pom
2025-06-02 11:33:13,140 [Worker-11: Update Maven projects configuration] INFO  o.e.m.c.i.e.AbstractTransferListenerAdapter - Downloading https://repo.maven.apache.org/maven2/org/apache/logging/log4j/log4j-to-slf4j/2.24.3/log4j-to-slf4j-2.24.3.pom
2025-06-02 11:33:13,177 [Worker-11: Update Maven projects configuration] INFO  o.e.m.c.i.e.AbstractTransferListenerAdapter - Downloaded https://repo.maven.apache.org/maven2/org/apache/logging/log4j/log4j-to-slf4j/2.24.3/log4j-to-slf4j-2.24.3.pom
2025-06-02 11:33:13,246 [Worker-11: Update Maven projects configuration] INFO  o.e.m.c.i.e.AbstractTransferListenerAdapter - Downloading https://repo.maven.apache.org/maven2/org/apache/logging/log4j/log4j/2.24.3/log4j-2.24.3.pom
2025-06-02 11:33:13,337 [Worker-11: Update Maven projects configuration] INFO  o.e.m.c.i.e.AbstractTransferListenerAdapter - Downloaded https://repo.maven.apache.org/maven2/org/apache/logging/log4j/log4j/2.24.3/log4j-2.24.3.pom
2025-06-02 11:33:13,453 [Worker-11: Update Maven projects configuration] INFO  o.e.m.c.i.e.AbstractTransferListenerAdapter - Downloading https://repo.maven.apache.org/maven2/org/apache/groovy/groovy-bom/4.0.22/groovy-bom-4.0.22.pom
2025-06-02 11:33:13,509 [Worker-11: Update Maven projects configuration] INFO  o.e.m.c.i.e.AbstractTransferListenerAdapter - Downloaded https://repo.maven.apache.org/maven2/org/apache/groovy/groovy-bom/4.0.22/groovy-bom-4.0.22.pom
2025-06-02 11:33:13,592 [Worker-11: Update Maven projects configuration] INFO  o.e.m.c.i.e.AbstractTransferListenerAdapter - Downloading https://repo.maven.apache.org/maven2/com/fasterxml/jackson/jackson-bom/2.17.2/jackson-bom-2.17.2.pom
2025-06-02 11:33:13,636 [Worker-11: Update Maven projects configuration] INFO  o.e.m.c.i.e.AbstractTransferListenerAdapter - Downloaded https://repo.maven.apache.org/maven2/com/fasterxml/jackson/jackson-bom/2.17.2/jackson-bom-2.17.2.pom
2025-06-02 11:33:13,712 [Worker-11: Update Maven projects configuration] INFO  o.e.m.c.i.e.AbstractTransferListenerAdapter - Downloading https://repo.maven.apache.org/maven2/com/fasterxml/jackson/jackson-parent/2.17/jackson-parent-2.17.pom
2025-06-02 11:33:13,758 [Worker-11: Update Maven projects configuration] INFO  o.e.m.c.i.e.AbstractTransferListenerAdapter - Downloaded https://repo.maven.apache.org/maven2/com/fasterxml/jackson/jackson-parent/2.17/jackson-parent-2.17.pom
2025-06-02 11:33:13,818 [Worker-11: Update Maven projects configuration] INFO  o.e.m.c.i.e.AbstractTransferListenerAdapter - Downloading https://repo.maven.apache.org/maven2/com/fasterxml/oss-parent/58/oss-parent-58.pom
2025-06-02 11:33:13,862 [Worker-11: Update Maven projects configuration] INFO  o.e.m.c.i.e.AbstractTransferListenerAdapter - Downloaded https://repo.maven.apache.org/maven2/com/fasterxml/oss-parent/58/oss-parent-58.pom
2025-06-02 11:33:13,964 [Worker-11: Update Maven projects configuration] INFO  o.e.m.c.i.e.AbstractTransferListenerAdapter - Downloading https://repo.maven.apache.org/maven2/jakarta/platform/jakarta.jakartaee-bom/9.1.0/jakarta.jakartaee-bom-9.1.0.pom
2025-06-02 11:33:14,010 [Worker-11: Update Maven projects configuration] INFO  o.e.m.c.i.e.AbstractTransferListenerAdapter - Downloaded https://repo.maven.apache.org/maven2/jakarta/platform/jakarta.jakartaee-bom/9.1.0/jakarta.jakartaee-bom-9.1.0.pom
2025-06-02 11:33:14,084 [Worker-11: Update Maven projects configuration] INFO  o.e.m.c.i.e.AbstractTransferListenerAdapter - Downloading https://repo.maven.apache.org/maven2/jakarta/platform/jakartaee-api-parent/9.1.0/jakartaee-api-parent-9.1.0.pom
2025-06-02 11:33:14,133 [Worker-11: Update Maven projects configuration] INFO  o.e.m.c.i.e.AbstractTransferListenerAdapter - Downloaded https://repo.maven.apache.org/maven2/jakarta/platform/jakartaee-api-parent/9.1.0/jakartaee-api-parent-9.1.0.pom
2025-06-02 11:33:14,215 [Worker-11: Update Maven projects configuration] INFO  o.e.m.c.i.e.AbstractTransferListenerAdapter - Downloading https://repo.maven.apache.org/maven2/org/eclipse/ee4j/project/1.0.7/project-1.0.7.pom
2025-06-02 11:33:14,278 [Worker-11: Update Maven projects configuration] INFO  o.e.m.c.i.e.AbstractTransferListenerAdapter - Downloaded https://repo.maven.apache.org/maven2/org/eclipse/ee4j/project/1.0.7/project-1.0.7.pom
2025-06-02 11:33:14,356 [Worker-11: Update Maven projects configuration] INFO  o.e.m.c.i.e.AbstractTransferListenerAdapter - Downloading https://repo.maven.apache.org/maven2/org/mockito/mockito-bom/4.11.0/mockito-bom-4.11.0.pom
2025-06-02 11:33:14,394 [Worker-11: Update Maven projects configuration] INFO  o.e.m.c.i.e.AbstractTransferListenerAdapter - Downloaded https://repo.maven.apache.org/maven2/org/mockito/mockito-bom/4.11.0/mockito-bom-4.11.0.pom
2025-06-02 11:33:14,477 [Worker-11: Update Maven projects configuration] INFO  o.e.m.c.i.e.AbstractTransferListenerAdapter - Downloading https://repo.maven.apache.org/maven2/org/springframework/spring-framework-bom/5.3.39/spring-framework-bom-5.3.39.pom
2025-06-02 11:33:14,524 [Worker-11: Update Maven projects configuration] INFO  o.e.m.c.i.e.AbstractTransferListenerAdapter - Downloaded https://repo.maven.apache.org/maven2/org/springframework/spring-framework-bom/5.3.39/spring-framework-bom-5.3.39.pom
2025-06-02 11:33:14,586 [Worker-11: Update Maven projects configuration] INFO  o.e.m.c.i.e.AbstractTransferListenerAdapter - Downloading https://repo.maven.apache.org/maven2/org/apache/logging/log4j/log4j-api/2.24.3/log4j-api-2.24.3.pom
2025-06-02 11:33:14,627 [Worker-11: Update Maven projects configuration] INFO  o.e.m.c.i.e.AbstractTransferListenerAdapter - Downloaded https://repo.maven.apache.org/maven2/org/apache/logging/log4j/log4j-api/2.24.3/log4j-api-2.24.3.pom
2025-06-02 11:33:14,696 [Worker-11: Update Maven projects configuration] INFO  o.e.m.c.i.e.AbstractTransferListenerAdapter - Downloading https://repo.maven.apache.org/maven2/org/slf4j/jul-to-slf4j/2.0.17/jul-to-slf4j-2.0.17.pom
2025-06-02 11:33:14,730 [Worker-11: Update Maven projects configuration] INFO  o.e.m.c.i.e.AbstractTransferListenerAdapter - Downloaded https://repo.maven.apache.org/maven2/org/slf4j/jul-to-slf4j/2.0.17/jul-to-slf4j-2.0.17.pom
2025-06-02 11:33:14,822 [Worker-11: Update Maven projects configuration] INFO  o.e.m.c.i.e.AbstractTransferListenerAdapter - Downloading https://repo.maven.apache.org/maven2/jakarta/annotation/jakarta.annotation-api/2.1.1/jakarta.annotation-api-2.1.1.pom
2025-06-02 11:33:14,873 [Worker-11: Update Maven projects configuration] INFO  o.e.m.c.i.e.AbstractTransferListenerAdapter - Downloaded https://repo.maven.apache.org/maven2/jakarta/annotation/jakarta.annotation-api/2.1.1/jakarta.annotation-api-2.1.1.pom
2025-06-02 11:33:14,964 [Worker-11: Update Maven projects configuration] INFO  o.e.m.c.i.e.AbstractTransferListenerAdapter - Downloading https://repo.maven.apache.org/maven2/org/yaml/snakeyaml/2.4/snakeyaml-2.4.pom
2025-06-02 11:33:15,013 [Worker-11: Update Maven projects configuration] INFO  o.e.m.c.i.e.AbstractTransferListenerAdapter - Downloaded https://repo.maven.apache.org/maven2/org/yaml/snakeyaml/2.4/snakeyaml-2.4.pom
2025-06-02 11:33:15,099 [Worker-11: Update Maven projects configuration] INFO  o.e.m.c.i.e.AbstractTransferListenerAdapter - Downloading https://repo.maven.apache.org/maven2/com/zaxxer/HikariCP/6.3.0/HikariCP-6.3.0.pom
2025-06-02 11:33:15,147 [Worker-11: Update Maven projects configuration] INFO  o.e.m.c.i.e.AbstractTransferListenerAdapter - Downloaded https://repo.maven.apache.org/maven2/com/zaxxer/HikariCP/6.3.0/HikariCP-6.3.0.pom
2025-06-02 11:33:15,248 [Worker-11: Update Maven projects configuration] INFO  o.e.m.c.i.e.AbstractTransferListenerAdapter - Downloading https://repo.maven.apache.org/maven2/org/springframework/spring-jdbc/6.2.7/spring-jdbc-6.2.7.pom
2025-06-02 11:33:15,287 [Worker-11: Update Maven projects configuration] INFO  o.e.m.c.i.e.AbstractTransferListenerAdapter - Downloaded https://repo.maven.apache.org/maven2/org/springframework/spring-jdbc/6.2.7/spring-jdbc-6.2.7.pom
2025-06-02 11:33:15,372 [Worker-11: Update Maven projects configuration] INFO  o.e.m.c.i.e.AbstractTransferListenerAdapter - Downloading https://repo.maven.apache.org/maven2/org/springframework/spring-tx/6.2.7/spring-tx-6.2.7.pom
2025-06-02 11:33:15,422 [Worker-11: Update Maven projects configuration] INFO  o.e.m.c.i.e.AbstractTransferListenerAdapter - Downloaded https://repo.maven.apache.org/maven2/org/springframework/spring-tx/6.2.7/spring-tx-6.2.7.pom
2025-06-02 11:33:15,518 [Worker-11: Update Maven projects configuration] INFO  o.e.m.c.i.e.AbstractTransferListenerAdapter - Downloading https://repo.maven.apache.org/maven2/org/springframework/data/spring-data-jdbc/3.5.0/spring-data-jdbc-3.5.0.pom
2025-06-02 11:33:15,568 [Worker-11: Update Maven projects configuration] INFO  o.e.m.c.i.e.AbstractTransferListenerAdapter - Downloaded https://repo.maven.apache.org/maven2/org/springframework/data/spring-data-jdbc/3.5.0/spring-data-jdbc-3.5.0.pom
2025-06-02 11:33:15,648 [Worker-11: Update Maven projects configuration] INFO  o.e.m.c.i.e.AbstractTransferListenerAdapter - Downloading https://repo.maven.apache.org/maven2/org/springframework/data/spring-data-relational-parent/3.5.0/spring-data-relational-parent-3.5.0.pom
2025-06-02 11:33:15,696 [Worker-11: Update Maven projects configuration] INFO  o.e.m.c.i.e.AbstractTransferListenerAdapter - Downloaded https://repo.maven.apache.org/maven2/org/springframework/data/spring-data-relational-parent/3.5.0/spring-data-relational-parent-3.5.0.pom
2025-06-02 11:33:15,768 [Worker-11: Update Maven projects configuration] INFO  o.e.m.c.i.e.AbstractTransferListenerAdapter - Downloading https://repo.maven.apache.org/maven2/org/springframework/data/build/spring-data-parent/3.5.0/spring-data-parent-3.5.0.pom
2025-06-02 11:33:15,837 [Worker-11: Update Maven projects configuration] INFO  o.e.m.c.i.e.AbstractTransferListenerAdapter - Downloaded https://repo.maven.apache.org/maven2/org/springframework/data/build/spring-data-parent/3.5.0/spring-data-parent-3.5.0.pom
2025-06-02 11:33:15,931 [Worker-11: Update Maven projects configuration] INFO  o.e.m.c.i.e.AbstractTransferListenerAdapter - Downloading https://repo.maven.apache.org/maven2/org/springframework/data/build/spring-data-build/3.5.0/spring-data-build-3.5.0.pom
2025-06-02 11:33:15,975 [Worker-11: Update Maven projects configuration] INFO  o.e.m.c.i.e.AbstractTransferListenerAdapter - Downloaded https://repo.maven.apache.org/maven2/org/springframework/data/build/spring-data-build/3.5.0/spring-data-build-3.5.0.pom
2025-06-02 11:33:16,034 [Worker-11: Update Maven projects configuration] INFO  o.e.m.c.i.e.AbstractTransferListenerAdapter - Downloading https://repo.maven.apache.org/maven2/org/testcontainers/testcontainers-bom/1.20.6/testcontainers-bom-1.20.6.pom
2025-06-02 11:33:16,096 [Worker-11: Update Maven projects configuration] INFO  o.e.m.c.i.e.AbstractTransferListenerAdapter - Downloaded https://repo.maven.apache.org/maven2/org/testcontainers/testcontainers-bom/1.20.6/testcontainers-bom-1.20.6.pom
2025-06-02 11:33:16,201 [Worker-11: Update Maven projects configuration] INFO  o.e.m.c.i.e.AbstractTransferListenerAdapter - Downloading https://repo.maven.apache.org/maven2/org/jetbrains/kotlinx/kotlinx-coroutines-bom/1.9.0/kotlinx-coroutines-bom-1.9.0.pom
2025-06-02 11:33:16,246 [Worker-11: Update Maven projects configuration] INFO  o.e.m.c.i.e.AbstractTransferListenerAdapter - Downloaded https://repo.maven.apache.org/maven2/org/jetbrains/kotlinx/kotlinx-coroutines-bom/1.9.0/kotlinx-coroutines-bom-1.9.0.pom
2025-06-02 11:33:16,362 [Worker-11: Update Maven projects configuration] INFO  o.e.m.c.i.e.AbstractTransferListenerAdapter - Downloading https://repo.maven.apache.org/maven2/org/springframework/data/spring-data-relational/3.5.0/spring-data-relational-3.5.0.pom
2025-06-02 11:33:16,406 [Worker-11: Update Maven projects configuration] INFO  o.e.m.c.i.e.AbstractTransferListenerAdapter - Downloaded https://repo.maven.apache.org/maven2/org/springframework/data/spring-data-relational/3.5.0/spring-data-relational-3.5.0.pom
2025-06-02 11:33:16,501 [Worker-11: Update Maven projects configuration] INFO  o.e.m.c.i.e.AbstractTransferListenerAdapter - Downloading https://repo.maven.apache.org/maven2/org/springframework/data/spring-data-commons/3.5.0/spring-data-commons-3.5.0.pom
2025-06-02 11:33:16,543 [Worker-11: Update Maven projects configuration] INFO  o.e.m.c.i.e.AbstractTransferListenerAdapter - Downloaded https://repo.maven.apache.org/maven2/org/springframework/data/spring-data-commons/3.5.0/spring-data-commons-3.5.0.pom
2025-06-02 11:33:16,627 [Worker-11: Update Maven projects configuration] INFO  o.e.m.c.i.e.AbstractTransferListenerAdapter - Downloading https://repo.maven.apache.org/maven2/org/springframework/boot/spring-boot-starter-data-jpa/3.5.0/spring-boot-starter-data-jpa-3.5.0.pom
2025-06-02 11:33:16,697 [Worker-11: Update Maven projects configuration] INFO  o.e.m.c.i.e.AbstractTransferListenerAdapter - Downloaded https://repo.maven.apache.org/maven2/org/springframework/boot/spring-boot-starter-data-jpa/3.5.0/spring-boot-starter-data-jpa-3.5.0.pom
2025-06-02 11:33:16,781 [Worker-11: Update Maven projects configuration] INFO  o.e.m.c.i.e.AbstractTransferListenerAdapter - Downloading https://repo.maven.apache.org/maven2/org/hibernate/orm/hibernate-core/6.6.15.Final/hibernate-core-6.6.15.Final.pom
2025-06-02 11:33:16,848 [Worker-11: Update Maven projects configuration] INFO  o.e.m.c.i.e.AbstractTransferListenerAdapter - Downloaded https://repo.maven.apache.org/maven2/org/hibernate/orm/hibernate-core/6.6.15.Final/hibernate-core-6.6.15.Final.pom
2025-06-02 11:33:16,911 [Worker-11: Update Maven projects configuration] INFO  o.e.m.c.i.e.AbstractTransferListenerAdapter - Downloading https://repo.maven.apache.org/maven2/jakarta/persistence/jakarta.persistence-api/3.1.0/jakarta.persistence-api-3.1.0.pom
2025-06-02 11:33:16,983 [Worker-11: Update Maven projects configuration] INFO  o.e.m.c.i.e.AbstractTransferListenerAdapter - Downloaded https://repo.maven.apache.org/maven2/jakarta/persistence/jakarta.persistence-api/3.1.0/jakarta.persistence-api-3.1.0.pom
2025-06-02 11:33:17,084 [Worker-11: Update Maven projects configuration] INFO  o.e.m.c.i.e.AbstractTransferListenerAdapter - Downloading https://repo.maven.apache.org/maven2/jakarta/transaction/jakarta.transaction-api/2.0.1/jakarta.transaction-api-2.0.1.pom
2025-06-02 11:33:17,155 [Worker-11: Update Maven projects configuration] INFO  o.e.m.c.i.e.AbstractTransferListenerAdapter - Downloaded https://repo.maven.apache.org/maven2/jakarta/transaction/jakarta.transaction-api/2.0.1/jakarta.transaction-api-2.0.1.pom
2025-06-02 11:33:17,241 [Worker-11: Update Maven projects configuration] INFO  o.e.m.c.i.e.AbstractTransferListenerAdapter - Downloading https://repo.maven.apache.org/maven2/org/eclipse/ee4j/project/1.0.6/project-1.0.6.pom
2025-06-02 11:33:17,322 [Worker-11: Update Maven projects configuration] INFO  o.e.m.c.i.e.AbstractTransferListenerAdapter - Downloaded https://repo.maven.apache.org/maven2/org/eclipse/ee4j/project/1.0.6/project-1.0.6.pom
2025-06-02 11:33:17,421 [Worker-11: Update Maven projects configuration] INFO  o.e.m.c.i.e.AbstractTransferListenerAdapter - Downloading https://repo.maven.apache.org/maven2/org/jboss/logging/jboss-logging/3.6.1.Final/jboss-logging-3.6.1.Final.pom
2025-06-02 11:33:17,480 [Worker-11: Update Maven projects configuration] INFO  o.e.m.c.i.e.AbstractTransferListenerAdapter - Downloaded https://repo.maven.apache.org/maven2/org/jboss/logging/jboss-logging/3.6.1.Final/jboss-logging-3.6.1.Final.pom
2025-06-02 11:33:17,589 [Worker-11: Update Maven projects configuration] INFO  o.e.m.c.i.e.AbstractTransferListenerAdapter - Downloading https://repo.maven.apache.org/maven2/org/jboss/logging/logging-parent/1.0.3.Final/logging-parent-1.0.3.Final.pom
2025-06-02 11:33:17,632 [Worker-11: Update Maven projects configuration] INFO  o.e.m.c.i.e.AbstractTransferListenerAdapter - Downloaded https://repo.maven.apache.org/maven2/org/jboss/logging/logging-parent/1.0.3.Final/logging-parent-1.0.3.Final.pom
2025-06-02 11:33:17,693 [Worker-11: Update Maven projects configuration] INFO  o.e.m.c.i.e.AbstractTransferListenerAdapter - Downloading https://repo.maven.apache.org/maven2/org/jboss/jboss-parent/42/jboss-parent-42.pom
2025-06-02 11:33:17,763 [Worker-11: Update Maven projects configuration] INFO  o.e.m.c.i.e.AbstractTransferListenerAdapter - Downloaded https://repo.maven.apache.org/maven2/org/jboss/jboss-parent/42/jboss-parent-42.pom
2025-06-02 11:33:17,931 [Worker-11: Update Maven projects configuration] INFO  o.e.m.c.i.e.AbstractTransferListenerAdapter - Downloading https://repo.maven.apache.org/maven2/org/junit/junit-bom/5.11.0/junit-bom-5.11.0.pom
2025-06-02 11:33:17,970 [Worker-11: Update Maven projects configuration] INFO  o.e.m.c.i.e.AbstractTransferListenerAdapter - Downloaded https://repo.maven.apache.org/maven2/org/junit/junit-bom/5.11.0/junit-bom-5.11.0.pom
2025-06-02 11:33:18,050 [Worker-11: Update Maven projects configuration] INFO  o.e.m.c.i.e.AbstractTransferListenerAdapter - Downloading https://repo.maven.apache.org/maven2/org/hibernate/common/hibernate-commons-annotations/7.0.3.Final/hibernate-commons-annotations-7.0.3.Final.pom
2025-06-02 11:33:18,099 [Worker-11: Update Maven projects configuration] INFO  o.e.m.c.i.e.AbstractTransferListenerAdapter - Downloaded https://repo.maven.apache.org/maven2/org/hibernate/common/hibernate-commons-annotations/7.0.3.Final/hibernate-commons-annotations-7.0.3.Final.pom
2025-06-02 11:33:18,191 [Worker-11: Update Maven projects configuration] INFO  o.e.m.c.i.e.AbstractTransferListenerAdapter - Downloading https://repo.maven.apache.org/maven2/io/smallrye/jandex/3.2.0/jandex-3.2.0.pom
2025-06-02 11:33:18,262 [Worker-11: Update Maven projects configuration] INFO  o.e.m.c.i.e.AbstractTransferListenerAdapter - Downloaded https://repo.maven.apache.org/maven2/io/smallrye/jandex/3.2.0/jandex-3.2.0.pom
2025-06-02 11:33:18,323 [Worker-11: Update Maven projects configuration] INFO  o.e.m.c.i.e.AbstractTransferListenerAdapter - Downloading https://repo.maven.apache.org/maven2/io/smallrye/jandex-parent/3.2.0/jandex-parent-3.2.0.pom
2025-06-02 11:33:18,378 [Worker-11: Update Maven projects configuration] INFO  o.e.m.c.i.e.AbstractTransferListenerAdapter - Downloaded https://repo.maven.apache.org/maven2/io/smallrye/jandex-parent/3.2.0/jandex-parent-3.2.0.pom
2025-06-02 11:33:18,433 [Worker-11: Update Maven projects configuration] INFO  o.e.m.c.i.e.AbstractTransferListenerAdapter - Downloading https://repo.maven.apache.org/maven2/io/smallrye/smallrye-build-parent/42/smallrye-build-parent-42.pom
2025-06-02 11:33:18,484 [Worker-11: Update Maven projects configuration] INFO  o.e.m.c.i.e.AbstractTransferListenerAdapter - Downloaded https://repo.maven.apache.org/maven2/io/smallrye/smallrye-build-parent/42/smallrye-build-parent-42.pom
2025-06-02 11:33:18,575 [Worker-11: Update Maven projects configuration] INFO  o.e.m.c.i.e.AbstractTransferListenerAdapter - Downloading https://repo.maven.apache.org/maven2/com/fasterxml/classmate/1.7.0/classmate-1.7.0.pom
2025-06-02 11:33:18,628 [Worker-11: Update Maven projects configuration] INFO  o.e.m.c.i.e.AbstractTransferListenerAdapter - Downloaded https://repo.maven.apache.org/maven2/com/fasterxml/classmate/1.7.0/classmate-1.7.0.pom
2025-06-02 11:33:18,701 [Worker-11: Update Maven projects configuration] INFO  o.e.m.c.i.e.AbstractTransferListenerAdapter - Downloading https://repo.maven.apache.org/maven2/com/fasterxml/oss-parent/56/oss-parent-56.pom
2025-06-02 11:33:18,759 [Worker-11: Update Maven projects configuration] INFO  o.e.m.c.i.e.AbstractTransferListenerAdapter - Downloaded https://repo.maven.apache.org/maven2/com/fasterxml/oss-parent/56/oss-parent-56.pom
2025-06-02 11:33:18,861 [Worker-11: Update Maven projects configuration] INFO  o.e.m.c.i.e.AbstractTransferListenerAdapter - Downloading https://repo.maven.apache.org/maven2/net/bytebuddy/byte-buddy/1.17.5/byte-buddy-1.17.5.pom
2025-06-02 11:33:18,904 [Worker-11: Update Maven projects configuration] INFO  o.e.m.c.i.e.AbstractTransferListenerAdapter - Downloaded https://repo.maven.apache.org/maven2/net/bytebuddy/byte-buddy/1.17.5/byte-buddy-1.17.5.pom
2025-06-02 11:33:18,981 [Worker-11: Update Maven projects configuration] INFO  o.e.m.c.i.e.AbstractTransferListenerAdapter - Downloading https://repo.maven.apache.org/maven2/net/bytebuddy/byte-buddy-parent/1.17.5/byte-buddy-parent-1.17.5.pom
2025-06-02 11:33:19,041 [Worker-11: Update Maven projects configuration] INFO  o.e.m.c.i.e.AbstractTransferListenerAdapter - Downloaded https://repo.maven.apache.org/maven2/net/bytebuddy/byte-buddy-parent/1.17.5/byte-buddy-parent-1.17.5.pom
2025-06-02 11:33:19,133 [Worker-11: Update Maven projects configuration] INFO  o.e.m.c.i.e.AbstractTransferListenerAdapter - Downloading https://repo.maven.apache.org/maven2/jakarta/xml/bind/jakarta.xml.bind-api/4.0.2/jakarta.xml.bind-api-4.0.2.pom
2025-06-02 11:33:19,196 [Worker-11: Update Maven projects configuration] INFO  o.e.m.c.i.e.AbstractTransferListenerAdapter - Downloaded https://repo.maven.apache.org/maven2/jakarta/xml/bind/jakarta.xml.bind-api/4.0.2/jakarta.xml.bind-api-4.0.2.pom
2025-06-02 11:33:19,280 [Worker-11: Update Maven projects configuration] INFO  o.e.m.c.i.e.AbstractTransferListenerAdapter - Downloading https://repo.maven.apache.org/maven2/jakarta/xml/bind/jakarta.xml.bind-api-parent/4.0.2/jakarta.xml.bind-api-parent-4.0.2.pom
2025-06-02 11:33:19,330 [Worker-11: Update Maven projects configuration] INFO  o.e.m.c.i.e.AbstractTransferListenerAdapter - Downloaded https://repo.maven.apache.org/maven2/jakarta/xml/bind/jakarta.xml.bind-api-parent/4.0.2/jakarta.xml.bind-api-parent-4.0.2.pom
2025-06-02 11:33:19,455 [Worker-11: Update Maven projects configuration] INFO  o.e.m.c.i.e.AbstractTransferListenerAdapter - Downloading https://repo.maven.apache.org/maven2/jakarta/activation/jakarta.activation-api/2.1.3/jakarta.activation-api-2.1.3.pom
2025-06-02 11:33:19,508 [Worker-11: Update Maven projects configuration] INFO  o.e.m.c.i.e.AbstractTransferListenerAdapter - Downloaded https://repo.maven.apache.org/maven2/jakarta/activation/jakarta.activation-api/2.1.3/jakarta.activation-api-2.1.3.pom
2025-06-02 11:33:19,593 [Worker-11: Update Maven projects configuration] INFO  o.e.m.c.i.e.AbstractTransferListenerAdapter - Downloading https://repo.maven.apache.org/maven2/org/glassfish/jaxb/jaxb-runtime/4.0.5/jaxb-runtime-4.0.5.pom
2025-06-02 11:33:19,658 [Worker-11: Update Maven projects configuration] INFO  o.e.m.c.i.e.AbstractTransferListenerAdapter - Downloaded https://repo.maven.apache.org/maven2/org/glassfish/jaxb/jaxb-runtime/4.0.5/jaxb-runtime-4.0.5.pom
2025-06-02 11:33:19,745 [Worker-11: Update Maven projects configuration] INFO  o.e.m.c.i.e.AbstractTransferListenerAdapter - Downloading https://repo.maven.apache.org/maven2/com/sun/xml/bind/mvn/jaxb-runtime-parent/4.0.5/jaxb-runtime-parent-4.0.5.pom
2025-06-02 11:33:19,796 [Worker-11: Update Maven projects configuration] INFO  o.e.m.c.i.e.AbstractTransferListenerAdapter - Downloaded https://repo.maven.apache.org/maven2/com/sun/xml/bind/mvn/jaxb-runtime-parent/4.0.5/jaxb-runtime-parent-4.0.5.pom
2025-06-02 11:33:19,858 [Worker-11: Update Maven projects configuration] INFO  o.e.m.c.i.e.AbstractTransferListenerAdapter - Downloading https://repo.maven.apache.org/maven2/com/sun/xml/bind/mvn/jaxb-parent/4.0.5/jaxb-parent-4.0.5.pom
2025-06-02 11:33:19,905 [Worker-11: Update Maven projects configuration] INFO  o.e.m.c.i.e.AbstractTransferListenerAdapter - Downloaded https://repo.maven.apache.org/maven2/com/sun/xml/bind/mvn/jaxb-parent/4.0.5/jaxb-parent-4.0.5.pom
2025-06-02 11:33:19,991 [Worker-11: Update Maven projects configuration] INFO  o.e.m.c.i.e.AbstractTransferListenerAdapter - Downloading https://repo.maven.apache.org/maven2/com/sun/xml/bind/jaxb-bom-ext/4.0.5/jaxb-bom-ext-4.0.5.pom
2025-06-02 11:33:20,031 [Worker-11: Update Maven projects configuration] INFO  o.e.m.c.i.e.AbstractTransferListenerAdapter - Downloaded https://repo.maven.apache.org/maven2/com/sun/xml/bind/jaxb-bom-ext/4.0.5/jaxb-bom-ext-4.0.5.pom
2025-06-02 11:33:20,121 [Worker-11: Update Maven projects configuration] INFO  o.e.m.c.i.e.AbstractTransferListenerAdapter - Downloading https://repo.maven.apache.org/maven2/org/glassfish/jaxb/jaxb-core/4.0.5/jaxb-core-4.0.5.pom
2025-06-02 11:33:20,164 [Worker-11: Update Maven projects configuration] INFO  o.e.m.c.i.e.AbstractTransferListenerAdapter - Downloaded https://repo.maven.apache.org/maven2/org/glassfish/jaxb/jaxb-core/4.0.5/jaxb-core-4.0.5.pom
2025-06-02 11:33:20,234 [Worker-11: Update Maven projects configuration] INFO  o.e.m.c.i.e.AbstractTransferListenerAdapter - Downloading https://repo.maven.apache.org/maven2/org/eclipse/angus/angus-activation/2.0.2/angus-activation-2.0.2.pom
2025-06-02 11:33:20,277 [Worker-11: Update Maven projects configuration] INFO  o.e.m.c.i.e.AbstractTransferListenerAdapter - Downloaded https://repo.maven.apache.org/maven2/org/eclipse/angus/angus-activation/2.0.2/angus-activation-2.0.2.pom
2025-06-02 11:33:20,363 [Worker-11: Update Maven projects configuration] INFO  o.e.m.c.i.e.AbstractTransferListenerAdapter - Downloading https://repo.maven.apache.org/maven2/org/eclipse/angus/angus-activation-project/2.0.2/angus-activation-project-2.0.2.pom
2025-06-02 11:33:20,414 [Worker-11: Update Maven projects configuration] INFO  o.e.m.c.i.e.AbstractTransferListenerAdapter - Downloaded https://repo.maven.apache.org/maven2/org/eclipse/angus/angus-activation-project/2.0.2/angus-activation-project-2.0.2.pom
2025-06-02 11:33:20,498 [Worker-11: Update Maven projects configuration] INFO  o.e.m.c.i.e.AbstractTransferListenerAdapter - Downloading https://repo.maven.apache.org/maven2/org/glassfish/jaxb/txw2/4.0.5/txw2-4.0.5.pom
2025-06-02 11:33:20,542 [Worker-11: Update Maven projects configuration] INFO  o.e.m.c.i.e.AbstractTransferListenerAdapter - Downloaded https://repo.maven.apache.org/maven2/org/glassfish/jaxb/txw2/4.0.5/txw2-4.0.5.pom
2025-06-02 11:33:20,620 [Worker-11: Update Maven projects configuration] INFO  o.e.m.c.i.e.AbstractTransferListenerAdapter - Downloading https://repo.maven.apache.org/maven2/com/sun/xml/bind/mvn/jaxb-txw-parent/4.0.5/jaxb-txw-parent-4.0.5.pom
2025-06-02 11:33:20,666 [Worker-11: Update Maven projects configuration] INFO  o.e.m.c.i.e.AbstractTransferListenerAdapter - Downloaded https://repo.maven.apache.org/maven2/com/sun/xml/bind/mvn/jaxb-txw-parent/4.0.5/jaxb-txw-parent-4.0.5.pom
2025-06-02 11:33:20,760 [Worker-11: Update Maven projects configuration] INFO  o.e.m.c.i.e.AbstractTransferListenerAdapter - Downloading https://repo.maven.apache.org/maven2/com/sun/istack/istack-commons-runtime/4.1.2/istack-commons-runtime-4.1.2.pom
2025-06-02 11:33:20,810 [Worker-11: Update Maven projects configuration] INFO  o.e.m.c.i.e.AbstractTransferListenerAdapter - Downloaded https://repo.maven.apache.org/maven2/com/sun/istack/istack-commons-runtime/4.1.2/istack-commons-runtime-4.1.2.pom
2025-06-02 11:33:20,872 [Worker-11: Update Maven projects configuration] INFO  o.e.m.c.i.e.AbstractTransferListenerAdapter - Downloading https://repo.maven.apache.org/maven2/com/sun/istack/istack-commons/4.1.2/istack-commons-4.1.2.pom
2025-06-02 11:33:20,927 [Worker-11: Update Maven projects configuration] INFO  o.e.m.c.i.e.AbstractTransferListenerAdapter - Downloaded https://repo.maven.apache.org/maven2/com/sun/istack/istack-commons/4.1.2/istack-commons-4.1.2.pom
2025-06-02 11:33:21,014 [Worker-11: Update Maven projects configuration] INFO  o.e.m.c.i.e.AbstractTransferListenerAdapter - Downloading https://repo.maven.apache.org/maven2/jakarta/inject/jakarta.inject-api/2.0.1/jakarta.inject-api-2.0.1.pom
2025-06-02 11:33:21,057 [Worker-11: Update Maven projects configuration] INFO  o.e.m.c.i.e.AbstractTransferListenerAdapter - Downloaded https://repo.maven.apache.org/maven2/jakarta/inject/jakarta.inject-api/2.0.1/jakarta.inject-api-2.0.1.pom
2025-06-02 11:33:21,152 [Worker-11: Update Maven projects configuration] INFO  o.e.m.c.i.e.AbstractTransferListenerAdapter - Downloading https://repo.maven.apache.org/maven2/org/antlr/antlr4-runtime/4.13.0/antlr4-runtime-4.13.0.pom
2025-06-02 11:33:21,192 [Worker-11: Update Maven projects configuration] INFO  o.e.m.c.i.e.AbstractTransferListenerAdapter - Downloaded https://repo.maven.apache.org/maven2/org/antlr/antlr4-runtime/4.13.0/antlr4-runtime-4.13.0.pom
2025-06-02 11:33:21,269 [Worker-11: Update Maven projects configuration] INFO  o.e.m.c.i.e.AbstractTransferListenerAdapter - Downloading https://repo.maven.apache.org/maven2/org/antlr/antlr4-master/4.13.0/antlr4-master-4.13.0.pom
2025-06-02 11:33:21,325 [Worker-11: Update Maven projects configuration] INFO  o.e.m.c.i.e.AbstractTransferListenerAdapter - Downloaded https://repo.maven.apache.org/maven2/org/antlr/antlr4-master/4.13.0/antlr4-master-4.13.0.pom
2025-06-02 11:33:21,385 [Worker-11: Update Maven projects configuration] INFO  o.e.m.c.i.e.AbstractTransferListenerAdapter - Downloading https://repo.maven.apache.org/maven2/org/springframework/data/spring-data-jpa/3.5.0/spring-data-jpa-3.5.0.pom
2025-06-02 11:33:21,433 [Worker-11: Update Maven projects configuration] INFO  o.e.m.c.i.e.AbstractTransferListenerAdapter - Downloaded https://repo.maven.apache.org/maven2/org/springframework/data/spring-data-jpa/3.5.0/spring-data-jpa-3.5.0.pom
2025-06-02 11:33:21,513 [Worker-11: Update Maven projects configuration] INFO  o.e.m.c.i.e.AbstractTransferListenerAdapter - Downloading https://repo.maven.apache.org/maven2/org/springframework/data/spring-data-jpa-parent/3.5.0/spring-data-jpa-parent-3.5.0.pom
2025-06-02 11:33:21,550 [Worker-11: Update Maven projects configuration] INFO  o.e.m.c.i.e.AbstractTransferListenerAdapter - Downloaded https://repo.maven.apache.org/maven2/org/springframework/data/spring-data-jpa-parent/3.5.0/spring-data-jpa-parent-3.5.0.pom
2025-06-02 11:33:21,635 [Worker-11: Update Maven projects configuration] INFO  o.e.m.c.i.e.AbstractTransferListenerAdapter - Downloading https://repo.maven.apache.org/maven2/org/springframework/spring-orm/6.2.7/spring-orm-6.2.7.pom
2025-06-02 11:33:21,683 [Worker-11: Update Maven projects configuration] INFO  o.e.m.c.i.e.AbstractTransferListenerAdapter - Downloaded https://repo.maven.apache.org/maven2/org/springframework/spring-orm/6.2.7/spring-orm-6.2.7.pom
2025-06-02 11:33:21,760 [Worker-11: Update Maven projects configuration] INFO  o.e.m.c.i.e.AbstractTransferListenerAdapter - Downloading https://repo.maven.apache.org/maven2/org/springframework/spring-aspects/6.2.7/spring-aspects-6.2.7.pom
2025-06-02 11:33:21,796 [Worker-11: Update Maven projects configuration] INFO  o.e.m.c.i.e.AbstractTransferListenerAdapter - Downloaded https://repo.maven.apache.org/maven2/org/springframework/spring-aspects/6.2.7/spring-aspects-6.2.7.pom
2025-06-02 11:33:21,872 [Worker-11: Update Maven projects configuration] INFO  o.e.m.c.i.e.AbstractTransferListenerAdapter - Downloading https://repo.maven.apache.org/maven2/org/aspectj/aspectjweaver/1.9.24/aspectjweaver-1.9.24.pom
2025-06-02 11:33:21,962 [Worker-11: Update Maven projects configuration] INFO  o.e.m.c.i.e.AbstractTransferListenerAdapter - Downloaded https://repo.maven.apache.org/maven2/org/aspectj/aspectjweaver/1.9.24/aspectjweaver-1.9.24.pom
2025-06-02 11:33:22,023 [Worker-11: Update Maven projects configuration] INFO  o.e.m.c.i.e.AbstractTransferListenerAdapter - Downloading https://repo.maven.apache.org/maven2/org/springframework/boot/spring-boot-starter-web/3.5.0/spring-boot-starter-web-3.5.0.pom
2025-06-02 11:33:22,075 [Worker-11: Update Maven projects configuration] INFO  o.e.m.c.i.e.AbstractTransferListenerAdapter - Downloaded https://repo.maven.apache.org/maven2/org/springframework/boot/spring-boot-starter-web/3.5.0/spring-boot-starter-web-3.5.0.pom
2025-06-02 11:33:22,138 [Worker-11: Update Maven projects configuration] INFO  o.e.m.c.i.e.AbstractTransferListenerAdapter - Downloading https://repo.maven.apache.org/maven2/org/springframework/boot/spring-boot-starter-json/3.5.0/spring-boot-starter-json-3.5.0.pom
2025-06-02 11:33:22,248 [Worker-11: Update Maven projects configuration] INFO  o.e.m.c.i.e.AbstractTransferListenerAdapter - Downloaded https://repo.maven.apache.org/maven2/org/springframework/boot/spring-boot-starter-json/3.5.0/spring-boot-starter-json-3.5.0.pom
2025-06-02 11:33:22,326 [Worker-11: Update Maven projects configuration] INFO  o.e.m.c.i.e.AbstractTransferListenerAdapter - Downloading https://repo.maven.apache.org/maven2/org/springframework/spring-web/6.2.7/spring-web-6.2.7.pom
2025-06-02 11:33:22,378 [Worker-11: Update Maven projects configuration] INFO  o.e.m.c.i.e.AbstractTransferListenerAdapter - Downloaded https://repo.maven.apache.org/maven2/org/springframework/spring-web/6.2.7/spring-web-6.2.7.pom
2025-06-02 11:33:22,454 [Worker-11: Update Maven projects configuration] INFO  o.e.m.c.i.e.AbstractTransferListenerAdapter - Downloading https://repo.maven.apache.org/maven2/com/fasterxml/jackson/core/jackson-databind/2.19.0/jackson-databind-2.19.0.pom
2025-06-02 11:33:22,505 [Worker-11: Update Maven projects configuration] INFO  o.e.m.c.i.e.AbstractTransferListenerAdapter - Downloaded https://repo.maven.apache.org/maven2/com/fasterxml/jackson/core/jackson-databind/2.19.0/jackson-databind-2.19.0.pom
2025-06-02 11:33:22,591 [Worker-11: Update Maven projects configuration] INFO  o.e.m.c.i.e.AbstractTransferListenerAdapter - Downloading https://repo.maven.apache.org/maven2/com/fasterxml/jackson/jackson-base/2.19.0/jackson-base-2.19.0.pom
2025-06-02 11:33:22,637 [Worker-11: Update Maven projects configuration] INFO  o.e.m.c.i.e.AbstractTransferListenerAdapter - Downloaded https://repo.maven.apache.org/maven2/com/fasterxml/jackson/jackson-base/2.19.0/jackson-base-2.19.0.pom
2025-06-02 11:33:22,722 [Worker-11: Update Maven projects configuration] INFO  o.e.m.c.i.e.AbstractTransferListenerAdapter - Downloading https://repo.maven.apache.org/maven2/com/fasterxml/jackson/core/jackson-annotations/2.19.0/jackson-annotations-2.19.0.pom
2025-06-02 11:33:22,776 [Worker-11: Update Maven projects configuration] INFO  o.e.m.c.i.e.AbstractTransferListenerAdapter - Downloaded https://repo.maven.apache.org/maven2/com/fasterxml/jackson/core/jackson-annotations/2.19.0/jackson-annotations-2.19.0.pom
2025-06-02 11:33:22,841 [Worker-11: Update Maven projects configuration] INFO  o.e.m.c.i.e.AbstractTransferListenerAdapter - Downloading https://repo.maven.apache.org/maven2/com/fasterxml/jackson/core/jackson-core/2.19.0/jackson-core-2.19.0.pom
2025-06-02 11:33:22,916 [Worker-11: Update Maven projects configuration] INFO  o.e.m.c.i.e.AbstractTransferListenerAdapter - Downloaded https://repo.maven.apache.org/maven2/com/fasterxml/jackson/core/jackson-core/2.19.0/jackson-core-2.19.0.pom
2025-06-02 11:33:23,018 [Worker-11: Update Maven projects configuration] INFO  o.e.m.c.i.e.AbstractTransferListenerAdapter - Downloading https://repo.maven.apache.org/maven2/com/fasterxml/jackson/datatype/jackson-datatype-jdk8/2.19.0/jackson-datatype-jdk8-2.19.0.pom
2025-06-02 11:33:23,056 [Worker-11: Update Maven projects configuration] INFO  o.e.m.c.i.e.AbstractTransferListenerAdapter - Downloaded https://repo.maven.apache.org/maven2/com/fasterxml/jackson/datatype/jackson-datatype-jdk8/2.19.0/jackson-datatype-jdk8-2.19.0.pom
2025-06-02 11:33:23,125 [Worker-11: Update Maven projects configuration] INFO  o.e.m.c.i.e.AbstractTransferListenerAdapter - Downloading https://repo.maven.apache.org/maven2/com/fasterxml/jackson/module/jackson-modules-java8/2.19.0/jackson-modules-java8-2.19.0.pom
2025-06-02 11:33:23,165 [Worker-11: Update Maven projects configuration] INFO  o.e.m.c.i.e.AbstractTransferListenerAdapter - Downloaded https://repo.maven.apache.org/maven2/com/fasterxml/jackson/module/jackson-modules-java8/2.19.0/jackson-modules-java8-2.19.0.pom
2025-06-02 11:33:23,250 [Worker-11: Update Maven projects configuration] INFO  o.e.m.c.i.e.AbstractTransferListenerAdapter - Downloading https://repo.maven.apache.org/maven2/com/fasterxml/jackson/datatype/jackson-datatype-jsr310/2.19.0/jackson-datatype-jsr310-2.19.0.pom
2025-06-02 11:33:23,287 [Worker-11: Update Maven projects configuration] INFO  o.e.m.c.i.e.AbstractTransferListenerAdapter - Downloaded https://repo.maven.apache.org/maven2/com/fasterxml/jackson/datatype/jackson-datatype-jsr310/2.19.0/jackson-datatype-jsr310-2.19.0.pom
2025-06-02 11:33:23,389 [Worker-11: Update Maven projects configuration] INFO  o.e.m.c.i.e.AbstractTransferListenerAdapter - Downloading https://repo.maven.apache.org/maven2/com/fasterxml/jackson/module/jackson-module-parameter-names/2.19.0/jackson-module-parameter-names-2.19.0.pom
2025-06-02 11:33:23,448 [Worker-11: Update Maven projects configuration] INFO  o.e.m.c.i.e.AbstractTransferListenerAdapter - Downloaded https://repo.maven.apache.org/maven2/com/fasterxml/jackson/module/jackson-module-parameter-names/2.19.0/jackson-module-parameter-names-2.19.0.pom
2025-06-02 11:33:23,521 [Worker-11: Update Maven projects configuration] INFO  o.e.m.c.i.e.AbstractTransferListenerAdapter - Downloading https://repo.maven.apache.org/maven2/org/springframework/boot/spring-boot-starter-tomcat/3.5.0/spring-boot-starter-tomcat-3.5.0.pom
2025-06-02 11:33:23,560 [Worker-11: Update Maven projects configuration] INFO  o.e.m.c.i.e.AbstractTransferListenerAdapter - Downloaded https://repo.maven.apache.org/maven2/org/springframework/boot/spring-boot-starter-tomcat/3.5.0/spring-boot-starter-tomcat-3.5.0.pom
2025-06-02 11:33:23,624 [Worker-11: Update Maven projects configuration] INFO  o.e.m.c.i.e.AbstractTransferListenerAdapter - Downloading https://repo.maven.apache.org/maven2/org/apache/tomcat/embed/tomcat-embed-core/10.1.41/tomcat-embed-core-10.1.41.pom
2025-06-02 11:33:23,678 [Worker-11: Update Maven projects configuration] INFO  o.e.m.c.i.e.AbstractTransferListenerAdapter - Downloaded https://repo.maven.apache.org/maven2/org/apache/tomcat/embed/tomcat-embed-core/10.1.41/tomcat-embed-core-10.1.41.pom
2025-06-02 11:33:23,755 [Worker-11: Update Maven projects configuration] INFO  o.e.m.c.i.e.AbstractTransferListenerAdapter - Downloading https://repo.maven.apache.org/maven2/org/apache/tomcat/embed/tomcat-embed-el/10.1.41/tomcat-embed-el-10.1.41.pom
2025-06-02 11:33:23,798 [Worker-11: Update Maven projects configuration] INFO  o.e.m.c.i.e.AbstractTransferListenerAdapter - Downloaded https://repo.maven.apache.org/maven2/org/apache/tomcat/embed/tomcat-embed-el/10.1.41/tomcat-embed-el-10.1.41.pom
2025-06-02 11:33:23,871 [Worker-11: Update Maven projects configuration] INFO  o.e.m.c.i.e.AbstractTransferListenerAdapter - Downloading https://repo.maven.apache.org/maven2/org/apache/tomcat/embed/tomcat-embed-websocket/10.1.41/tomcat-embed-websocket-10.1.41.pom
2025-06-02 11:33:23,911 [Worker-11: Update Maven projects configuration] INFO  o.e.m.c.i.e.AbstractTransferListenerAdapter - Downloaded https://repo.maven.apache.org/maven2/org/apache/tomcat/embed/tomcat-embed-websocket/10.1.41/tomcat-embed-websocket-10.1.41.pom
2025-06-02 11:33:23,987 [Worker-11: Update Maven projects configuration] INFO  o.e.m.c.i.e.AbstractTransferListenerAdapter - Downloading https://repo.maven.apache.org/maven2/org/springframework/spring-webmvc/6.2.7/spring-webmvc-6.2.7.pom
2025-06-02 11:33:24,041 [Worker-11: Update Maven projects configuration] INFO  o.e.m.c.i.e.AbstractTransferListenerAdapter - Downloaded https://repo.maven.apache.org/maven2/org/springframework/spring-webmvc/6.2.7/spring-webmvc-6.2.7.pom
2025-06-02 11:33:24,108 [Worker-11: Update Maven projects configuration] INFO  o.e.m.c.i.e.AbstractTransferListenerAdapter - Downloading https://repo.maven.apache.org/maven2/org/springframework/boot/spring-boot-devtools/3.5.0/spring-boot-devtools-3.5.0.pom
2025-06-02 11:33:24,160 [Worker-11: Update Maven projects configuration] INFO  o.e.m.c.i.e.AbstractTransferListenerAdapter - Downloaded https://repo.maven.apache.org/maven2/org/springframework/boot/spring-boot-devtools/3.5.0/spring-boot-devtools-3.5.0.pom
2025-06-02 11:33:24,242 [Worker-11: Update Maven projects configuration] INFO  o.e.m.c.i.e.AbstractTransferListenerAdapter - Downloading https://repo.maven.apache.org/maven2/com/oracle/database/jdbc/ojdbc11/23.7.0.25.01/ojdbc11-23.7.0.25.01.pom
2025-06-02 11:33:24,298 [Worker-11: Update Maven projects configuration] INFO  o.e.m.c.i.e.AbstractTransferListenerAdapter - Downloaded https://repo.maven.apache.org/maven2/com/oracle/database/jdbc/ojdbc11/23.7.0.25.01/ojdbc11-23.7.0.25.01.pom
2025-06-02 11:33:24,356 [Worker-11: Update Maven projects configuration] INFO  o.e.m.c.i.e.AbstractTransferListenerAdapter - Downloading https://repo.maven.apache.org/maven2/org/springframework/boot/spring-boot-starter-test/3.5.0/spring-boot-starter-test-3.5.0.pom
2025-06-02 11:33:24,408 [Worker-11: Update Maven projects configuration] INFO  o.e.m.c.i.e.AbstractTransferListenerAdapter - Downloaded https://repo.maven.apache.org/maven2/org/springframework/boot/spring-boot-starter-test/3.5.0/spring-boot-starter-test-3.5.0.pom
2025-06-02 11:33:24,477 [Worker-11: Update Maven projects configuration] INFO  o.e.m.c.i.e.AbstractTransferListenerAdapter - Downloading https://repo.maven.apache.org/maven2/org/springframework/boot/spring-boot-test/3.5.0/spring-boot-test-3.5.0.pom
2025-06-02 11:33:24,524 [Worker-11: Update Maven projects configuration] INFO  o.e.m.c.i.e.AbstractTransferListenerAdapter - Downloaded https://repo.maven.apache.org/maven2/org/springframework/boot/spring-boot-test/3.5.0/spring-boot-test-3.5.0.pom
2025-06-02 11:33:24,592 [Worker-11: Update Maven projects configuration] INFO  o.e.m.c.i.e.AbstractTransferListenerAdapter - Downloading https://repo.maven.apache.org/maven2/org/springframework/spring-test/6.2.7/spring-test-6.2.7.pom
2025-06-02 11:33:24,649 [Worker-11: Update Maven projects configuration] INFO  o.e.m.c.i.e.AbstractTransferListenerAdapter - Downloaded https://repo.maven.apache.org/maven2/org/springframework/spring-test/6.2.7/spring-test-6.2.7.pom
2025-06-02 11:33:24,715 [Worker-11: Update Maven projects configuration] INFO  o.e.m.c.i.e.AbstractTransferListenerAdapter - Downloading https://repo.maven.apache.org/maven2/org/springframework/boot/spring-boot-test-autoconfigure/3.5.0/spring-boot-test-autoconfigure-3.5.0.pom
2025-06-02 11:33:24,763 [Worker-11: Update Maven projects configuration] INFO  o.e.m.c.i.e.AbstractTransferListenerAdapter - Downloaded https://repo.maven.apache.org/maven2/org/springframework/boot/spring-boot-test-autoconfigure/3.5.0/spring-boot-test-autoconfigure-3.5.0.pom
2025-06-02 11:33:24,831 [Worker-11: Update Maven projects configuration] INFO  o.e.m.c.i.e.AbstractTransferListenerAdapter - Downloading https://repo.maven.apache.org/maven2/com/jayway/jsonpath/json-path/2.9.0/json-path-2.9.0.pom
2025-06-02 11:33:24,875 [Worker-11: Update Maven projects configuration] INFO  o.e.m.c.i.e.AbstractTransferListenerAdapter - Downloaded https://repo.maven.apache.org/maven2/com/jayway/jsonpath/json-path/2.9.0/json-path-2.9.0.pom
2025-06-02 11:33:24,932 [Worker-11: Update Maven projects configuration] INFO  o.e.m.c.i.e.AbstractTransferListenerAdapter - Downloading https://repo.maven.apache.org/maven2/net/minidev/json-smart/2.5.2/json-smart-2.5.2.pom
2025-06-02 11:33:25,001 [Worker-11: Update Maven projects configuration] INFO  o.e.m.c.i.e.AbstractTransferListenerAdapter - Downloaded https://repo.maven.apache.org/maven2/net/minidev/json-smart/2.5.2/json-smart-2.5.2.pom
2025-06-02 11:33:25,088 [Worker-11: Update Maven projects configuration] INFO  o.e.m.c.i.e.AbstractTransferListenerAdapter - Downloading https://repo.maven.apache.org/maven2/net/minidev/accessors-smart/2.5.2/accessors-smart-2.5.2.pom
2025-06-02 11:33:25,147 [Worker-11: Update Maven projects configuration] INFO  o.e.m.c.i.e.AbstractTransferListenerAdapter - Downloaded https://repo.maven.apache.org/maven2/net/minidev/accessors-smart/2.5.2/accessors-smart-2.5.2.pom
2025-06-02 11:33:25,224 [Worker-11: Update Maven projects configuration] INFO  o.e.m.c.i.e.AbstractTransferListenerAdapter - Downloading https://repo.maven.apache.org/maven2/org/assertj/assertj-core/3.27.3/assertj-core-3.27.3.pom
2025-06-02 11:33:25,273 [Worker-11: Update Maven projects configuration] INFO  o.e.m.c.i.e.AbstractTransferListenerAdapter - Downloaded https://repo.maven.apache.org/maven2/org/assertj/assertj-core/3.27.3/assertj-core-3.27.3.pom
2025-06-02 11:33:25,333 [Worker-11: Update Maven projects configuration] INFO  o.e.m.c.i.e.AbstractTransferListenerAdapter - Downloading https://repo.maven.apache.org/maven2/org/awaitility/awaitility/4.3.0/awaitility-4.3.0.pom
2025-06-02 11:33:25,370 [Worker-11: Update Maven projects configuration] INFO  o.e.m.c.i.e.AbstractTransferListenerAdapter - Downloaded https://repo.maven.apache.org/maven2/org/awaitility/awaitility/4.3.0/awaitility-4.3.0.pom
2025-06-02 11:33:25,446 [Worker-11: Update Maven projects configuration] INFO  o.e.m.c.i.e.AbstractTransferListenerAdapter - Downloading https://repo.maven.apache.org/maven2/org/awaitility/awaitility-parent/4.3.0/awaitility-parent-4.3.0.pom
2025-06-02 11:33:25,494 [Worker-11: Update Maven projects configuration] INFO  o.e.m.c.i.e.AbstractTransferListenerAdapter - Downloaded https://repo.maven.apache.org/maven2/org/awaitility/awaitility-parent/4.3.0/awaitility-parent-4.3.0.pom
2025-06-02 11:33:25,572 [Worker-11: Update Maven projects configuration] INFO  o.e.m.c.i.e.AbstractTransferListenerAdapter - Downloading https://repo.maven.apache.org/maven2/org/hamcrest/hamcrest/3.0/hamcrest-3.0.pom
2025-06-02 11:33:25,613 [Worker-11: Update Maven projects configuration] INFO  o.e.m.c.i.e.AbstractTransferListenerAdapter - Downloaded https://repo.maven.apache.org/maven2/org/hamcrest/hamcrest/3.0/hamcrest-3.0.pom
2025-06-02 11:33:25,672 [Worker-11: Update Maven projects configuration] INFO  o.e.m.c.i.e.AbstractTransferListenerAdapter - Downloading https://repo.maven.apache.org/maven2/org/junit/jupiter/junit-jupiter/5.12.2/junit-jupiter-5.12.2.pom
2025-06-02 11:33:25,729 [Worker-11: Update Maven projects configuration] INFO  o.e.m.c.i.e.AbstractTransferListenerAdapter - Downloaded https://repo.maven.apache.org/maven2/org/junit/jupiter/junit-jupiter/5.12.2/junit-jupiter-5.12.2.pom
2025-06-02 11:33:25,791 [Worker-11: Update Maven projects configuration] INFO  o.e.m.c.i.e.AbstractTransferListenerAdapter - Downloading https://repo.maven.apache.org/maven2/org/junit/jupiter/junit-jupiter-api/5.12.2/junit-jupiter-api-5.12.2.pom
2025-06-02 11:33:25,833 [Worker-11: Update Maven projects configuration] INFO  o.e.m.c.i.e.AbstractTransferListenerAdapter - Downloaded https://repo.maven.apache.org/maven2/org/junit/jupiter/junit-jupiter-api/5.12.2/junit-jupiter-api-5.12.2.pom
2025-06-02 11:33:25,909 [Worker-11: Update Maven projects configuration] INFO  o.e.m.c.i.e.AbstractTransferListenerAdapter - Downloading https://repo.maven.apache.org/maven2/org/opentest4j/opentest4j/1.3.0/opentest4j-1.3.0.pom
2025-06-02 11:33:25,976 [Worker-11: Update Maven projects configuration] INFO  o.e.m.c.i.e.AbstractTransferListenerAdapter - Downloaded https://repo.maven.apache.org/maven2/org/opentest4j/opentest4j/1.3.0/opentest4j-1.3.0.pom
2025-06-02 11:33:26,039 [Worker-11: Update Maven projects configuration] INFO  o.e.m.c.i.e.AbstractTransferListenerAdapter - Downloading https://repo.maven.apache.org/maven2/org/junit/platform/junit-platform-commons/1.12.2/junit-platform-commons-1.12.2.pom
2025-06-02 11:33:26,078 [Worker-11: Update Maven projects configuration] INFO  o.e.m.c.i.e.AbstractTransferListenerAdapter - Downloaded https://repo.maven.apache.org/maven2/org/junit/platform/junit-platform-commons/1.12.2/junit-platform-commons-1.12.2.pom
2025-06-02 11:33:26,136 [Worker-11: Update Maven projects configuration] INFO  o.e.m.c.i.e.AbstractTransferListenerAdapter - Downloading https://repo.maven.apache.org/maven2/org/apiguardian/apiguardian-api/1.1.2/apiguardian-api-1.1.2.pom
2025-06-02 11:33:26,187 [Worker-11: Update Maven projects configuration] INFO  o.e.m.c.i.e.AbstractTransferListenerAdapter - Downloaded https://repo.maven.apache.org/maven2/org/apiguardian/apiguardian-api/1.1.2/apiguardian-api-1.1.2.pom
2025-06-02 11:33:26,242 [Worker-11: Update Maven projects configuration] INFO  o.e.m.c.i.e.AbstractTransferListenerAdapter - Downloading https://repo.maven.apache.org/maven2/org/junit/jupiter/junit-jupiter-params/5.12.2/junit-jupiter-params-5.12.2.pom
2025-06-02 11:33:26,287 [Worker-11: Update Maven projects configuration] INFO  o.e.m.c.i.e.AbstractTransferListenerAdapter - Downloaded https://repo.maven.apache.org/maven2/org/junit/jupiter/junit-jupiter-params/5.12.2/junit-jupiter-params-5.12.2.pom
2025-06-02 11:33:26,371 [Worker-11: Update Maven projects configuration] INFO  o.e.m.c.i.e.AbstractTransferListenerAdapter - Downloading https://repo.maven.apache.org/maven2/org/junit/jupiter/junit-jupiter-engine/5.12.2/junit-jupiter-engine-5.12.2.pom
2025-06-02 11:33:26,429 [Worker-11: Update Maven projects configuration] INFO  o.e.m.c.i.e.AbstractTransferListenerAdapter - Downloaded https://repo.maven.apache.org/maven2/org/junit/jupiter/junit-jupiter-engine/5.12.2/junit-jupiter-engine-5.12.2.pom
2025-06-02 11:33:26,491 [Worker-11: Update Maven projects configuration] INFO  o.e.m.c.i.e.AbstractTransferListenerAdapter - Downloading https://repo.maven.apache.org/maven2/org/junit/platform/junit-platform-engine/1.12.2/junit-platform-engine-1.12.2.pom
2025-06-02 11:33:26,535 [Worker-11: Update Maven projects configuration] INFO  o.e.m.c.i.e.AbstractTransferListenerAdapter - Downloaded https://repo.maven.apache.org/maven2/org/junit/platform/junit-platform-engine/1.12.2/junit-platform-engine-1.12.2.pom
2025-06-02 11:33:26,624 [Worker-11: Update Maven projects configuration] INFO  o.e.m.c.i.e.AbstractTransferListenerAdapter - Downloading https://repo.maven.apache.org/maven2/org/mockito/mockito-core/5.17.0/mockito-core-5.17.0.pom
2025-06-02 11:33:26,662 [Worker-11: Update Maven projects configuration] INFO  o.e.m.c.i.e.AbstractTransferListenerAdapter - Downloaded https://repo.maven.apache.org/maven2/org/mockito/mockito-core/5.17.0/mockito-core-5.17.0.pom
2025-06-02 11:33:26,754 [Worker-11: Update Maven projects configuration] INFO  o.e.m.c.i.e.AbstractTransferListenerAdapter - Downloading https://repo.maven.apache.org/maven2/net/bytebuddy/byte-buddy-agent/1.17.5/byte-buddy-agent-1.17.5.pom
2025-06-02 11:33:26,813 [Worker-11: Update Maven projects configuration] INFO  o.e.m.c.i.e.AbstractTransferListenerAdapter - Downloaded https://repo.maven.apache.org/maven2/net/bytebuddy/byte-buddy-agent/1.17.5/byte-buddy-agent-1.17.5.pom
2025-06-02 11:33:26,904 [Worker-11: Update Maven projects configuration] INFO  o.e.m.c.i.e.AbstractTransferListenerAdapter - Downloading https://repo.maven.apache.org/maven2/org/objenesis/objenesis/3.3/objenesis-3.3.pom
2025-06-02 11:33:26,940 [Worker-11: Update Maven projects configuration] INFO  o.e.m.c.i.e.AbstractTransferListenerAdapter - Downloaded https://repo.maven.apache.org/maven2/org/objenesis/objenesis/3.3/objenesis-3.3.pom
2025-06-02 11:33:27,011 [Worker-11: Update Maven projects configuration] INFO  o.e.m.c.i.e.AbstractTransferListenerAdapter - Downloading https://repo.maven.apache.org/maven2/org/objenesis/objenesis-parent/3.3/objenesis-parent-3.3.pom
2025-06-02 11:33:27,059 [Worker-11: Update Maven projects configuration] INFO  o.e.m.c.i.e.AbstractTransferListenerAdapter - Downloaded https://repo.maven.apache.org/maven2/org/objenesis/objenesis-parent/3.3/objenesis-parent-3.3.pom
2025-06-02 11:33:27,149 [Worker-11: Update Maven projects configuration] INFO  o.e.m.c.i.e.AbstractTransferListenerAdapter - Downloading https://repo.maven.apache.org/maven2/org/mockito/mockito-junit-jupiter/5.17.0/mockito-junit-jupiter-5.17.0.pom
2025-06-02 11:33:27,205 [Worker-11: Update Maven projects configuration] INFO  o.e.m.c.i.e.AbstractTransferListenerAdapter - Downloaded https://repo.maven.apache.org/maven2/org/mockito/mockito-junit-jupiter/5.17.0/mockito-junit-jupiter-5.17.0.pom
2025-06-02 11:33:27,263 [Worker-11: Update Maven projects configuration] INFO  o.e.m.c.i.e.AbstractTransferListenerAdapter - Downloading https://repo.maven.apache.org/maven2/org/skyscreamer/jsonassert/1.5.3/jsonassert-1.5.3.pom
2025-06-02 11:33:27,315 [Worker-11: Update Maven projects configuration] INFO  o.e.m.c.i.e.AbstractTransferListenerAdapter - Downloaded https://repo.maven.apache.org/maven2/org/skyscreamer/jsonassert/1.5.3/jsonassert-1.5.3.pom
2025-06-02 11:33:27,446 [Worker-11: Update Maven projects configuration] INFO  o.e.m.c.i.e.AbstractTransferListenerAdapter - Downloading https://repo.maven.apache.org/maven2/com/vaadin/external/google/android-json/0.0.20131108.vaadin1/android-json-0.0.20131108.vaadin1.pom
2025-06-02 11:33:27,503 [Worker-11: Update Maven projects configuration] INFO  o.e.m.c.i.e.AbstractTransferListenerAdapter - Downloaded https://repo.maven.apache.org/maven2/com/vaadin/external/google/android-json/0.0.20131108.vaadin1/android-json-0.0.20131108.vaadin1.pom
2025-06-02 11:33:27,572 [Worker-11: Update Maven projects configuration] INFO  o.e.m.c.i.e.AbstractTransferListenerAdapter - Downloading https://repo.maven.apache.org/maven2/org/xmlunit/xmlunit-core/2.10.1/xmlunit-core-2.10.1.pom
2025-06-02 11:33:27,616 [Worker-11: Update Maven projects configuration] INFO  o.e.m.c.i.e.AbstractTransferListenerAdapter - Downloaded https://repo.maven.apache.org/maven2/org/xmlunit/xmlunit-core/2.10.1/xmlunit-core-2.10.1.pom
2025-06-02 11:33:27,677 [Worker-11: Update Maven projects configuration] INFO  o.e.m.c.i.e.AbstractTransferListenerAdapter - Downloading https://repo.maven.apache.org/maven2/org/xmlunit/xmlunit-parent/2.10.1/xmlunit-parent-2.10.1.pom
2025-06-02 11:33:27,726 [Worker-11: Update Maven projects configuration] INFO  o.e.m.c.i.e.AbstractTransferListenerAdapter - Downloaded https://repo.maven.apache.org/maven2/org/xmlunit/xmlunit-parent/2.10.1/xmlunit-parent-2.10.1.pom
2025-06-02 11:33:28,005 [Worker-11: Update Maven projects configuration] INFO  o.e.m.c.i.e.AbstractTransferListenerAdapter - Downloading https://repo.maven.apache.org/maven2/org/springframework/boot/spring-boot-starter-data-jdbc/3.5.0/spring-boot-starter-data-jdbc-3.5.0.jar
2025-06-02 11:33:28,132 [Worker-11: Update Maven projects configuration] INFO  o.e.m.c.i.e.AbstractTransferListenerAdapter - Downloaded https://repo.maven.apache.org/maven2/org/springframework/boot/spring-boot-starter-data-jdbc/3.5.0/spring-boot-starter-data-jdbc-3.5.0.jar
2025-06-02 11:33:28,186 [BasicRepositoryConnector-repo.maven.apache.org-1-0] INFO  o.e.m.c.i.e.AbstractTransferListenerAdapter - Downloading https://repo.maven.apache.org/maven2/org/springframework/boot/spring-boot-starter-jdbc/3.5.0/spring-boot-starter-jdbc-3.5.0.jar
2025-06-02 11:33:28,205 [BasicRepositoryConnector-repo.maven.apache.org-1-2] INFO  o.e.m.c.i.e.AbstractTransferListenerAdapter - Downloading https://repo.maven.apache.org/maven2/org/springframework/spring-jdbc/6.2.7/spring-jdbc-6.2.7.jar
2025-06-02 11:33:28,238 [BasicRepositoryConnector-repo.maven.apache.org-1-1] INFO  o.e.m.c.i.e.AbstractTransferListenerAdapter - Downloading https://repo.maven.apache.org/maven2/com/zaxxer/HikariCP/6.3.0/HikariCP-6.3.0.jar
2025-06-02 11:33:28,241 [BasicRepositoryConnector-repo.maven.apache.org-1-4] INFO  o.e.m.c.i.e.AbstractTransferListenerAdapter - Downloading https://repo.maven.apache.org/maven2/org/springframework/data/spring-data-relational/3.5.0/spring-data-relational-3.5.0.jar
2025-06-02 11:33:28,242 [BasicRepositoryConnector-repo.maven.apache.org-1-3] INFO  o.e.m.c.i.e.AbstractTransferListenerAdapter - Downloading https://repo.maven.apache.org/maven2/org/springframework/data/spring-data-jdbc/3.5.0/spring-data-jdbc-3.5.0.jar
2025-06-02 11:33:28,435 [BasicRepositoryConnector-repo.maven.apache.org-1-1] INFO  o.e.m.c.i.e.AbstractTransferListenerAdapter - Downloaded https://repo.maven.apache.org/maven2/com/zaxxer/HikariCP/6.3.0/HikariCP-6.3.0.jar
2025-06-02 11:33:28,474 [BasicRepositoryConnector-repo.maven.apache.org-1-2] INFO  o.e.m.c.i.e.AbstractTransferListenerAdapter - Downloaded https://repo.maven.apache.org/maven2/org/springframework/spring-jdbc/6.2.7/spring-jdbc-6.2.7.jar
2025-06-02 11:33:28,523 [BasicRepositoryConnector-repo.maven.apache.org-1-1] INFO  o.e.m.c.i.e.AbstractTransferListenerAdapter - Downloading https://repo.maven.apache.org/maven2/org/springframework/data/spring-data-commons/3.5.0/spring-data-commons-3.5.0.jar
2025-06-02 11:33:28,565 [BasicRepositoryConnector-repo.maven.apache.org-1-2] INFO  o.e.m.c.i.e.AbstractTransferListenerAdapter - Downloading https://repo.maven.apache.org/maven2/org/springframework/spring-tx/6.2.7/spring-tx-6.2.7.jar
2025-06-02 11:33:28,538 [BasicRepositoryConnector-repo.maven.apache.org-1-0] INFO  o.e.m.c.i.e.AbstractTransferListenerAdapter - Downloaded https://repo.maven.apache.org/maven2/org/springframework/boot/spring-boot-starter-jdbc/3.5.0/spring-boot-starter-jdbc-3.5.0.jar
2025-06-02 11:33:28,671 [BasicRepositoryConnector-repo.maven.apache.org-1-3] INFO  o.e.m.c.i.e.AbstractTransferListenerAdapter - Downloaded https://repo.maven.apache.org/maven2/org/springframework/data/spring-data-jdbc/3.5.0/spring-data-jdbc-3.5.0.jar
2025-06-02 11:33:28,819 [BasicRepositoryConnector-repo.maven.apache.org-1-4] INFO  o.e.m.c.i.e.AbstractTransferListenerAdapter - Downloaded https://repo.maven.apache.org/maven2/org/springframework/data/spring-data-relational/3.5.0/spring-data-relational-3.5.0.jar
2025-06-02 11:33:28,850 [BasicRepositoryConnector-repo.maven.apache.org-1-2] INFO  o.e.m.c.i.e.AbstractTransferListenerAdapter - Downloaded https://repo.maven.apache.org/maven2/org/springframework/spring-tx/6.2.7/spring-tx-6.2.7.jar
2025-06-02 11:33:28,937 [BasicRepositoryConnector-repo.maven.apache.org-1-4] INFO  o.e.m.c.i.e.AbstractTransferListenerAdapter - Downloading https://repo.maven.apache.org/maven2/org/slf4j/slf4j-api/2.0.17/slf4j-api-2.0.17.jar
2025-06-02 11:33:28,958 [BasicRepositoryConnector-repo.maven.apache.org-1-2] INFO  o.e.m.c.i.e.AbstractTransferListenerAdapter - Downloading https://repo.maven.apache.org/maven2/org/springframework/boot/spring-boot-starter-data-jpa/3.5.0/spring-boot-starter-data-jpa-3.5.0.jar
2025-06-02 11:33:28,988 [BasicRepositoryConnector-repo.maven.apache.org-1-0] INFO  o.e.m.c.i.e.AbstractTransferListenerAdapter - Downloading https://repo.maven.apache.org/maven2/org/springframework/spring-context/6.2.7/spring-context-6.2.7.jar
2025-06-02 11:33:28,990 [BasicRepositoryConnector-repo.maven.apache.org-1-3] INFO  o.e.m.c.i.e.AbstractTransferListenerAdapter - Downloading https://repo.maven.apache.org/maven2/org/springframework/spring-beans/6.2.7/spring-beans-6.2.7.jar
2025-06-02 11:33:29,016 [BasicRepositoryConnector-repo.maven.apache.org-1-1] INFO  o.e.m.c.i.e.AbstractTransferListenerAdapter - Downloaded https://repo.maven.apache.org/maven2/org/springframework/data/spring-data-commons/3.5.0/spring-data-commons-3.5.0.jar
2025-06-02 11:33:29,024 [BasicRepositoryConnector-repo.maven.apache.org-1-4] INFO  o.e.m.c.i.e.AbstractTransferListenerAdapter - Downloaded https://repo.maven.apache.org/maven2/org/slf4j/slf4j-api/2.0.17/slf4j-api-2.0.17.jar
2025-06-02 11:33:29,120 [BasicRepositoryConnector-repo.maven.apache.org-1-2] INFO  o.e.m.c.i.e.AbstractTransferListenerAdapter - Downloaded https://repo.maven.apache.org/maven2/org/springframework/boot/spring-boot-starter-data-jpa/3.5.0/spring-boot-starter-data-jpa-3.5.0.jar
2025-06-02 11:33:29,171 [BasicRepositoryConnector-repo.maven.apache.org-1-1] INFO  o.e.m.c.i.e.AbstractTransferListenerAdapter - Downloading https://repo.maven.apache.org/maven2/org/springframework/boot/spring-boot-starter/3.5.0/spring-boot-starter-3.5.0.jar
2025-06-02 11:33:29,208 [BasicRepositoryConnector-repo.maven.apache.org-1-4] INFO  o.e.m.c.i.e.AbstractTransferListenerAdapter - Downloading https://repo.maven.apache.org/maven2/org/springframework/boot/spring-boot-starter-logging/3.5.0/spring-boot-starter-logging-3.5.0.jar
2025-06-02 11:33:29,273 [BasicRepositoryConnector-repo.maven.apache.org-1-2] INFO  o.e.m.c.i.e.AbstractTransferListenerAdapter - Downloading https://repo.maven.apache.org/maven2/ch/qos/logback/logback-classic/1.5.18/logback-classic-1.5.18.jar
2025-06-02 11:33:29,311 [BasicRepositoryConnector-repo.maven.apache.org-1-1] INFO  o.e.m.c.i.e.AbstractTransferListenerAdapter - Downloaded https://repo.maven.apache.org/maven2/org/springframework/boot/spring-boot-starter/3.5.0/spring-boot-starter-3.5.0.jar
2025-06-02 11:33:29,321 [BasicRepositoryConnector-repo.maven.apache.org-1-4] INFO  o.e.m.c.i.e.AbstractTransferListenerAdapter - Downloaded https://repo.maven.apache.org/maven2/org/springframework/boot/spring-boot-starter-logging/3.5.0/spring-boot-starter-logging-3.5.0.jar
2025-06-02 11:33:29,379 [BasicRepositoryConnector-repo.maven.apache.org-1-1] INFO  o.e.m.c.i.e.AbstractTransferListenerAdapter - Downloading https://repo.maven.apache.org/maven2/ch/qos/logback/logback-core/1.5.18/logback-core-1.5.18.jar
2025-06-02 11:33:29,380 [BasicRepositoryConnector-repo.maven.apache.org-1-4] INFO  o.e.m.c.i.e.AbstractTransferListenerAdapter - Downloading https://repo.maven.apache.org/maven2/org/apache/logging/log4j/log4j-to-slf4j/2.24.3/log4j-to-slf4j-2.24.3.jar
2025-06-02 11:33:29,463 [BasicRepositoryConnector-repo.maven.apache.org-1-2] INFO  o.e.m.c.i.e.AbstractTransferListenerAdapter - Downloaded https://repo.maven.apache.org/maven2/ch/qos/logback/logback-classic/1.5.18/logback-classic-1.5.18.jar
2025-06-02 11:33:29,516 [BasicRepositoryConnector-repo.maven.apache.org-1-3] INFO  o.e.m.c.i.e.AbstractTransferListenerAdapter - Downloaded https://repo.maven.apache.org/maven2/org/springframework/spring-beans/6.2.7/spring-beans-6.2.7.jar
2025-06-02 11:33:29,556 [BasicRepositoryConnector-repo.maven.apache.org-1-2] INFO  o.e.m.c.i.e.AbstractTransferListenerAdapter - Downloading https://repo.maven.apache.org/maven2/org/apache/logging/log4j/log4j-api/2.24.3/log4j-api-2.24.3.jar
2025-06-02 11:33:29,587 [BasicRepositoryConnector-repo.maven.apache.org-1-3] INFO  o.e.m.c.i.e.AbstractTransferListenerAdapter - Downloading https://repo.maven.apache.org/maven2/org/slf4j/jul-to-slf4j/2.0.17/jul-to-slf4j-2.0.17.jar
2025-06-02 11:33:29,682 [BasicRepositoryConnector-repo.maven.apache.org-1-2] INFO  o.e.m.c.i.e.AbstractTransferListenerAdapter - Downloaded https://repo.maven.apache.org/maven2/org/apache/logging/log4j/log4j-api/2.24.3/log4j-api-2.24.3.jar
2025-06-02 11:33:29,685 [BasicRepositoryConnector-repo.maven.apache.org-1-1] INFO  o.e.m.c.i.e.AbstractTransferListenerAdapter - Downloaded https://repo.maven.apache.org/maven2/ch/qos/logback/logback-core/1.5.18/logback-core-1.5.18.jar
2025-06-02 11:33:29,701 [BasicRepositoryConnector-repo.maven.apache.org-1-3] INFO  o.e.m.c.i.e.AbstractTransferListenerAdapter - Downloaded https://repo.maven.apache.org/maven2/org/slf4j/jul-to-slf4j/2.0.17/jul-to-slf4j-2.0.17.jar
2025-06-02 11:33:29,732 [BasicRepositoryConnector-repo.maven.apache.org-1-1] INFO  o.e.m.c.i.e.AbstractTransferListenerAdapter - Downloading https://repo.maven.apache.org/maven2/org/yaml/snakeyaml/2.4/snakeyaml-2.4.jar
2025-06-02 11:33:29,738 [BasicRepositoryConnector-repo.maven.apache.org-1-2] INFO  o.e.m.c.i.e.AbstractTransferListenerAdapter - Downloading https://repo.maven.apache.org/maven2/jakarta/annotation/jakarta.annotation-api/2.1.1/jakarta.annotation-api-2.1.1.jar
2025-06-02 11:33:29,823 [BasicRepositoryConnector-repo.maven.apache.org-1-3] INFO  o.e.m.c.i.e.AbstractTransferListenerAdapter - Downloading https://repo.maven.apache.org/maven2/org/hibernate/orm/hibernate-core/6.6.15.Final/hibernate-core-6.6.15.Final.jar
2025-06-02 11:33:29,884 [BasicRepositoryConnector-repo.maven.apache.org-1-1] INFO  o.e.m.c.i.e.AbstractTransferListenerAdapter - Downloaded https://repo.maven.apache.org/maven2/org/yaml/snakeyaml/2.4/snakeyaml-2.4.jar
2025-06-02 11:33:29,934 [BasicRepositoryConnector-repo.maven.apache.org-1-1] INFO  o.e.m.c.i.e.AbstractTransferListenerAdapter - Downloading https://repo.maven.apache.org/maven2/jakarta/persistence/jakarta.persistence-api/3.1.0/jakarta.persistence-api-3.1.0.jar
2025-06-02 11:33:30,040 [BasicRepositoryConnector-repo.maven.apache.org-1-0] INFO  o.e.m.c.i.e.AbstractTransferListenerAdapter - Downloaded https://repo.maven.apache.org/maven2/org/springframework/spring-context/6.2.7/spring-context-6.2.7.jar
2025-06-02 11:33:30,052 [BasicRepositoryConnector-repo.maven.apache.org-1-1] INFO  o.e.m.c.i.e.AbstractTransferListenerAdapter - Downloaded https://repo.maven.apache.org/maven2/jakarta/persistence/jakarta.persistence-api/3.1.0/jakarta.persistence-api-3.1.0.jar
2025-06-02 11:33:30,099 [BasicRepositoryConnector-repo.maven.apache.org-1-0] INFO  o.e.m.c.i.e.AbstractTransferListenerAdapter - Downloading https://repo.maven.apache.org/maven2/jakarta/transaction/jakarta.transaction-api/2.0.1/jakarta.transaction-api-2.0.1.jar
2025-06-02 11:33:30,133 [BasicRepositoryConnector-repo.maven.apache.org-1-1] INFO  o.e.m.c.i.e.AbstractTransferListenerAdapter - Downloading https://repo.maven.apache.org/maven2/org/jboss/logging/jboss-logging/3.6.1.Final/jboss-logging-3.6.1.Final.jar
2025-06-02 11:33:30,230 [BasicRepositoryConnector-repo.maven.apache.org-1-1] INFO  o.e.m.c.i.e.AbstractTransferListenerAdapter - Downloaded https://repo.maven.apache.org/maven2/org/jboss/logging/jboss-logging/3.6.1.Final/jboss-logging-3.6.1.Final.jar
2025-06-02 11:33:30,282 [BasicRepositoryConnector-repo.maven.apache.org-1-1] INFO  o.e.m.c.i.e.AbstractTransferListenerAdapter - Downloading https://repo.maven.apache.org/maven2/org/hibernate/common/hibernate-commons-annotations/7.0.3.Final/hibernate-commons-annotations-7.0.3.Final.jar
2025-06-02 11:33:30,403 [BasicRepositoryConnector-repo.maven.apache.org-1-1] INFO  o.e.m.c.i.e.AbstractTransferListenerAdapter - Downloaded https://repo.maven.apache.org/maven2/org/hibernate/common/hibernate-commons-annotations/7.0.3.Final/hibernate-commons-annotations-7.0.3.Final.jar
2025-06-02 11:33:30,464 [BasicRepositoryConnector-repo.maven.apache.org-1-1] INFO  o.e.m.c.i.e.AbstractTransferListenerAdapter - Downloading https://repo.maven.apache.org/maven2/io/smallrye/jandex/3.2.0/jandex-3.2.0.jar
2025-06-02 11:33:30,657 [BasicRepositoryConnector-repo.maven.apache.org-1-0] INFO  o.e.m.c.i.e.AbstractTransferListenerAdapter - Downloaded https://repo.maven.apache.org/maven2/jakarta/transaction/jakarta.transaction-api/2.0.1/jakarta.transaction-api-2.0.1.jar
2025-06-02 11:33:30,797 [BasicRepositoryConnector-repo.maven.apache.org-1-1] INFO  o.e.m.c.i.e.AbstractTransferListenerAdapter - Downloaded https://repo.maven.apache.org/maven2/io/smallrye/jandex/3.2.0/jandex-3.2.0.jar
2025-06-02 11:33:30,803 [BasicRepositoryConnector-repo.maven.apache.org-1-0] INFO  o.e.m.c.i.e.AbstractTransferListenerAdapter - Downloading https://repo.maven.apache.org/maven2/com/fasterxml/classmate/1.7.0/classmate-1.7.0.jar
2025-06-02 11:33:30,868 [BasicRepositoryConnector-repo.maven.apache.org-1-1] INFO  o.e.m.c.i.e.AbstractTransferListenerAdapter - Downloading https://repo.maven.apache.org/maven2/net/bytebuddy/byte-buddy/1.17.5/byte-buddy-1.17.5.jar
2025-06-02 11:33:31,029 [BasicRepositoryConnector-repo.maven.apache.org-1-4] INFO  o.e.m.c.i.e.AbstractTransferListenerAdapter - Downloaded https://repo.maven.apache.org/maven2/org/apache/logging/log4j/log4j-to-slf4j/2.24.3/log4j-to-slf4j-2.24.3.jar
2025-06-02 11:33:31,062 [BasicRepositoryConnector-repo.maven.apache.org-1-2] INFO  o.e.m.c.i.e.AbstractTransferListenerAdapter - Downloaded https://repo.maven.apache.org/maven2/jakarta/annotation/jakarta.annotation-api/2.1.1/jakarta.annotation-api-2.1.1.jar
2025-06-02 11:33:31,151 [BasicRepositoryConnector-repo.maven.apache.org-1-4] INFO  o.e.m.c.i.e.AbstractTransferListenerAdapter - Downloading https://repo.maven.apache.org/maven2/org/glassfish/jaxb/jaxb-runtime/4.0.5/jaxb-runtime-4.0.5.jar
2025-06-02 11:33:31,297 [BasicRepositoryConnector-repo.maven.apache.org-1-0] INFO  o.e.m.c.i.e.AbstractTransferListenerAdapter - Downloaded https://repo.maven.apache.org/maven2/com/fasterxml/classmate/1.7.0/classmate-1.7.0.jar
2025-06-02 11:33:31,449 [BasicRepositoryConnector-repo.maven.apache.org-1-2] INFO  o.e.m.c.i.e.AbstractTransferListenerAdapter - Downloading https://repo.maven.apache.org/maven2/org/glassfish/jaxb/jaxb-core/4.0.5/jaxb-core-4.0.5.jar
2025-06-02 11:33:31,476 [BasicRepositoryConnector-repo.maven.apache.org-1-4] INFO  o.e.m.c.i.e.AbstractTransferListenerAdapter - Downloaded https://repo.maven.apache.org/maven2/org/glassfish/jaxb/jaxb-runtime/4.0.5/jaxb-runtime-4.0.5.jar
2025-06-02 11:33:31,499 [BasicRepositoryConnector-repo.maven.apache.org-1-0] INFO  o.e.m.c.i.e.AbstractTransferListenerAdapter - Downloading https://repo.maven.apache.org/maven2/org/eclipse/angus/angus-activation/2.0.2/angus-activation-2.0.2.jar
2025-06-02 11:33:31,542 [BasicRepositoryConnector-repo.maven.apache.org-1-2] INFO  o.e.m.c.i.e.AbstractTransferListenerAdapter - Downloaded https://repo.maven.apache.org/maven2/org/glassfish/jaxb/jaxb-core/4.0.5/jaxb-core-4.0.5.jar
2025-06-02 11:33:31,599 [BasicRepositoryConnector-repo.maven.apache.org-1-4] INFO  o.e.m.c.i.e.AbstractTransferListenerAdapter - Downloading https://repo.maven.apache.org/maven2/org/glassfish/jaxb/txw2/4.0.5/txw2-4.0.5.jar
2025-06-02 11:33:31,650 [BasicRepositoryConnector-repo.maven.apache.org-1-2] INFO  o.e.m.c.i.e.AbstractTransferListenerAdapter - Downloading https://repo.maven.apache.org/maven2/com/sun/istack/istack-commons-runtime/4.1.2/istack-commons-runtime-4.1.2.jar
2025-06-02 11:33:32,945 [BasicRepositoryConnector-repo.maven.apache.org-1-0] INFO  o.e.m.c.i.e.AbstractTransferListenerAdapter - Downloaded https://repo.maven.apache.org/maven2/org/eclipse/angus/angus-activation/2.0.2/angus-activation-2.0.2.jar
2025-06-02 11:33:32,988 [BasicRepositoryConnector-repo.maven.apache.org-1-4] INFO  o.e.m.c.i.e.AbstractTransferListenerAdapter - Downloaded https://repo.maven.apache.org/maven2/org/glassfish/jaxb/txw2/4.0.5/txw2-4.0.5.jar
2025-06-02 11:33:33,011 [BasicRepositoryConnector-repo.maven.apache.org-1-2] INFO  o.e.m.c.i.e.AbstractTransferListenerAdapter - Downloaded https://repo.maven.apache.org/maven2/com/sun/istack/istack-commons-runtime/4.1.2/istack-commons-runtime-4.1.2.jar
2025-06-02 11:33:33,113 [BasicRepositoryConnector-repo.maven.apache.org-1-0] INFO  o.e.m.c.i.e.AbstractTransferListenerAdapter - Downloading https://repo.maven.apache.org/maven2/jakarta/inject/jakarta.inject-api/2.0.1/jakarta.inject-api-2.0.1.jar
2025-06-02 11:33:33,146 [BasicRepositoryConnector-repo.maven.apache.org-1-4] INFO  o.e.m.c.i.e.AbstractTransferListenerAdapter - Downloading https://repo.maven.apache.org/maven2/org/antlr/antlr4-runtime/4.13.0/antlr4-runtime-4.13.0.jar
2025-06-02 11:33:33,222 [BasicRepositoryConnector-repo.maven.apache.org-1-2] INFO  o.e.m.c.i.e.AbstractTransferListenerAdapter - Downloading https://repo.maven.apache.org/maven2/org/springframework/data/spring-data-jpa/3.5.0/spring-data-jpa-3.5.0.jar
2025-06-02 11:33:33,602 [BasicRepositoryConnector-repo.maven.apache.org-1-4] INFO  o.e.m.c.i.e.AbstractTransferListenerAdapter - Downloaded https://repo.maven.apache.org/maven2/org/antlr/antlr4-runtime/4.13.0/antlr4-runtime-4.13.0.jar
2025-06-02 11:33:33,641 [BasicRepositoryConnector-repo.maven.apache.org-1-0] INFO  o.e.m.c.i.e.AbstractTransferListenerAdapter - Downloaded https://repo.maven.apache.org/maven2/jakarta/inject/jakarta.inject-api/2.0.1/jakarta.inject-api-2.0.1.jar
2025-06-02 11:33:33,655 [BasicRepositoryConnector-repo.maven.apache.org-1-2] INFO  o.e.m.c.i.e.AbstractTransferListenerAdapter - Downloaded https://repo.maven.apache.org/maven2/org/springframework/data/spring-data-jpa/3.5.0/spring-data-jpa-3.5.0.jar
2025-06-02 11:33:33,705 [BasicRepositoryConnector-repo.maven.apache.org-1-0] INFO  o.e.m.c.i.e.AbstractTransferListenerAdapter - Downloading https://repo.maven.apache.org/maven2/org/springframework/spring-orm/6.2.7/spring-orm-6.2.7.jar
2025-06-02 11:33:33,728 [BasicRepositoryConnector-repo.maven.apache.org-1-2] INFO  o.e.m.c.i.e.AbstractTransferListenerAdapter - Downloading https://repo.maven.apache.org/maven2/org/springframework/spring-aop/6.2.7/spring-aop-6.2.7.jar
2025-06-02 11:33:33,772 [BasicRepositoryConnector-repo.maven.apache.org-1-4] INFO  o.e.m.c.i.e.AbstractTransferListenerAdapter - Downloading https://repo.maven.apache.org/maven2/org/springframework/spring-aspects/6.2.7/spring-aspects-6.2.7.jar
2025-06-02 11:33:33,856 [BasicRepositoryConnector-repo.maven.apache.org-1-2] INFO  o.e.m.c.i.e.AbstractTransferListenerAdapter - Downloaded https://repo.maven.apache.org/maven2/org/springframework/spring-aop/6.2.7/spring-aop-6.2.7.jar
2025-06-02 11:33:33,860 [BasicRepositoryConnector-repo.maven.apache.org-1-0] INFO  o.e.m.c.i.e.AbstractTransferListenerAdapter - Downloaded https://repo.maven.apache.org/maven2/org/springframework/spring-orm/6.2.7/spring-orm-6.2.7.jar
2025-06-02 11:33:33,918 [BasicRepositoryConnector-repo.maven.apache.org-1-0] INFO  o.e.m.c.i.e.AbstractTransferListenerAdapter - Downloading https://repo.maven.apache.org/maven2/org/springframework/boot/spring-boot-starter-web/3.5.0/spring-boot-starter-web-3.5.0.jar
2025-06-02 11:33:33,920 [BasicRepositoryConnector-repo.maven.apache.org-1-2] INFO  o.e.m.c.i.e.AbstractTransferListenerAdapter - Downloading https://repo.maven.apache.org/maven2/org/aspectj/aspectjweaver/1.9.24/aspectjweaver-1.9.24.jar
2025-06-02 11:33:34,001 [BasicRepositoryConnector-repo.maven.apache.org-1-0] INFO  o.e.m.c.i.e.AbstractTransferListenerAdapter - Downloaded https://repo.maven.apache.org/maven2/org/springframework/boot/spring-boot-starter-web/3.5.0/spring-boot-starter-web-3.5.0.jar
2025-06-02 11:33:34,063 [BasicRepositoryConnector-repo.maven.apache.org-1-0] INFO  o.e.m.c.i.e.AbstractTransferListenerAdapter - Downloading https://repo.maven.apache.org/maven2/org/springframework/boot/spring-boot-starter-json/3.5.0/spring-boot-starter-json-3.5.0.jar
2025-06-02 11:33:34,164 [BasicRepositoryConnector-repo.maven.apache.org-1-0] INFO  o.e.m.c.i.e.AbstractTransferListenerAdapter - Downloaded https://repo.maven.apache.org/maven2/org/springframework/boot/spring-boot-starter-json/3.5.0/spring-boot-starter-json-3.5.0.jar
2025-06-02 11:33:34,222 [BasicRepositoryConnector-repo.maven.apache.org-1-0] INFO  o.e.m.c.i.e.AbstractTransferListenerAdapter - Downloading https://repo.maven.apache.org/maven2/com/fasterxml/jackson/core/jackson-databind/2.19.0/jackson-databind-2.19.0.jar
2025-06-02 11:33:34,383 [BasicRepositoryConnector-repo.maven.apache.org-1-1] INFO  o.e.m.c.i.e.AbstractTransferListenerAdapter - Downloaded https://repo.maven.apache.org/maven2/net/bytebuddy/byte-buddy/1.17.5/byte-buddy-1.17.5.jar
2025-06-02 11:33:34,396 [BasicRepositoryConnector-repo.maven.apache.org-1-3] INFO  o.e.m.c.i.e.AbstractTransferListenerAdapter - Downloaded https://repo.maven.apache.org/maven2/org/hibernate/orm/hibernate-core/6.6.15.Final/hibernate-core-6.6.15.Final.jar
2025-06-02 11:33:34,443 [BasicRepositoryConnector-repo.maven.apache.org-1-1] INFO  o.e.m.c.i.e.AbstractTransferListenerAdapter - Downloading https://repo.maven.apache.org/maven2/com/fasterxml/jackson/core/jackson-annotations/2.19.0/jackson-annotations-2.19.0.jar
2025-06-02 11:33:34,520 [BasicRepositoryConnector-repo.maven.apache.org-1-1] INFO  o.e.m.c.i.e.AbstractTransferListenerAdapter - Downloaded https://repo.maven.apache.org/maven2/com/fasterxml/jackson/core/jackson-annotations/2.19.0/jackson-annotations-2.19.0.jar
2025-06-02 11:33:34,526 [BasicRepositoryConnector-repo.maven.apache.org-1-0] INFO  o.e.m.c.i.e.AbstractTransferListenerAdapter - Downloaded https://repo.maven.apache.org/maven2/com/fasterxml/jackson/core/jackson-databind/2.19.0/jackson-databind-2.19.0.jar
2025-06-02 11:33:34,558 [BasicRepositoryConnector-repo.maven.apache.org-1-2] INFO  o.e.m.c.i.e.AbstractTransferListenerAdapter - Downloaded https://repo.maven.apache.org/maven2/org/aspectj/aspectjweaver/1.9.24/aspectjweaver-1.9.24.jar
2025-06-02 11:33:34,568 [BasicRepositoryConnector-repo.maven.apache.org-1-1] INFO  o.e.m.c.i.e.AbstractTransferListenerAdapter - Downloading https://repo.maven.apache.org/maven2/com/fasterxml/jackson/datatype/jackson-datatype-jdk8/2.19.0/jackson-datatype-jdk8-2.19.0.jar
2025-06-02 11:33:34,575 [BasicRepositoryConnector-repo.maven.apache.org-1-0] INFO  o.e.m.c.i.e.AbstractTransferListenerAdapter - Downloading https://repo.maven.apache.org/maven2/com/fasterxml/jackson/datatype/jackson-datatype-jsr310/2.19.0/jackson-datatype-jsr310-2.19.0.jar
2025-06-02 11:33:34,655 [BasicRepositoryConnector-repo.maven.apache.org-1-3] INFO  o.e.m.c.i.e.AbstractTransferListenerAdapter - Downloading https://repo.maven.apache.org/maven2/com/fasterxml/jackson/core/jackson-core/2.19.0/jackson-core-2.19.0.jar
2025-06-02 11:33:34,687 [BasicRepositoryConnector-repo.maven.apache.org-1-0] INFO  o.e.m.c.i.e.AbstractTransferListenerAdapter - Downloaded https://repo.maven.apache.org/maven2/com/fasterxml/jackson/datatype/jackson-datatype-jsr310/2.19.0/jackson-datatype-jsr310-2.19.0.jar
2025-06-02 11:33:34,735 [BasicRepositoryConnector-repo.maven.apache.org-1-0] INFO  o.e.m.c.i.e.AbstractTransferListenerAdapter - Downloading https://repo.maven.apache.org/maven2/com/fasterxml/jackson/module/jackson-module-parameter-names/2.19.0/jackson-module-parameter-names-2.19.0.jar
2025-06-02 11:33:35,488 [BasicRepositoryConnector-repo.maven.apache.org-1-3] INFO  o.e.m.c.i.e.AbstractTransferListenerAdapter - Downloaded https://repo.maven.apache.org/maven2/com/fasterxml/jackson/core/jackson-core/2.19.0/jackson-core-2.19.0.jar
2025-06-02 11:33:35,538 [BasicRepositoryConnector-repo.maven.apache.org-1-3] INFO  o.e.m.c.i.e.AbstractTransferListenerAdapter - Downloading https://repo.maven.apache.org/maven2/org/springframework/boot/spring-boot-starter-tomcat/3.5.0/spring-boot-starter-tomcat-3.5.0.jar
2025-06-02 11:33:35,553 [BasicRepositoryConnector-repo.maven.apache.org-1-2] INFO  o.e.m.c.i.e.AbstractTransferListenerAdapter - Downloading https://repo.maven.apache.org/maven2/org/apache/tomcat/embed/tomcat-embed-core/10.1.41/tomcat-embed-core-10.1.41.jar
2025-06-02 11:33:35,606 [BasicRepositoryConnector-repo.maven.apache.org-1-3] INFO  o.e.m.c.i.e.AbstractTransferListenerAdapter - Downloaded https://repo.maven.apache.org/maven2/org/springframework/boot/spring-boot-starter-tomcat/3.5.0/spring-boot-starter-tomcat-3.5.0.jar
2025-06-02 11:33:35,666 [BasicRepositoryConnector-repo.maven.apache.org-1-0] INFO  o.e.m.c.i.e.AbstractTransferListenerAdapter - Downloaded https://repo.maven.apache.org/maven2/com/fasterxml/jackson/module/jackson-module-parameter-names/2.19.0/jackson-module-parameter-names-2.19.0.jar
2025-06-02 11:33:35,700 [BasicRepositoryConnector-repo.maven.apache.org-1-4] INFO  o.e.m.c.i.e.AbstractTransferListenerAdapter - Downloaded https://repo.maven.apache.org/maven2/org/springframework/spring-aspects/6.2.7/spring-aspects-6.2.7.jar
2025-06-02 11:33:35,731 [BasicRepositoryConnector-repo.maven.apache.org-1-3] INFO  o.e.m.c.i.e.AbstractTransferListenerAdapter - Downloading https://repo.maven.apache.org/maven2/org/apache/tomcat/embed/tomcat-embed-el/10.1.41/tomcat-embed-el-10.1.41.jar
2025-06-02 11:33:35,824 [BasicRepositoryConnector-repo.maven.apache.org-1-0] INFO  o.e.m.c.i.e.AbstractTransferListenerAdapter - Downloading https://repo.maven.apache.org/maven2/org/apache/tomcat/embed/tomcat-embed-websocket/10.1.41/tomcat-embed-websocket-10.1.41.jar
2025-06-02 11:33:35,823 [BasicRepositoryConnector-repo.maven.apache.org-1-1] INFO  o.e.m.c.i.e.AbstractTransferListenerAdapter - Downloaded https://repo.maven.apache.org/maven2/com/fasterxml/jackson/datatype/jackson-datatype-jdk8/2.19.0/jackson-datatype-jdk8-2.19.0.jar
2025-06-02 11:33:35,852 [BasicRepositoryConnector-repo.maven.apache.org-1-3] INFO  o.e.m.c.i.e.AbstractTransferListenerAdapter - Downloaded https://repo.maven.apache.org/maven2/org/apache/tomcat/embed/tomcat-embed-el/10.1.41/tomcat-embed-el-10.1.41.jar
2025-06-02 11:33:35,898 [BasicRepositoryConnector-repo.maven.apache.org-1-4] INFO  o.e.m.c.i.e.AbstractTransferListenerAdapter - Downloading https://repo.maven.apache.org/maven2/org/springframework/spring-web/6.2.7/spring-web-6.2.7.jar
2025-06-02 11:33:35,923 [BasicRepositoryConnector-repo.maven.apache.org-1-0] INFO  o.e.m.c.i.e.AbstractTransferListenerAdapter - Downloaded https://repo.maven.apache.org/maven2/org/apache/tomcat/embed/tomcat-embed-websocket/10.1.41/tomcat-embed-websocket-10.1.41.jar
2025-06-02 11:33:36,016 [BasicRepositoryConnector-repo.maven.apache.org-1-1] INFO  o.e.m.c.i.e.AbstractTransferListenerAdapter - Downloading https://repo.maven.apache.org/maven2/io/micrometer/micrometer-observation/1.15.0/micrometer-observation-1.15.0.jar
2025-06-02 11:33:36,050 [BasicRepositoryConnector-repo.maven.apache.org-1-3] INFO  o.e.m.c.i.e.AbstractTransferListenerAdapter - Downloading https://repo.maven.apache.org/maven2/io/micrometer/micrometer-commons/1.15.0/micrometer-commons-1.15.0.jar
2025-06-02 11:33:36,083 [BasicRepositoryConnector-repo.maven.apache.org-1-1] INFO  o.e.m.c.i.e.AbstractTransferListenerAdapter - Downloaded https://repo.maven.apache.org/maven2/io/micrometer/micrometer-observation/1.15.0/micrometer-observation-1.15.0.jar
2025-06-02 11:33:36,098 [BasicRepositoryConnector-repo.maven.apache.org-1-0] INFO  o.e.m.c.i.e.AbstractTransferListenerAdapter - Downloading https://repo.maven.apache.org/maven2/org/springframework/spring-webmvc/6.2.7/spring-webmvc-6.2.7.jar
2025-06-02 11:33:36,282 [BasicRepositoryConnector-repo.maven.apache.org-1-1] INFO  o.e.m.c.i.e.AbstractTransferListenerAdapter - Downloading https://repo.maven.apache.org/maven2/org/springframework/spring-expression/6.2.7/spring-expression-6.2.7.jar
2025-06-02 11:33:36,460 [BasicRepositoryConnector-repo.maven.apache.org-1-1] INFO  o.e.m.c.i.e.AbstractTransferListenerAdapter - Downloaded https://repo.maven.apache.org/maven2/org/springframework/spring-expression/6.2.7/spring-expression-6.2.7.jar
2025-06-02 11:33:36,514 [BasicRepositoryConnector-repo.maven.apache.org-1-1] INFO  o.e.m.c.i.e.AbstractTransferListenerAdapter - Downloading https://repo.maven.apache.org/maven2/org/springframework/boot/spring-boot-devtools/3.5.0/spring-boot-devtools-3.5.0.jar
2025-06-02 11:33:36,647 [BasicRepositoryConnector-repo.maven.apache.org-1-1] INFO  o.e.m.c.i.e.AbstractTransferListenerAdapter - Downloaded https://repo.maven.apache.org/maven2/org/springframework/boot/spring-boot-devtools/3.5.0/spring-boot-devtools-3.5.0.jar
2025-06-02 11:33:36,706 [BasicRepositoryConnector-repo.maven.apache.org-1-1] INFO  o.e.m.c.i.e.AbstractTransferListenerAdapter - Downloading https://repo.maven.apache.org/maven2/org/springframework/boot/spring-boot/3.5.0/spring-boot-3.5.0.jar
2025-06-02 11:33:37,020 [BasicRepositoryConnector-repo.maven.apache.org-1-1] INFO  o.e.m.c.i.e.AbstractTransferListenerAdapter - Downloaded https://repo.maven.apache.org/maven2/org/springframework/boot/spring-boot/3.5.0/spring-boot-3.5.0.jar
2025-06-02 11:33:37,080 [BasicRepositoryConnector-repo.maven.apache.org-1-4] INFO  o.e.m.c.i.e.AbstractTransferListenerAdapter - Downloaded https://repo.maven.apache.org/maven2/org/springframework/spring-web/6.2.7/spring-web-6.2.7.jar
2025-06-02 11:33:37,082 [BasicRepositoryConnector-repo.maven.apache.org-1-0] INFO  o.e.m.c.i.e.AbstractTransferListenerAdapter - Downloaded https://repo.maven.apache.org/maven2/org/springframework/spring-webmvc/6.2.7/spring-webmvc-6.2.7.jar
2025-06-02 11:33:37,091 [BasicRepositoryConnector-repo.maven.apache.org-1-1] INFO  o.e.m.c.i.e.AbstractTransferListenerAdapter - Downloading https://repo.maven.apache.org/maven2/org/springframework/boot/spring-boot-autoconfigure/3.5.0/spring-boot-autoconfigure-3.5.0.jar
2025-06-02 11:33:37,126 [BasicRepositoryConnector-repo.maven.apache.org-1-2] INFO  o.e.m.c.i.e.AbstractTransferListenerAdapter - Downloaded https://repo.maven.apache.org/maven2/org/apache/tomcat/embed/tomcat-embed-core/10.1.41/tomcat-embed-core-10.1.41.jar
2025-06-02 11:33:37,143 [BasicRepositoryConnector-repo.maven.apache.org-1-0] INFO  o.e.m.c.i.e.AbstractTransferListenerAdapter - Downloading https://repo.maven.apache.org/maven2/org/springframework/boot/spring-boot-starter-test/3.5.0/spring-boot-starter-test-3.5.0.jar
2025-06-02 11:33:37,178 [BasicRepositoryConnector-repo.maven.apache.org-1-4] INFO  o.e.m.c.i.e.AbstractTransferListenerAdapter - Downloading https://repo.maven.apache.org/maven2/com/oracle/database/jdbc/ojdbc11/23.7.0.25.01/ojdbc11-23.7.0.25.01.jar
2025-06-02 11:33:37,232 [BasicRepositoryConnector-repo.maven.apache.org-1-2] INFO  o.e.m.c.i.e.AbstractTransferListenerAdapter - Downloading https://repo.maven.apache.org/maven2/org/springframework/boot/spring-boot-test/3.5.0/spring-boot-test-3.5.0.jar
2025-06-02 11:33:37,247 [BasicRepositoryConnector-repo.maven.apache.org-1-0] INFO  o.e.m.c.i.e.AbstractTransferListenerAdapter - Downloaded https://repo.maven.apache.org/maven2/org/springframework/boot/spring-boot-starter-test/3.5.0/spring-boot-starter-test-3.5.0.jar
2025-06-02 11:33:37,368 [BasicRepositoryConnector-repo.maven.apache.org-1-2] INFO  o.e.m.c.i.e.AbstractTransferListenerAdapter - Downloaded https://repo.maven.apache.org/maven2/org/springframework/boot/spring-boot-test/3.5.0/spring-boot-test-3.5.0.jar
2025-06-02 11:33:37,386 [BasicRepositoryConnector-repo.maven.apache.org-1-0] INFO  o.e.m.c.i.e.AbstractTransferListenerAdapter - Downloading https://repo.maven.apache.org/maven2/org/springframework/boot/spring-boot-test-autoconfigure/3.5.0/spring-boot-test-autoconfigure-3.5.0.jar
2025-06-02 11:33:37,497 [BasicRepositoryConnector-repo.maven.apache.org-1-2] INFO  o.e.m.c.i.e.AbstractTransferListenerAdapter - Downloading https://repo.maven.apache.org/maven2/com/jayway/jsonpath/json-path/2.9.0/json-path-2.9.0.jar
2025-06-02 11:33:37,502 [BasicRepositoryConnector-repo.maven.apache.org-1-0] INFO  o.e.m.c.i.e.AbstractTransferListenerAdapter - Downloaded https://repo.maven.apache.org/maven2/org/springframework/boot/spring-boot-test-autoconfigure/3.5.0/spring-boot-test-autoconfigure-3.5.0.jar
2025-06-02 11:33:37,519 [BasicRepositoryConnector-repo.maven.apache.org-1-3] INFO  o.e.m.c.i.e.AbstractTransferListenerAdapter - Downloaded https://repo.maven.apache.org/maven2/io/micrometer/micrometer-commons/1.15.0/micrometer-commons-1.15.0.jar
2025-06-02 11:33:37,625 [BasicRepositoryConnector-repo.maven.apache.org-1-0] INFO  o.e.m.c.i.e.AbstractTransferListenerAdapter - Downloading https://repo.maven.apache.org/maven2/jakarta/xml/bind/jakarta.xml.bind-api/4.0.2/jakarta.xml.bind-api-4.0.2.jar
2025-06-02 11:33:37,628 [BasicRepositoryConnector-repo.maven.apache.org-1-2] INFO  o.e.m.c.i.e.AbstractTransferListenerAdapter - Downloaded https://repo.maven.apache.org/maven2/com/jayway/jsonpath/json-path/2.9.0/json-path-2.9.0.jar
2025-06-02 11:33:37,664 [BasicRepositoryConnector-repo.maven.apache.org-1-3] INFO  o.e.m.c.i.e.AbstractTransferListenerAdapter - Downloading https://repo.maven.apache.org/maven2/jakarta/activation/jakarta.activation-api/2.1.3/jakarta.activation-api-2.1.3.jar
2025-06-02 11:33:37,706 [BasicRepositoryConnector-repo.maven.apache.org-1-2] INFO  o.e.m.c.i.e.AbstractTransferListenerAdapter - Downloading https://repo.maven.apache.org/maven2/net/minidev/json-smart/2.5.2/json-smart-2.5.2.jar
2025-06-02 11:33:37,741 [BasicRepositoryConnector-repo.maven.apache.org-1-0] INFO  o.e.m.c.i.e.AbstractTransferListenerAdapter - Downloaded https://repo.maven.apache.org/maven2/jakarta/xml/bind/jakarta.xml.bind-api/4.0.2/jakarta.xml.bind-api-4.0.2.jar
2025-06-02 11:33:37,797 [BasicRepositoryConnector-repo.maven.apache.org-1-0] INFO  o.e.m.c.i.e.AbstractTransferListenerAdapter - Downloading https://repo.maven.apache.org/maven2/net/minidev/accessors-smart/2.5.2/accessors-smart-2.5.2.jar
2025-06-02 11:33:37,888 [BasicRepositoryConnector-repo.maven.apache.org-1-2] INFO  o.e.m.c.i.e.AbstractTransferListenerAdapter - Downloaded https://repo.maven.apache.org/maven2/net/minidev/json-smart/2.5.2/json-smart-2.5.2.jar
2025-06-02 11:33:37,946 [BasicRepositoryConnector-repo.maven.apache.org-1-2] INFO  o.e.m.c.i.e.AbstractTransferListenerAdapter - Downloading https://repo.maven.apache.org/maven2/org/assertj/assertj-core/3.27.3/assertj-core-3.27.3.jar
2025-06-02 11:33:38,095 [BasicRepositoryConnector-repo.maven.apache.org-1-1] INFO  o.e.m.c.i.e.AbstractTransferListenerAdapter - Downloaded https://repo.maven.apache.org/maven2/org/springframework/boot/spring-boot-autoconfigure/3.5.0/spring-boot-autoconfigure-3.5.0.jar
2025-06-02 11:33:38,103 [BasicRepositoryConnector-repo.maven.apache.org-1-3] INFO  o.e.m.c.i.e.AbstractTransferListenerAdapter - Downloaded https://repo.maven.apache.org/maven2/jakarta/activation/jakarta.activation-api/2.1.3/jakarta.activation-api-2.1.3.jar
2025-06-02 11:33:38,333 [BasicRepositoryConnector-repo.maven.apache.org-1-3] INFO  o.e.m.c.i.e.AbstractTransferListenerAdapter - Downloading https://repo.maven.apache.org/maven2/org/hamcrest/hamcrest/3.0/hamcrest-3.0.jar
2025-06-02 11:33:38,334 [BasicRepositoryConnector-repo.maven.apache.org-1-1] INFO  o.e.m.c.i.e.AbstractTransferListenerAdapter - Downloading https://repo.maven.apache.org/maven2/org/awaitility/awaitility/4.3.0/awaitility-4.3.0.jar
2025-06-02 11:33:38,463 [BasicRepositoryConnector-repo.maven.apache.org-1-2] INFO  o.e.m.c.i.e.AbstractTransferListenerAdapter - Downloaded https://repo.maven.apache.org/maven2/org/assertj/assertj-core/3.27.3/assertj-core-3.27.3.jar
2025-06-02 11:33:38,495 [BasicRepositoryConnector-repo.maven.apache.org-1-1] INFO  o.e.m.c.i.e.AbstractTransferListenerAdapter - Downloaded https://repo.maven.apache.org/maven2/org/awaitility/awaitility/4.3.0/awaitility-4.3.0.jar
2025-06-02 11:33:38,512 [BasicRepositoryConnector-repo.maven.apache.org-1-3] INFO  o.e.m.c.i.e.AbstractTransferListenerAdapter - Downloaded https://repo.maven.apache.org/maven2/org/hamcrest/hamcrest/3.0/hamcrest-3.0.jar
2025-06-02 11:33:38,521 [BasicRepositoryConnector-repo.maven.apache.org-1-2] INFO  o.e.m.c.i.e.AbstractTransferListenerAdapter - Downloading https://repo.maven.apache.org/maven2/org/junit/jupiter/junit-jupiter/5.12.2/junit-jupiter-5.12.2.jar
2025-06-02 11:33:38,559 [BasicRepositoryConnector-repo.maven.apache.org-1-1] INFO  o.e.m.c.i.e.AbstractTransferListenerAdapter - Downloading https://repo.maven.apache.org/maven2/org/junit/jupiter/junit-jupiter-api/5.12.2/junit-jupiter-api-5.12.2.jar
2025-06-02 11:33:38,578 [BasicRepositoryConnector-repo.maven.apache.org-1-3] INFO  o.e.m.c.i.e.AbstractTransferListenerAdapter - Downloading https://repo.maven.apache.org/maven2/org/opentest4j/opentest4j/1.3.0/opentest4j-1.3.0.jar
2025-06-02 11:33:38,697 [BasicRepositoryConnector-repo.maven.apache.org-1-1] INFO  o.e.m.c.i.e.AbstractTransferListenerAdapter - Downloaded https://repo.maven.apache.org/maven2/org/junit/jupiter/junit-jupiter-api/5.12.2/junit-jupiter-api-5.12.2.jar
2025-06-02 11:33:38,773 [BasicRepositoryConnector-repo.maven.apache.org-1-1] INFO  o.e.m.c.i.e.AbstractTransferListenerAdapter - Downloading https://repo.maven.apache.org/maven2/org/junit/platform/junit-platform-commons/1.12.2/junit-platform-commons-1.12.2.jar
2025-06-02 11:33:38,806 [BasicRepositoryConnector-repo.maven.apache.org-1-2] INFO  o.e.m.c.i.e.AbstractTransferListenerAdapter - Downloaded https://repo.maven.apache.org/maven2/org/junit/jupiter/junit-jupiter/5.12.2/junit-jupiter-5.12.2.jar
2025-06-02 11:33:38,851 [BasicRepositoryConnector-repo.maven.apache.org-1-2] INFO  o.e.m.c.i.e.AbstractTransferListenerAdapter - Downloading https://repo.maven.apache.org/maven2/org/apiguardian/apiguardian-api/1.1.2/apiguardian-api-1.1.2.jar
2025-06-02 11:33:38,859 [BasicRepositoryConnector-repo.maven.apache.org-1-1] INFO  o.e.m.c.i.e.AbstractTransferListenerAdapter - Downloaded https://repo.maven.apache.org/maven2/org/junit/platform/junit-platform-commons/1.12.2/junit-platform-commons-1.12.2.jar
2025-06-02 11:33:38,877 [BasicRepositoryConnector-repo.maven.apache.org-1-2] INFO  o.e.m.c.i.e.AbstractTransferListenerAdapter - Downloaded https://repo.maven.apache.org/maven2/org/apiguardian/apiguardian-api/1.1.2/apiguardian-api-1.1.2.jar
2025-06-02 11:33:38,909 [BasicRepositoryConnector-repo.maven.apache.org-1-1] INFO  o.e.m.c.i.e.AbstractTransferListenerAdapter - Downloading https://repo.maven.apache.org/maven2/org/junit/jupiter/junit-jupiter-params/5.12.2/junit-jupiter-params-5.12.2.jar
2025-06-02 11:33:38,953 [BasicRepositoryConnector-repo.maven.apache.org-1-2] INFO  o.e.m.c.i.e.AbstractTransferListenerAdapter - Downloading https://repo.maven.apache.org/maven2/org/junit/jupiter/junit-jupiter-engine/5.12.2/junit-jupiter-engine-5.12.2.jar
2025-06-02 11:33:39,197 [BasicRepositoryConnector-repo.maven.apache.org-1-0] INFO  o.e.m.c.i.e.AbstractTransferListenerAdapter - Downloaded https://repo.maven.apache.org/maven2/net/minidev/accessors-smart/2.5.2/accessors-smart-2.5.2.jar
2025-06-02 11:33:39,218 [BasicRepositoryConnector-repo.maven.apache.org-1-1] INFO  o.e.m.c.i.e.AbstractTransferListenerAdapter - Downloaded https://repo.maven.apache.org/maven2/org/junit/jupiter/junit-jupiter-params/5.12.2/junit-jupiter-params-5.12.2.jar
2025-06-02 11:33:39,225 [BasicRepositoryConnector-repo.maven.apache.org-1-2] INFO  o.e.m.c.i.e.AbstractTransferListenerAdapter - Downloaded https://repo.maven.apache.org/maven2/org/junit/jupiter/junit-jupiter-engine/5.12.2/junit-jupiter-engine-5.12.2.jar
2025-06-02 11:33:39,264 [BasicRepositoryConnector-repo.maven.apache.org-1-1] INFO  o.e.m.c.i.e.AbstractTransferListenerAdapter - Downloading https://repo.maven.apache.org/maven2/org/junit/platform/junit-platform-engine/1.12.2/junit-platform-engine-1.12.2.jar
2025-06-02 11:33:39,273 [BasicRepositoryConnector-repo.maven.apache.org-1-3] INFO  o.e.m.c.i.e.AbstractTransferListenerAdapter - Downloaded https://repo.maven.apache.org/maven2/org/opentest4j/opentest4j/1.3.0/opentest4j-1.3.0.jar
2025-06-02 11:33:39,275 [BasicRepositoryConnector-repo.maven.apache.org-1-2] INFO  o.e.m.c.i.e.AbstractTransferListenerAdapter - Downloading https://repo.maven.apache.org/maven2/org/mockito/mockito-core/5.17.0/mockito-core-5.17.0.jar
2025-06-02 11:33:39,341 [BasicRepositoryConnector-repo.maven.apache.org-1-0] INFO  o.e.m.c.i.e.AbstractTransferListenerAdapter - Downloading https://repo.maven.apache.org/maven2/net/bytebuddy/byte-buddy-agent/1.17.5/byte-buddy-agent-1.17.5.jar
2025-06-02 11:33:39,395 [BasicRepositoryConnector-repo.maven.apache.org-1-3] INFO  o.e.m.c.i.e.AbstractTransferListenerAdapter - Downloading https://repo.maven.apache.org/maven2/org/objenesis/objenesis/3.3/objenesis-3.3.jar
2025-06-02 11:33:39,415 [BasicRepositoryConnector-repo.maven.apache.org-1-1] INFO  o.e.m.c.i.e.AbstractTransferListenerAdapter - Downloaded https://repo.maven.apache.org/maven2/org/junit/platform/junit-platform-engine/1.12.2/junit-platform-engine-1.12.2.jar
2025-06-02 11:33:39,493 [BasicRepositoryConnector-repo.maven.apache.org-1-1] INFO  o.e.m.c.i.e.AbstractTransferListenerAdapter - Downloading https://repo.maven.apache.org/maven2/org/mockito/mockito-junit-jupiter/5.17.0/mockito-junit-jupiter-5.17.0.jar
2025-06-02 11:33:39,554 [BasicRepositoryConnector-repo.maven.apache.org-1-0] INFO  o.e.m.c.i.e.AbstractTransferListenerAdapter - Downloaded https://repo.maven.apache.org/maven2/net/bytebuddy/byte-buddy-agent/1.17.5/byte-buddy-agent-1.17.5.jar
2025-06-02 11:33:39,656 [BasicRepositoryConnector-repo.maven.apache.org-1-0] INFO  o.e.m.c.i.e.AbstractTransferListenerAdapter - Downloading https://repo.maven.apache.org/maven2/org/skyscreamer/jsonassert/1.5.3/jsonassert-1.5.3.jar
2025-06-02 11:33:40,019 [BasicRepositoryConnector-repo.maven.apache.org-1-2] INFO  o.e.m.c.i.e.AbstractTransferListenerAdapter - Downloaded https://repo.maven.apache.org/maven2/org/mockito/mockito-core/5.17.0/mockito-core-5.17.0.jar
2025-06-02 11:33:40,077 [BasicRepositoryConnector-repo.maven.apache.org-1-2] INFO  o.e.m.c.i.e.AbstractTransferListenerAdapter - Downloading https://repo.maven.apache.org/maven2/com/vaadin/external/google/android-json/0.0.20131108.vaadin1/android-json-0.0.20131108.vaadin1.jar
2025-06-02 11:33:40,612 [BasicRepositoryConnector-repo.maven.apache.org-1-4] INFO  o.e.m.c.i.e.AbstractTransferListenerAdapter - Downloaded https://repo.maven.apache.org/maven2/com/oracle/database/jdbc/ojdbc11/23.7.0.25.01/ojdbc11-23.7.0.25.01.jar
2025-06-02 11:33:40,648 [BasicRepositoryConnector-repo.maven.apache.org-1-1] INFO  o.e.m.c.i.e.AbstractTransferListenerAdapter - Downloaded https://repo.maven.apache.org/maven2/org/mockito/mockito-junit-jupiter/5.17.0/mockito-junit-jupiter-5.17.0.jar
2025-06-02 11:33:40,648 [BasicRepositoryConnector-repo.maven.apache.org-1-2] INFO  o.e.m.c.i.e.AbstractTransferListenerAdapter - Downloaded https://repo.maven.apache.org/maven2/com/vaadin/external/google/android-json/0.0.20131108.vaadin1/android-json-0.0.20131108.vaadin1.jar
2025-06-02 11:33:40,651 [BasicRepositoryConnector-repo.maven.apache.org-1-0] INFO  o.e.m.c.i.e.AbstractTransferListenerAdapter - Downloaded https://repo.maven.apache.org/maven2/org/skyscreamer/jsonassert/1.5.3/jsonassert-1.5.3.jar
2025-06-02 11:33:40,666 [BasicRepositoryConnector-repo.maven.apache.org-1-4] INFO  o.e.m.c.i.e.AbstractTransferListenerAdapter - Downloading https://repo.maven.apache.org/maven2/org/springframework/spring-core/6.2.7/spring-core-6.2.7.jar
2025-06-02 11:33:40,697 [BasicRepositoryConnector-repo.maven.apache.org-1-2] INFO  o.e.m.c.i.e.AbstractTransferListenerAdapter - Downloading https://repo.maven.apache.org/maven2/org/springframework/spring-jcl/6.2.7/spring-jcl-6.2.7.jar
2025-06-02 11:33:40,704 [BasicRepositoryConnector-repo.maven.apache.org-1-0] INFO  o.e.m.c.i.e.AbstractTransferListenerAdapter - Downloading https://repo.maven.apache.org/maven2/org/springframework/spring-test/6.2.7/spring-test-6.2.7.jar
2025-06-02 11:33:40,801 [BasicRepositoryConnector-repo.maven.apache.org-1-1] INFO  o.e.m.c.i.e.AbstractTransferListenerAdapter - Downloading https://repo.maven.apache.org/maven2/org/xmlunit/xmlunit-core/2.10.1/xmlunit-core-2.10.1.jar
2025-06-02 11:33:40,983 [BasicRepositoryConnector-repo.maven.apache.org-1-1] INFO  o.e.m.c.i.e.AbstractTransferListenerAdapter - Downloaded https://repo.maven.apache.org/maven2/org/xmlunit/xmlunit-core/2.10.1/xmlunit-core-2.10.1.jar
2025-06-02 11:33:41,055 [BasicRepositoryConnector-repo.maven.apache.org-1-0] INFO  o.e.m.c.i.e.AbstractTransferListenerAdapter - Downloaded https://repo.maven.apache.org/maven2/org/springframework/spring-test/6.2.7/spring-test-6.2.7.jar
2025-06-02 11:33:41,143 [BasicRepositoryConnector-repo.maven.apache.org-1-4] INFO  o.e.m.c.i.e.AbstractTransferListenerAdapter - Downloaded https://repo.maven.apache.org/maven2/org/springframework/spring-core/6.2.7/spring-core-6.2.7.jar
2025-06-02 11:33:41,223 [BasicRepositoryConnector-repo.maven.apache.org-1-3] INFO  o.e.m.c.i.e.AbstractTransferListenerAdapter - Downloaded https://repo.maven.apache.org/maven2/org/objenesis/objenesis/3.3/objenesis-3.3.jar
2025-06-02 11:33:41,263 [BasicRepositoryConnector-repo.maven.apache.org-1-2] INFO  o.e.m.c.i.e.AbstractTransferListenerAdapter - Downloaded https://repo.maven.apache.org/maven2/org/springframework/spring-jcl/6.2.7/spring-jcl-6.2.7.jar
2025-06-02 11:33:42,596 [Worker-11: Update Maven projects configuration] INFO  o.e.m.c.i.e.AbstractTransferListenerAdapter - Downloading https://repo.maven.apache.org/maven2/org/apache/maven/plugins/maven-resources-plugin/3.3.1/maven-resources-plugin-3.3.1.pom
2025-06-02 11:33:42,642 [Worker-11: Update Maven projects configuration] INFO  o.e.m.c.i.e.AbstractTransferListenerAdapter - Downloaded https://repo.maven.apache.org/maven2/org/apache/maven/plugins/maven-resources-plugin/3.3.1/maven-resources-plugin-3.3.1.pom
2025-06-02 11:33:42,708 [Worker-11: Update Maven projects configuration] INFO  o.e.m.c.i.e.AbstractTransferListenerAdapter - Downloading https://repo.maven.apache.org/maven2/org/apache/maven/plugins/maven-plugins/39/maven-plugins-39.pom
2025-06-02 11:33:42,744 [Worker-11: Update Maven projects configuration] INFO  o.e.m.c.i.e.AbstractTransferListenerAdapter - Downloaded https://repo.maven.apache.org/maven2/org/apache/maven/plugins/maven-plugins/39/maven-plugins-39.pom
2025-06-02 11:33:42,836 [Worker-11: Update Maven projects configuration] INFO  o.e.m.c.i.e.AbstractTransferListenerAdapter - Downloading https://repo.maven.apache.org/maven2/org/apache/maven/plugins/maven-surefire-plugin/3.5.3/maven-surefire-plugin-3.5.3.pom
2025-06-02 11:33:42,872 [Worker-11: Update Maven projects configuration] INFO  o.e.m.c.i.e.AbstractTransferListenerAdapter - Downloaded https://repo.maven.apache.org/maven2/org/apache/maven/plugins/maven-surefire-plugin/3.5.3/maven-surefire-plugin-3.5.3.pom
2025-06-02 11:33:42,942 [Worker-11: Update Maven projects configuration] INFO  o.e.m.c.i.e.AbstractTransferListenerAdapter - Downloading https://repo.maven.apache.org/maven2/org/apache/maven/surefire/surefire/3.5.3/surefire-3.5.3.pom
2025-06-02 11:33:43,005 [Worker-11: Update Maven projects configuration] INFO  o.e.m.c.i.e.AbstractTransferListenerAdapter - Downloaded https://repo.maven.apache.org/maven2/org/apache/maven/surefire/surefire/3.5.3/surefire-3.5.3.pom
2025-06-02 11:33:43,079 [Worker-11: Update Maven projects configuration] INFO  o.e.m.c.i.e.AbstractTransferListenerAdapter - Downloading https://repo.maven.apache.org/maven2/org/apache/maven/maven-parent/44/maven-parent-44.pom
2025-06-02 11:33:43,133 [Worker-11: Update Maven projects configuration] INFO  o.e.m.c.i.e.AbstractTransferListenerAdapter - Downloaded https://repo.maven.apache.org/maven2/org/apache/maven/maven-parent/44/maven-parent-44.pom
2025-06-02 11:33:43,221 [Worker-11: Update Maven projects configuration] INFO  o.e.m.c.i.e.AbstractTransferListenerAdapter - Downloading https://repo.maven.apache.org/maven2/org/apache/apache/34/apache-34.pom
2025-06-02 11:33:43,277 [Worker-11: Update Maven projects configuration] INFO  o.e.m.c.i.e.AbstractTransferListenerAdapter - Downloaded https://repo.maven.apache.org/maven2/org/apache/apache/34/apache-34.pom
2025-06-02 11:33:43,405 [Worker-11: Update Maven projects configuration] INFO  o.e.m.c.i.e.AbstractTransferListenerAdapter - Downloading https://repo.maven.apache.org/maven2/org/junit/junit-bom/5.12.1/junit-bom-5.12.1.pom
2025-06-02 11:33:43,439 [Worker-11: Update Maven projects configuration] INFO  o.e.m.c.i.e.AbstractTransferListenerAdapter - Downloaded https://repo.maven.apache.org/maven2/org/junit/junit-bom/5.12.1/junit-bom-5.12.1.pom
2025-06-02 11:33:43,532 [Worker-11: Update Maven projects configuration] INFO  o.e.m.c.i.e.AbstractTransferListenerAdapter - Downloading https://repo.maven.apache.org/maven2/org/apache/maven/plugins/maven-jar-plugin/3.4.2/maven-jar-plugin-3.4.2.pom
2025-06-02 11:33:43,567 [Worker-11: Update Maven projects configuration] INFO  o.e.m.c.i.e.AbstractTransferListenerAdapter - Downloaded https://repo.maven.apache.org/maven2/org/apache/maven/plugins/maven-jar-plugin/3.4.2/maven-jar-plugin-3.4.2.pom
2025-06-02 11:33:43,626 [Worker-11: Update Maven projects configuration] INFO  o.e.m.c.i.e.AbstractTransferListenerAdapter - Downloading https://repo.maven.apache.org/maven2/org/apache/maven/plugins/maven-plugins/42/maven-plugins-42.pom
2025-06-02 11:33:43,668 [Worker-11: Update Maven projects configuration] INFO  o.e.m.c.i.e.AbstractTransferListenerAdapter - Downloaded https://repo.maven.apache.org/maven2/org/apache/maven/plugins/maven-plugins/42/maven-plugins-42.pom
2025-06-02 11:33:43,734 [Worker-11: Update Maven projects configuration] INFO  o.e.m.c.i.e.AbstractTransferListenerAdapter - Downloading https://repo.maven.apache.org/maven2/org/apache/maven/maven-parent/42/maven-parent-42.pom
2025-06-02 11:33:43,814 [Worker-11: Update Maven projects configuration] INFO  o.e.m.c.i.e.AbstractTransferListenerAdapter - Downloaded https://repo.maven.apache.org/maven2/org/apache/maven/maven-parent/42/maven-parent-42.pom
2025-06-02 11:33:43,947 [Worker-11: Update Maven projects configuration] INFO  o.e.m.c.i.e.AbstractTransferListenerAdapter - Downloading https://repo.maven.apache.org/maven2/org/apache/apache/32/apache-32.pom
2025-06-02 11:33:44,016 [Worker-11: Update Maven projects configuration] INFO  o.e.m.c.i.e.AbstractTransferListenerAdapter - Downloaded https://repo.maven.apache.org/maven2/org/apache/apache/32/apache-32.pom
2025-06-02 11:33:44,323 [Worker-11: Update Maven projects configuration] INFO  o.e.m.c.i.e.AbstractTransferListenerAdapter - Downloading https://repo.maven.apache.org/maven2/org/apache/maven/shared/file-management/3.1.0/file-management-3.1.0.pom
2025-06-02 11:33:44,362 [Worker-11: Update Maven projects configuration] INFO  o.e.m.c.i.e.AbstractTransferListenerAdapter - Downloaded https://repo.maven.apache.org/maven2/org/apache/maven/shared/file-management/3.1.0/file-management-3.1.0.pom
2025-06-02 11:33:44,426 [Worker-11: Update Maven projects configuration] INFO  o.e.m.c.i.e.AbstractTransferListenerAdapter - Downloading https://repo.maven.apache.org/maven2/org/apache/maven/shared/maven-shared-components/36/maven-shared-components-36.pom
2025-06-02 11:33:44,467 [Worker-11: Update Maven projects configuration] INFO  o.e.m.c.i.e.AbstractTransferListenerAdapter - Downloaded https://repo.maven.apache.org/maven2/org/apache/maven/shared/maven-shared-components/36/maven-shared-components-36.pom
2025-06-02 11:33:44,525 [Worker-11: Update Maven projects configuration] INFO  o.e.m.c.i.e.AbstractTransferListenerAdapter - Downloading https://repo.maven.apache.org/maven2/org/apache/maven/maven-parent/36/maven-parent-36.pom
2025-06-02 11:33:44,581 [Worker-11: Update Maven projects configuration] INFO  o.e.m.c.i.e.AbstractTransferListenerAdapter - Downloaded https://repo.maven.apache.org/maven2/org/apache/maven/maven-parent/36/maven-parent-36.pom
2025-06-02 11:33:44,673 [Worker-11: Update Maven projects configuration] INFO  o.e.m.c.i.e.AbstractTransferListenerAdapter - Downloading https://repo.maven.apache.org/maven2/org/apache/apache/26/apache-26.pom
2025-06-02 11:33:44,745 [Worker-11: Update Maven projects configuration] INFO  o.e.m.c.i.e.AbstractTransferListenerAdapter - Downloaded https://repo.maven.apache.org/maven2/org/apache/apache/26/apache-26.pom
2025-06-02 11:33:44,835 [Worker-11: Update Maven projects configuration] INFO  o.e.m.c.i.e.AbstractTransferListenerAdapter - Downloading https://repo.maven.apache.org/maven2/commons-io/commons-io/2.16.1/commons-io-2.16.1.pom
2025-06-02 11:33:44,894 [Worker-11: Update Maven projects configuration] INFO  o.e.m.c.i.e.AbstractTransferListenerAdapter - Downloaded https://repo.maven.apache.org/maven2/commons-io/commons-io/2.16.1/commons-io-2.16.1.pom
2025-06-02 11:33:44,969 [Worker-11: Update Maven projects configuration] INFO  o.e.m.c.i.e.AbstractTransferListenerAdapter - Downloading https://repo.maven.apache.org/maven2/org/apache/commons/commons-parent/69/commons-parent-69.pom
2025-06-02 11:33:45,034 [Worker-11: Update Maven projects configuration] INFO  o.e.m.c.i.e.AbstractTransferListenerAdapter - Downloaded https://repo.maven.apache.org/maven2/org/apache/commons/commons-parent/69/commons-parent-69.pom
2025-06-02 11:33:45,146 [Worker-11: Update Maven projects configuration] INFO  o.e.m.c.i.e.AbstractTransferListenerAdapter - Downloading https://repo.maven.apache.org/maven2/org/apache/apache/31/apache-31.pom
2025-06-02 11:33:45,208 [Worker-11: Update Maven projects configuration] INFO  o.e.m.c.i.e.AbstractTransferListenerAdapter - Downloaded https://repo.maven.apache.org/maven2/org/apache/apache/31/apache-31.pom
2025-06-02 11:33:45,309 [Worker-11: Update Maven projects configuration] INFO  o.e.m.c.i.e.AbstractTransferListenerAdapter - Downloading https://repo.maven.apache.org/maven2/org/apache/maven/maven-archiver/3.6.2/maven-archiver-3.6.2.pom
2025-06-02 11:33:45,348 [Worker-11: Update Maven projects configuration] INFO  o.e.m.c.i.e.AbstractTransferListenerAdapter - Downloaded https://repo.maven.apache.org/maven2/org/apache/maven/maven-archiver/3.6.2/maven-archiver-3.6.2.pom
2025-06-02 11:33:45,415 [Worker-11: Update Maven projects configuration] INFO  o.e.m.c.i.e.AbstractTransferListenerAdapter - Downloading https://repo.maven.apache.org/maven2/org/apache/maven/shared/maven-shared-components/41/maven-shared-components-41.pom
2025-06-02 11:33:45,454 [Worker-11: Update Maven projects configuration] INFO  o.e.m.c.i.e.AbstractTransferListenerAdapter - Downloaded https://repo.maven.apache.org/maven2/org/apache/maven/shared/maven-shared-components/41/maven-shared-components-41.pom
2025-06-02 11:33:45,519 [Worker-11: Update Maven projects configuration] INFO  o.e.m.c.i.e.AbstractTransferListenerAdapter - Downloading https://repo.maven.apache.org/maven2/org/apache/maven/maven-parent/41/maven-parent-41.pom
2025-06-02 11:33:45,579 [Worker-11: Update Maven projects configuration] INFO  o.e.m.c.i.e.AbstractTransferListenerAdapter - Downloaded https://repo.maven.apache.org/maven2/org/apache/maven/maven-parent/41/maven-parent-41.pom
2025-06-02 11:33:45,659 [Worker-11: Update Maven projects configuration] INFO  o.e.m.c.i.e.AbstractTransferListenerAdapter - Downloading https://repo.maven.apache.org/maven2/org/codehaus/plexus/plexus-archiver/4.9.2/plexus-archiver-4.9.2.pom
2025-06-02 11:33:45,694 [Worker-11: Update Maven projects configuration] INFO  o.e.m.c.i.e.AbstractTransferListenerAdapter - Downloaded https://repo.maven.apache.org/maven2/org/codehaus/plexus/plexus-archiver/4.9.2/plexus-archiver-4.9.2.pom
2025-06-02 11:33:45,782 [Worker-11: Update Maven projects configuration] INFO  o.e.m.c.i.e.AbstractTransferListenerAdapter - Downloading https://repo.maven.apache.org/maven2/org/codehaus/plexus/plexus-io/3.4.2/plexus-io-3.4.2.pom
2025-06-02 11:33:45,892 [Worker-11: Update Maven projects configuration] INFO  o.e.m.c.i.e.AbstractTransferListenerAdapter - Downloaded https://repo.maven.apache.org/maven2/org/codehaus/plexus/plexus-io/3.4.2/plexus-io-3.4.2.pom
2025-06-02 11:33:46,093 [Worker-11: Update Maven projects configuration] INFO  o.e.m.c.i.e.AbstractTransferListenerAdapter - Downloading https://repo.maven.apache.org/maven2/org/codehaus/plexus/plexus/16/plexus-16.pom
2025-06-02 11:33:46,141 [Worker-11: Update Maven projects configuration] INFO  o.e.m.c.i.e.AbstractTransferListenerAdapter - Downloaded https://repo.maven.apache.org/maven2/org/codehaus/plexus/plexus/16/plexus-16.pom
2025-06-02 11:33:46,219 [Worker-11: Update Maven projects configuration] INFO  o.e.m.c.i.e.AbstractTransferListenerAdapter - Downloading https://repo.maven.apache.org/maven2/org/junit/junit-bom/5.10.1/junit-bom-5.10.1.pom
2025-06-02 11:33:46,257 [Worker-11: Update Maven projects configuration] INFO  o.e.m.c.i.e.AbstractTransferListenerAdapter - Downloaded https://repo.maven.apache.org/maven2/org/junit/junit-bom/5.10.1/junit-bom-5.10.1.pom
2025-06-02 11:33:46,315 [Worker-11: Update Maven projects configuration] INFO  o.e.m.c.i.e.AbstractTransferListenerAdapter - Downloading https://repo.maven.apache.org/maven2/org/apache/commons/commons-compress/1.26.1/commons-compress-1.26.1.pom
2025-06-02 11:33:46,375 [Worker-11: Update Maven projects configuration] INFO  o.e.m.c.i.e.AbstractTransferListenerAdapter - Downloaded https://repo.maven.apache.org/maven2/org/apache/commons/commons-compress/1.26.1/commons-compress-1.26.1.pom
2025-06-02 11:33:46,470 [Worker-11: Update Maven projects configuration] INFO  o.e.m.c.i.e.AbstractTransferListenerAdapter - Downloading https://repo.maven.apache.org/maven2/org/apache/commons/commons-parent/66/commons-parent-66.pom
2025-06-02 11:33:46,533 [Worker-11: Update Maven projects configuration] INFO  o.e.m.c.i.e.AbstractTransferListenerAdapter - Downloaded https://repo.maven.apache.org/maven2/org/apache/commons/commons-parent/66/commons-parent-66.pom
2025-06-02 11:33:46,686 [Worker-11: Update Maven projects configuration] INFO  o.e.m.c.i.e.AbstractTransferListenerAdapter - Downloading https://repo.maven.apache.org/maven2/commons-codec/commons-codec/1.16.1/commons-codec-1.16.1.pom
2025-06-02 11:33:46,804 [Worker-11: Update Maven projects configuration] INFO  o.e.m.c.i.e.AbstractTransferListenerAdapter - Downloaded https://repo.maven.apache.org/maven2/commons-codec/commons-codec/1.16.1/commons-codec-1.16.1.pom
2025-06-02 11:33:46,928 [Worker-11: Update Maven projects configuration] INFO  o.e.m.c.i.e.AbstractTransferListenerAdapter - Downloading https://repo.maven.apache.org/maven2/org/apache/commons/commons-lang3/3.14.0/commons-lang3-3.14.0.pom
2025-06-02 11:33:46,991 [Worker-11: Update Maven projects configuration] INFO  o.e.m.c.i.e.AbstractTransferListenerAdapter - Downloaded https://repo.maven.apache.org/maven2/org/apache/commons/commons-lang3/3.14.0/commons-lang3-3.14.0.pom
2025-06-02 11:33:47,069 [Worker-11: Update Maven projects configuration] INFO  o.e.m.c.i.e.AbstractTransferListenerAdapter - Downloading https://repo.maven.apache.org/maven2/org/apache/commons/commons-parent/64/commons-parent-64.pom
2025-06-02 11:33:47,137 [Worker-11: Update Maven projects configuration] INFO  o.e.m.c.i.e.AbstractTransferListenerAdapter - Downloaded https://repo.maven.apache.org/maven2/org/apache/commons/commons-parent/64/commons-parent-64.pom
2025-06-02 11:33:47,220 [Worker-11: Update Maven projects configuration] INFO  o.e.m.c.i.e.AbstractTransferListenerAdapter - Downloading https://repo.maven.apache.org/maven2/org/apache/apache/30/apache-30.pom
2025-06-02 11:33:47,281 [Worker-11: Update Maven projects configuration] INFO  o.e.m.c.i.e.AbstractTransferListenerAdapter - Downloaded https://repo.maven.apache.org/maven2/org/apache/apache/30/apache-30.pom
2025-06-02 11:33:47,417 [Worker-11: Update Maven projects configuration] INFO  o.e.m.c.i.e.AbstractTransferListenerAdapter - Downloading https://repo.maven.apache.org/maven2/org/junit/junit-bom/5.10.0/junit-bom-5.10.0.pom
2025-06-02 11:33:47,455 [Worker-11: Update Maven projects configuration] INFO  o.e.m.c.i.e.AbstractTransferListenerAdapter - Downloaded https://repo.maven.apache.org/maven2/org/junit/junit-bom/5.10.0/junit-bom-5.10.0.pom
2025-06-02 11:33:47,523 [Worker-11: Update Maven projects configuration] INFO  o.e.m.c.i.e.AbstractTransferListenerAdapter - Downloading https://repo.maven.apache.org/maven2/org/iq80/snappy/snappy/0.4/snappy-0.4.pom
2025-06-02 11:33:47,582 [Worker-11: Update Maven projects configuration] INFO  o.e.m.c.i.e.AbstractTransferListenerAdapter - Downloaded https://repo.maven.apache.org/maven2/org/iq80/snappy/snappy/0.4/snappy-0.4.pom
2025-06-02 11:33:47,662 [Worker-11: Update Maven projects configuration] INFO  o.e.m.c.i.e.AbstractTransferListenerAdapter - Downloading https://repo.maven.apache.org/maven2/org/tukaani/xz/1.9/xz-1.9.pom
2025-06-02 11:33:47,698 [Worker-11: Update Maven projects configuration] INFO  o.e.m.c.i.e.AbstractTransferListenerAdapter - Downloaded https://repo.maven.apache.org/maven2/org/tukaani/xz/1.9/xz-1.9.pom
2025-06-02 11:33:47,767 [Worker-11: Update Maven projects configuration] INFO  o.e.m.c.i.e.AbstractTransferListenerAdapter - Downloading https://repo.maven.apache.org/maven2/com/github/luben/zstd-jni/1.5.5-11/zstd-jni-1.5.5-11.pom
2025-06-02 11:33:47,805 [Worker-11: Update Maven projects configuration] INFO  o.e.m.c.i.e.AbstractTransferListenerAdapter - Downloaded https://repo.maven.apache.org/maven2/com/github/luben/zstd-jni/1.5.5-11/zstd-jni-1.5.5-11.pom
2025-06-02 11:33:47,865 [Worker-11: Update Maven projects configuration] INFO  o.e.m.c.i.e.AbstractTransferListenerAdapter - Downloading https://repo.maven.apache.org/maven2/org/codehaus/plexus/plexus-interpolation/1.27/plexus-interpolation-1.27.pom
2025-06-02 11:33:47,913 [Worker-11: Update Maven projects configuration] INFO  o.e.m.c.i.e.AbstractTransferListenerAdapter - Downloaded https://repo.maven.apache.org/maven2/org/codehaus/plexus/plexus-interpolation/1.27/plexus-interpolation-1.27.pom
2025-06-02 11:33:48,014 [Worker-11: Update Maven projects configuration] INFO  o.e.m.c.i.e.AbstractTransferListenerAdapter - Downloading https://repo.maven.apache.org/maven2/org/apache/maven/shared/file-management/3.1.0/file-management-3.1.0.jar
2025-06-02 11:33:48,678 [Worker-11: Update Maven projects configuration] INFO  o.e.m.c.i.e.AbstractTransferListenerAdapter - Downloaded https://repo.maven.apache.org/maven2/org/apache/maven/shared/file-management/3.1.0/file-management-3.1.0.jar
2025-06-02 11:33:48,736 [BasicRepositoryConnector-repo.maven.apache.org-2-1] INFO  o.e.m.c.i.e.AbstractTransferListenerAdapter - Downloading https://repo.maven.apache.org/maven2/org/apache/maven/maven-archiver/3.6.2/maven-archiver-3.6.2.jar
2025-06-02 11:33:48,736 [BasicRepositoryConnector-repo.maven.apache.org-2-4] INFO  o.e.m.c.i.e.AbstractTransferListenerAdapter - Downloading https://repo.maven.apache.org/maven2/org/codehaus/plexus/plexus-io/3.4.2/plexus-io-3.4.2.jar
2025-06-02 11:33:48,741 [BasicRepositoryConnector-repo.maven.apache.org-2-2] INFO  o.e.m.c.i.e.AbstractTransferListenerAdapter - Downloading https://repo.maven.apache.org/maven2/org/codehaus/plexus/plexus-interpolation/1.27/plexus-interpolation-1.27.jar
2025-06-02 11:33:48,748 [BasicRepositoryConnector-repo.maven.apache.org-2-0] INFO  o.e.m.c.i.e.AbstractTransferListenerAdapter - Downloading https://repo.maven.apache.org/maven2/commons-io/commons-io/2.16.1/commons-io-2.16.1.jar
2025-06-02 11:33:48,753 [BasicRepositoryConnector-repo.maven.apache.org-2-3] INFO  o.e.m.c.i.e.AbstractTransferListenerAdapter - Downloading https://repo.maven.apache.org/maven2/org/codehaus/plexus/plexus-archiver/4.9.2/plexus-archiver-4.9.2.jar
2025-06-02 11:33:48,918 [BasicRepositoryConnector-repo.maven.apache.org-2-2] INFO  o.e.m.c.i.e.AbstractTransferListenerAdapter - Downloaded https://repo.maven.apache.org/maven2/org/codehaus/plexus/plexus-interpolation/1.27/plexus-interpolation-1.27.jar
2025-06-02 11:33:49,011 [BasicRepositoryConnector-repo.maven.apache.org-2-4] INFO  o.e.m.c.i.e.AbstractTransferListenerAdapter - Downloaded https://repo.maven.apache.org/maven2/org/codehaus/plexus/plexus-io/3.4.2/plexus-io-3.4.2.jar
2025-06-02 11:33:49,025 [BasicRepositoryConnector-repo.maven.apache.org-2-3] INFO  o.e.m.c.i.e.AbstractTransferListenerAdapter - Downloaded https://repo.maven.apache.org/maven2/org/codehaus/plexus/plexus-archiver/4.9.2/plexus-archiver-4.9.2.jar
2025-06-02 11:33:49,028 [BasicRepositoryConnector-repo.maven.apache.org-2-2] INFO  o.e.m.c.i.e.AbstractTransferListenerAdapter - Downloading https://repo.maven.apache.org/maven2/org/apache/commons/commons-compress/1.26.1/commons-compress-1.26.1.jar
2025-06-02 11:33:49,116 [BasicRepositoryConnector-repo.maven.apache.org-2-0] INFO  o.e.m.c.i.e.AbstractTransferListenerAdapter - Downloaded https://repo.maven.apache.org/maven2/commons-io/commons-io/2.16.1/commons-io-2.16.1.jar
2025-06-02 11:33:49,147 [BasicRepositoryConnector-repo.maven.apache.org-2-4] INFO  o.e.m.c.i.e.AbstractTransferListenerAdapter - Downloading https://repo.maven.apache.org/maven2/org/apache/commons/commons-lang3/3.14.0/commons-lang3-3.14.0.jar
2025-06-02 11:33:49,242 [BasicRepositoryConnector-repo.maven.apache.org-2-2] INFO  o.e.m.c.i.e.AbstractTransferListenerAdapter - Downloaded https://repo.maven.apache.org/maven2/org/apache/commons/commons-compress/1.26.1/commons-compress-1.26.1.jar
2025-06-02 11:33:49,349 [BasicRepositoryConnector-repo.maven.apache.org-2-3] INFO  o.e.m.c.i.e.AbstractTransferListenerAdapter - Downloading https://repo.maven.apache.org/maven2/commons-codec/commons-codec/1.16.1/commons-codec-1.16.1.jar
2025-06-02 11:33:49,354 [BasicRepositoryConnector-repo.maven.apache.org-2-1] INFO  o.e.m.c.i.e.AbstractTransferListenerAdapter - Downloaded https://repo.maven.apache.org/maven2/org/apache/maven/maven-archiver/3.6.2/maven-archiver-3.6.2.jar
2025-06-02 11:33:49,391 [BasicRepositoryConnector-repo.maven.apache.org-2-4] INFO  o.e.m.c.i.e.AbstractTransferListenerAdapter - Downloaded https://repo.maven.apache.org/maven2/org/apache/commons/commons-lang3/3.14.0/commons-lang3-3.14.0.jar
2025-06-02 11:33:49,521 [BasicRepositoryConnector-repo.maven.apache.org-2-0] INFO  o.e.m.c.i.e.AbstractTransferListenerAdapter - Downloading https://repo.maven.apache.org/maven2/org/iq80/snappy/snappy/0.4/snappy-0.4.jar
2025-06-02 11:33:49,521 [BasicRepositoryConnector-repo.maven.apache.org-2-3] INFO  o.e.m.c.i.e.AbstractTransferListenerAdapter - Downloaded https://repo.maven.apache.org/maven2/commons-codec/commons-codec/1.16.1/commons-codec-1.16.1.jar
2025-06-02 11:33:49,521 [BasicRepositoryConnector-repo.maven.apache.org-2-1] INFO  o.e.m.c.i.e.AbstractTransferListenerAdapter - Downloading https://repo.maven.apache.org/maven2/com/github/luben/zstd-jni/1.5.5-11/zstd-jni-1.5.5-11.jar
2025-06-02 11:33:49,534 [BasicRepositoryConnector-repo.maven.apache.org-2-2] INFO  o.e.m.c.i.e.AbstractTransferListenerAdapter - Downloading https://repo.maven.apache.org/maven2/org/tukaani/xz/1.9/xz-1.9.jar
2025-06-02 11:33:49,648 [BasicRepositoryConnector-repo.maven.apache.org-2-0] INFO  o.e.m.c.i.e.AbstractTransferListenerAdapter - Downloaded https://repo.maven.apache.org/maven2/org/iq80/snappy/snappy/0.4/snappy-0.4.jar
2025-06-02 11:33:49,685 [BasicRepositoryConnector-repo.maven.apache.org-2-2] INFO  o.e.m.c.i.e.AbstractTransferListenerAdapter - Downloaded https://repo.maven.apache.org/maven2/org/tukaani/xz/1.9/xz-1.9.jar
2025-06-02 11:33:50,836 [BasicRepositoryConnector-repo.maven.apache.org-2-1] INFO  o.e.m.c.i.e.AbstractTransferListenerAdapter - Downloaded https://repo.maven.apache.org/maven2/com/github/luben/zstd-jni/1.5.5-11/zstd-jni-1.5.5-11.jar
2025-06-02 11:33:55,719 [Worker-6: Download sources and javadoc] INFO  o.e.m.c.i.e.AbstractTransferListenerAdapter - Downloading https://repo.maven.apache.org/maven2/org/springframework/boot/spring-boot-starter-data-jdbc/3.5.0/spring-boot-starter-data-jdbc-3.5.0-sources.jar
2025-06-02 11:33:55,735 [Worker-6: Download sources and javadoc] INFO  o.e.m.c.i.e.AbstractTransferListenerAdapter - Downloaded https://repo.maven.apache.org/maven2/org/springframework/boot/spring-boot-starter-data-jdbc/3.5.0/spring-boot-starter-data-jdbc-3.5.0-sources.jar
2025-06-02 11:33:55,747 [Worker-6: Download sources and javadoc] INFO  o.e.m.j.internal.DownloadSourcesJob - Downloaded sources for org.springframework.boot:spring-boot-starter-data-jdbc:3.5.0
2025-06-02 11:33:55,911 [Worker-6: Download sources and javadoc] INFO  o.e.m.c.i.e.AbstractTransferListenerAdapter - Downloading https://repo.maven.apache.org/maven2/org/springframework/boot/spring-boot-starter-jdbc/3.5.0/spring-boot-starter-jdbc-3.5.0-sources.jar
2025-06-02 11:33:55,988 [Worker-6: Download sources and javadoc] INFO  o.e.m.c.i.e.AbstractTransferListenerAdapter - Downloaded https://repo.maven.apache.org/maven2/org/springframework/boot/spring-boot-starter-jdbc/3.5.0/spring-boot-starter-jdbc-3.5.0-sources.jar
2025-06-02 11:33:55,995 [Worker-6: Download sources and javadoc] INFO  o.e.m.j.internal.DownloadSourcesJob - Downloaded sources for org.springframework.boot:spring-boot-starter-jdbc:3.5.0
2025-06-02 11:33:56,255 [Worker-6: Download sources and javadoc] INFO  o.e.m.c.i.e.AbstractTransferListenerAdapter - Downloading https://repo.maven.apache.org/maven2/com/zaxxer/HikariCP/6.3.0/HikariCP-6.3.0-sources.jar
2025-06-02 11:33:56,464 [Worker-6: Download sources and javadoc] INFO  o.e.m.c.i.e.AbstractTransferListenerAdapter - Downloaded https://repo.maven.apache.org/maven2/com/zaxxer/HikariCP/6.3.0/HikariCP-6.3.0-sources.jar
2025-06-02 11:33:56,474 [Worker-6: Download sources and javadoc] INFO  o.e.m.j.internal.DownloadSourcesJob - Downloaded sources for com.zaxxer:HikariCP:6.3.0
2025-06-02 11:33:56,922 [Worker-6: Download sources and javadoc] INFO  o.e.m.c.i.e.AbstractTransferListenerAdapter - Downloading https://repo.maven.apache.org/maven2/org/springframework/spring-jdbc/6.2.7/spring-jdbc-6.2.7-sources.jar
2025-06-02 11:33:57,234 [Worker-6: Download sources and javadoc] INFO  o.e.m.c.i.e.AbstractTransferListenerAdapter - Downloaded https://repo.maven.apache.org/maven2/org/springframework/spring-jdbc/6.2.7/spring-jdbc-6.2.7-sources.jar
2025-06-02 11:33:57,264 [Worker-6: Download sources and javadoc] INFO  o.e.m.j.internal.DownloadSourcesJob - Downloaded sources for org.springframework:spring-jdbc:6.2.7
2025-06-02 11:33:57,453 [Worker-6: Download sources and javadoc] INFO  o.e.m.c.i.e.AbstractTransferListenerAdapter - Downloading https://repo.maven.apache.org/maven2/org/springframework/data/spring-data-jdbc/3.5.0/spring-data-jdbc-3.5.0-sources.jar
2025-06-02 11:33:57,647 [Worker-6: Download sources and javadoc] INFO  o.e.m.c.i.e.AbstractTransferListenerAdapter - Downloaded https://repo.maven.apache.org/maven2/org/springframework/data/spring-data-jdbc/3.5.0/spring-data-jdbc-3.5.0-sources.jar
2025-06-02 11:33:57,663 [Worker-6: Download sources and javadoc] INFO  o.e.m.j.internal.DownloadSourcesJob - Downloaded sources for org.springframework.data:spring-data-jdbc:3.5.0
2025-06-02 11:33:57,922 [Worker-6: Download sources and javadoc] INFO  o.e.m.c.i.e.AbstractTransferListenerAdapter - Downloading https://repo.maven.apache.org/maven2/org/springframework/data/spring-data-relational/3.5.0/spring-data-relational-3.5.0-sources.jar
2025-06-02 11:33:58,173 [Worker-6: Download sources and javadoc] INFO  o.e.m.c.i.e.AbstractTransferListenerAdapter - Downloaded https://repo.maven.apache.org/maven2/org/springframework/data/spring-data-relational/3.5.0/spring-data-relational-3.5.0-sources.jar
2025-06-02 11:33:58,181 [Worker-6: Download sources and javadoc] INFO  o.e.m.j.internal.DownloadSourcesJob - Downloaded sources for org.springframework.data:spring-data-relational:3.5.0
2025-06-02 11:33:58,362 [Worker-6: Download sources and javadoc] INFO  o.e.m.c.i.e.AbstractTransferListenerAdapter - Downloading https://repo.maven.apache.org/maven2/org/springframework/data/spring-data-commons/3.5.0/spring-data-commons-3.5.0-sources.jar
2025-06-02 11:33:58,754 [Worker-6: Download sources and javadoc] INFO  o.e.m.c.i.e.AbstractTransferListenerAdapter - Downloaded https://repo.maven.apache.org/maven2/org/springframework/data/spring-data-commons/3.5.0/spring-data-commons-3.5.0-sources.jar
2025-06-02 11:33:58,806 [Worker-6: Download sources and javadoc] INFO  o.e.m.j.internal.DownloadSourcesJob - Downloaded sources for org.springframework.data:spring-data-commons:3.5.0
2025-06-02 11:33:59,123 [Worker-6: Download sources and javadoc] INFO  o.e.m.c.i.e.AbstractTransferListenerAdapter - Downloading https://repo.maven.apache.org/maven2/org/springframework/spring-tx/6.2.7/spring-tx-6.2.7-sources.jar
2025-06-02 11:33:59,309 [Worker-7: Building] INFO  o.e.m.c.i.e.AbstractTransferListenerAdapter - Downloading https://repo.maven.apache.org/maven2/org/codehaus/plexus/plexus-interpolation/1.26/plexus-interpolation-1.26.pom
2025-06-02 11:33:59,394 [Worker-7: Building] INFO  o.e.m.c.i.e.AbstractTransferListenerAdapter - Downloaded https://repo.maven.apache.org/maven2/org/codehaus/plexus/plexus-interpolation/1.26/plexus-interpolation-1.26.pom
2025-06-02 11:33:59,462 [Worker-7: Building] INFO  o.e.m.c.i.e.AbstractTransferListenerAdapter - Downloading https://repo.maven.apache.org/maven2/org/codehaus/plexus/plexus/5.1/plexus-5.1.pom
2025-06-02 11:33:59,512 [Worker-7: Building] INFO  o.e.m.c.i.e.AbstractTransferListenerAdapter - Downloaded https://repo.maven.apache.org/maven2/org/codehaus/plexus/plexus/5.1/plexus-5.1.pom
2025-06-02 11:33:59,586 [Worker-6: Download sources and javadoc] INFO  o.e.m.c.i.e.AbstractTransferListenerAdapter - Downloaded https://repo.maven.apache.org/maven2/org/springframework/spring-tx/6.2.7/spring-tx-6.2.7-sources.jar
2025-06-02 11:33:59,601 [Worker-7: Building] INFO  o.e.m.c.i.e.AbstractTransferListenerAdapter - Downloading https://repo.maven.apache.org/maven2/org/codehaus/plexus/plexus-utils/3.5.1/plexus-utils-3.5.1.pom
2025-06-02 11:33:59,643 [Worker-7: Building] INFO  o.e.m.c.i.e.AbstractTransferListenerAdapter - Downloaded https://repo.maven.apache.org/maven2/org/codehaus/plexus/plexus-utils/3.5.1/plexus-utils-3.5.1.pom
2025-06-02 11:33:59,675 [Worker-6: Download sources and javadoc] INFO  o.e.m.j.internal.DownloadSourcesJob - Downloaded sources for org.springframework:spring-tx:6.2.7
2025-06-02 11:33:59,727 [Worker-7: Building] INFO  o.e.m.c.i.e.AbstractTransferListenerAdapter - Downloading https://repo.maven.apache.org/maven2/org/codehaus/plexus/plexus/10/plexus-10.pom
2025-06-02 11:33:59,779 [Worker-7: Building] INFO  o.e.m.c.i.e.AbstractTransferListenerAdapter - Downloaded https://repo.maven.apache.org/maven2/org/codehaus/plexus/plexus/10/plexus-10.pom
2025-06-02 11:33:59,852 [Worker-7: Building] INFO  o.e.m.c.i.e.AbstractTransferListenerAdapter - Downloading https://repo.maven.apache.org/maven2/org/apache/maven/shared/maven-filtering/3.3.1/maven-filtering-3.3.1.pom
2025-06-02 11:33:59,900 [Worker-7: Building] INFO  o.e.m.c.i.e.AbstractTransferListenerAdapter - Downloaded https://repo.maven.apache.org/maven2/org/apache/maven/shared/maven-filtering/3.3.1/maven-filtering-3.3.1.pom
2025-06-02 11:33:59,973 [Worker-6: Download sources and javadoc] INFO  o.e.m.c.i.e.AbstractTransferListenerAdapter - Downloading https://repo.maven.apache.org/maven2/org/springframework/spring-context/6.2.7/spring-context-6.2.7-sources.jar
2025-06-02 11:33:59,976 [Worker-7: Building] INFO  o.e.m.c.i.e.AbstractTransferListenerAdapter - Downloading https://repo.maven.apache.org/maven2/org/sonatype/plexus/plexus-build-api/0.0.7/plexus-build-api-0.0.7.pom
2025-06-02 11:34:00,025 [Worker-7: Building] INFO  o.e.m.c.i.e.AbstractTransferListenerAdapter - Downloaded https://repo.maven.apache.org/maven2/org/sonatype/plexus/plexus-build-api/0.0.7/plexus-build-api-0.0.7.pom
2025-06-02 11:34:00,094 [Worker-7: Building] INFO  o.e.m.c.i.e.AbstractTransferListenerAdapter - Downloading https://repo.maven.apache.org/maven2/org/sonatype/spice/spice-parent/15/spice-parent-15.pom
2025-06-02 11:34:00,137 [Worker-7: Building] INFO  o.e.m.c.i.e.AbstractTransferListenerAdapter - Downloaded https://repo.maven.apache.org/maven2/org/sonatype/spice/spice-parent/15/spice-parent-15.pom
2025-06-02 11:34:00,224 [Worker-7: Building] INFO  o.e.m.c.i.e.AbstractTransferListenerAdapter - Downloading https://repo.maven.apache.org/maven2/org/sonatype/forge/forge-parent/5/forge-parent-5.pom
2025-06-02 11:34:00,285 [Worker-7: Building] INFO  o.e.m.c.i.e.AbstractTransferListenerAdapter - Downloaded https://repo.maven.apache.org/maven2/org/sonatype/forge/forge-parent/5/forge-parent-5.pom
2025-06-02 11:34:00,363 [Worker-7: Building] INFO  o.e.m.c.i.e.AbstractTransferListenerAdapter - Downloading https://repo.maven.apache.org/maven2/org/codehaus/plexus/plexus-utils/3.5.0/plexus-utils-3.5.0.pom
2025-06-02 11:34:00,396 [Worker-7: Building] INFO  o.e.m.c.i.e.AbstractTransferListenerAdapter - Downloaded https://repo.maven.apache.org/maven2/org/codehaus/plexus/plexus-utils/3.5.0/plexus-utils-3.5.0.pom
2025-06-02 11:34:00,507 [Worker-7: Building] INFO  o.e.m.c.i.e.AbstractTransferListenerAdapter - Downloading https://repo.maven.apache.org/maven2/org/apache/commons/commons-lang3/3.12.0/commons-lang3-3.12.0.pom
2025-06-02 11:34:00,551 [Worker-7: Building] INFO  o.e.m.c.i.e.AbstractTransferListenerAdapter - Downloaded https://repo.maven.apache.org/maven2/org/apache/commons/commons-lang3/3.12.0/commons-lang3-3.12.0.pom
2025-06-02 11:34:00,624 [Worker-6: Download sources and javadoc] INFO  o.e.m.c.i.e.AbstractTransferListenerAdapter - Downloaded https://repo.maven.apache.org/maven2/org/springframework/spring-context/6.2.7/spring-context-6.2.7-sources.jar
2025-06-02 11:34:00,629 [Worker-6: Download sources and javadoc] INFO  o.e.m.j.internal.DownloadSourcesJob - Downloaded sources for org.springframework:spring-context:6.2.7
2025-06-02 11:34:00,638 [Worker-7: Building] INFO  o.e.m.c.i.e.AbstractTransferListenerAdapter - Downloading https://repo.maven.apache.org/maven2/org/junit/junit-bom/5.7.1/junit-bom-5.7.1.pom
2025-06-02 11:34:00,674 [Worker-7: Building] INFO  o.e.m.c.i.e.AbstractTransferListenerAdapter - Downloaded https://repo.maven.apache.org/maven2/org/junit/junit-bom/5.7.1/junit-bom-5.7.1.pom
2025-06-02 11:34:00,752 [Worker-7: Building] INFO  o.e.m.c.i.e.AbstractTransferListenerAdapter - Downloading https://repo.maven.apache.org/maven2/org/codehaus/plexus/plexus-interpolation/1.26/plexus-interpolation-1.26.jar
2025-06-02 11:34:00,844 [Worker-7: Building] INFO  o.e.m.c.i.e.AbstractTransferListenerAdapter - Downloaded https://repo.maven.apache.org/maven2/org/codehaus/plexus/plexus-interpolation/1.26/plexus-interpolation-1.26.jar
2025-06-02 11:34:00,892 [Worker-6: Download sources and javadoc] INFO  o.e.m.c.i.e.AbstractTransferListenerAdapter - Downloading https://repo.maven.apache.org/maven2/org/springframework/spring-beans/6.2.7/spring-beans-6.2.7-sources.jar
2025-06-02 11:34:00,919 [BasicRepositoryConnector-repo.maven.apache.org-3-3] INFO  o.e.m.c.i.e.AbstractTransferListenerAdapter - Downloading https://repo.maven.apache.org/maven2/org/apache/commons/commons-lang3/3.12.0/commons-lang3-3.12.0.jar
2025-06-02 11:34:01,022 [BasicRepositoryConnector-repo.maven.apache.org-3-2] INFO  o.e.m.c.i.e.AbstractTransferListenerAdapter - Downloading https://repo.maven.apache.org/maven2/org/sonatype/plexus/plexus-build-api/0.0.7/plexus-build-api-0.0.7.jar
2025-06-02 11:34:01,034 [BasicRepositoryConnector-repo.maven.apache.org-3-1] INFO  o.e.m.c.i.e.AbstractTransferListenerAdapter - Downloading https://repo.maven.apache.org/maven2/org/apache/maven/shared/maven-filtering/3.3.1/maven-filtering-3.3.1.jar
2025-06-02 11:34:01,136 [BasicRepositoryConnector-repo.maven.apache.org-3-0] INFO  o.e.m.c.i.e.AbstractTransferListenerAdapter - Downloading https://repo.maven.apache.org/maven2/org/codehaus/plexus/plexus-utils/3.5.1/plexus-utils-3.5.1.jar
2025-06-02 11:34:01,146 [BasicRepositoryConnector-repo.maven.apache.org-3-3] INFO  o.e.m.c.i.e.AbstractTransferListenerAdapter - Downloaded https://repo.maven.apache.org/maven2/org/apache/commons/commons-lang3/3.12.0/commons-lang3-3.12.0.jar
2025-06-02 11:34:01,191 [BasicRepositoryConnector-repo.maven.apache.org-3-1] INFO  o.e.m.c.i.e.AbstractTransferListenerAdapter - Downloaded https://repo.maven.apache.org/maven2/org/apache/maven/shared/maven-filtering/3.3.1/maven-filtering-3.3.1.jar
2025-06-02 11:34:01,269 [Worker-6: Download sources and javadoc] INFO  o.e.m.c.i.e.AbstractTransferListenerAdapter - Downloaded https://repo.maven.apache.org/maven2/org/springframework/spring-beans/6.2.7/spring-beans-6.2.7-sources.jar
2025-06-02 11:34:01,276 [Worker-6: Download sources and javadoc] INFO  o.e.m.j.internal.DownloadSourcesJob - Downloaded sources for org.springframework:spring-beans:6.2.7
2025-06-02 11:34:01,391 [BasicRepositoryConnector-repo.maven.apache.org-3-0] INFO  o.e.m.c.i.e.AbstractTransferListenerAdapter - Downloaded https://repo.maven.apache.org/maven2/org/codehaus/plexus/plexus-utils/3.5.1/plexus-utils-3.5.1.jar
2025-06-02 11:34:01,410 [BasicRepositoryConnector-repo.maven.apache.org-3-2] INFO  o.e.m.c.i.e.AbstractTransferListenerAdapter - Downloaded https://repo.maven.apache.org/maven2/org/sonatype/plexus/plexus-build-api/0.0.7/plexus-build-api-0.0.7.jar
2025-06-02 11:34:01,633 [Worker-6: Download sources and javadoc] INFO  o.e.m.c.i.e.AbstractTransferListenerAdapter - Downloading https://repo.maven.apache.org/maven2/org/slf4j/slf4j-api/2.0.17/slf4j-api-2.0.17-sources.jar
2025-06-02 11:34:01,680 [Worker-7: Building] INFO  o.a.m.s.f.DefaultMavenResourcesFiltering - Copying 1 resource from src\main\resources to target\classes
2025-06-02 11:34:01,729 [Worker-6: Download sources and javadoc] INFO  o.e.m.c.i.e.AbstractTransferListenerAdapter - Downloaded https://repo.maven.apache.org/maven2/org/slf4j/slf4j-api/2.0.17/slf4j-api-2.0.17-sources.jar
2025-06-02 11:34:01,735 [Worker-6: Download sources and javadoc] INFO  o.e.m.j.internal.DownloadSourcesJob - Downloaded sources for org.slf4j:slf4j-api:2.0.17
2025-06-02 11:34:01,816 [Worker-7: Building] INFO  o.a.m.s.f.DefaultMavenResourcesFiltering - Copying 0 resource from src\main\resources to target\classes
2025-06-02 11:34:01,827 [Worker-7: Building] INFO  o.a.m.s.f.DefaultMavenResourcesFiltering - skip non existing resourceDirectory C:\Users\antma\Desktop\curso_carpeta\semana3_Spring Boot y Angular\WorkSpace\Empleado\src\test\resources
2025-06-02 11:34:01,915 [Worker-6: Download sources and javadoc] INFO  o.e.m.c.i.e.AbstractTransferListenerAdapter - Downloading https://repo.maven.apache.org/maven2/org/springframework/boot/spring-boot-starter-data-jpa/3.5.0/spring-boot-starter-data-jpa-3.5.0-sources.jar
2025-06-02 11:34:01,926 [Worker-6: Download sources and javadoc] INFO  o.e.m.c.i.e.AbstractTransferListenerAdapter - Downloaded https://repo.maven.apache.org/maven2/org/springframework/boot/spring-boot-starter-data-jpa/3.5.0/spring-boot-starter-data-jpa-3.5.0-sources.jar
2025-06-02 11:34:01,933 [Worker-6: Download sources and javadoc] INFO  o.e.m.j.internal.DownloadSourcesJob - Downloaded sources for org.springframework.boot:spring-boot-starter-data-jpa:3.5.0
2025-06-02 11:34:02,101 [Worker-6: Download sources and javadoc] INFO  o.e.m.c.i.e.AbstractTransferListenerAdapter - Downloading https://repo.maven.apache.org/maven2/org/springframework/boot/spring-boot-starter/3.5.0/spring-boot-starter-3.5.0-sources.jar
2025-06-02 11:34:02,186 [Worker-6: Download sources and javadoc] INFO  o.e.m.c.i.e.AbstractTransferListenerAdapter - Downloaded https://repo.maven.apache.org/maven2/org/springframework/boot/spring-boot-starter/3.5.0/spring-boot-starter-3.5.0-sources.jar
2025-06-02 11:34:02,192 [Worker-6: Download sources and javadoc] INFO  o.e.m.j.internal.DownloadSourcesJob - Downloaded sources for org.springframework.boot:spring-boot-starter:3.5.0
2025-06-02 11:34:02,382 [Worker-6: Download sources and javadoc] INFO  o.e.m.c.i.e.AbstractTransferListenerAdapter - Downloading https://repo.maven.apache.org/maven2/org/springframework/boot/spring-boot-starter-logging/3.5.0/spring-boot-starter-logging-3.5.0-sources.jar
2025-06-02 11:34:02,455 [Worker-6: Download sources and javadoc] INFO  o.e.m.c.i.e.AbstractTransferListenerAdapter - Downloaded https://repo.maven.apache.org/maven2/org/springframework/boot/spring-boot-starter-logging/3.5.0/spring-boot-starter-logging-3.5.0-sources.jar
2025-06-02 11:34:02,478 [Worker-6: Download sources and javadoc] INFO  o.e.m.j.internal.DownloadSourcesJob - Downloaded sources for org.springframework.boot:spring-boot-starter-logging:3.5.0
2025-06-02 11:34:02,693 [Worker-6: Download sources and javadoc] INFO  o.e.m.c.i.e.AbstractTransferListenerAdapter - Downloading https://repo.maven.apache.org/maven2/ch/qos/logback/logback-classic/1.5.18/logback-classic-1.5.18-sources.jar
2025-06-02 11:34:02,921 [Worker-6: Download sources and javadoc] INFO  o.e.m.c.i.e.AbstractTransferListenerAdapter - Downloaded https://repo.maven.apache.org/maven2/ch/qos/logback/logback-classic/1.5.18/logback-classic-1.5.18-sources.jar
2025-06-02 11:34:02,927 [Worker-6: Download sources and javadoc] INFO  o.e.m.j.internal.DownloadSourcesJob - Downloaded sources for ch.qos.logback:logback-classic:1.5.18
2025-06-02 11:34:03,190 [Worker-6: Download sources and javadoc] INFO  o.e.m.c.i.e.AbstractTransferListenerAdapter - Downloading https://repo.maven.apache.org/maven2/ch/qos/logback/logback-core/1.5.18/logback-core-1.5.18-sources.jar
2025-06-02 11:34:03,451 [Worker-6: Download sources and javadoc] INFO  o.e.m.c.i.e.AbstractTransferListenerAdapter - Downloaded https://repo.maven.apache.org/maven2/ch/qos/logback/logback-core/1.5.18/logback-core-1.5.18-sources.jar
2025-06-02 11:34:03,463 [Worker-6: Download sources and javadoc] INFO  o.e.m.j.internal.DownloadSourcesJob - Downloaded sources for ch.qos.logback:logback-core:1.5.18
2025-06-02 11:34:03,725 [Worker-6: Download sources and javadoc] INFO  o.e.m.c.i.e.AbstractTransferListenerAdapter - Downloading https://repo.maven.apache.org/maven2/org/apache/logging/log4j/log4j-to-slf4j/2.24.3/log4j-to-slf4j-2.24.3-sources.jar
2025-06-02 11:34:04,341 [Worker-6: Download sources and javadoc] INFO  o.e.m.c.i.e.AbstractTransferListenerAdapter - Downloaded https://repo.maven.apache.org/maven2/org/apache/logging/log4j/log4j-to-slf4j/2.24.3/log4j-to-slf4j-2.24.3-sources.jar
2025-06-02 11:34:04,354 [Worker-6: Download sources and javadoc] INFO  o.e.m.j.internal.DownloadSourcesJob - Downloaded sources for org.apache.logging.log4j:log4j-to-slf4j:2.24.3
2025-06-02 11:34:04,581 [Worker-6: Download sources and javadoc] INFO  o.e.m.c.i.e.AbstractTransferListenerAdapter - Downloading https://repo.maven.apache.org/maven2/org/apache/logging/log4j/log4j-api/2.24.3/log4j-api-2.24.3-sources.jar
2025-06-02 11:34:05,371 [Worker-6: Download sources and javadoc] INFO  o.e.m.c.i.e.AbstractTransferListenerAdapter - Downloaded https://repo.maven.apache.org/maven2/org/apache/logging/log4j/log4j-api/2.24.3/log4j-api-2.24.3-sources.jar
2025-06-02 11:34:05,522 [Worker-6: Download sources and javadoc] INFO  o.e.m.j.internal.DownloadSourcesJob - Downloaded sources for org.apache.logging.log4j:log4j-api:2.24.3
2025-06-02 11:34:05,697 [Worker-6: Download sources and javadoc] INFO  o.e.m.c.i.e.AbstractTransferListenerAdapter - Downloading https://repo.maven.apache.org/maven2/org/slf4j/jul-to-slf4j/2.0.17/jul-to-slf4j-2.0.17-sources.jar
2025-06-02 11:34:05,817 [Worker-6: Download sources and javadoc] INFO  o.e.m.c.i.e.AbstractTransferListenerAdapter - Downloaded https://repo.maven.apache.org/maven2/org/slf4j/jul-to-slf4j/2.0.17/jul-to-slf4j-2.0.17-sources.jar
2025-06-02 11:34:05,824 [Worker-6: Download sources and javadoc] INFO  o.e.m.j.internal.DownloadSourcesJob - Downloaded sources for org.slf4j:jul-to-slf4j:2.0.17
2025-06-02 11:34:05,998 [Worker-6: Download sources and javadoc] INFO  o.e.m.c.i.e.AbstractTransferListenerAdapter - Downloading https://repo.maven.apache.org/maven2/jakarta/annotation/jakarta.annotation-api/2.1.1/jakarta.annotation-api-2.1.1-sources.jar
2025-06-02 11:34:06,916 [Worker-6: Download sources and javadoc] INFO  o.e.m.c.i.e.AbstractTransferListenerAdapter - Downloaded https://repo.maven.apache.org/maven2/jakarta/annotation/jakarta.annotation-api/2.1.1/jakarta.annotation-api-2.1.1-sources.jar
2025-06-02 11:34:06,975 [Worker-6: Download sources and javadoc] INFO  o.e.m.j.internal.DownloadSourcesJob - Downloaded sources for jakarta.annotation:jakarta.annotation-api:2.1.1
2025-06-02 11:34:07,189 [Worker-6: Download sources and javadoc] INFO  o.e.m.c.i.e.AbstractTransferListenerAdapter - Downloading https://repo.maven.apache.org/maven2/org/yaml/snakeyaml/2.4/snakeyaml-2.4-sources.jar
2025-06-02 11:34:07,377 [Worker-6: Download sources and javadoc] INFO  o.e.m.c.i.e.AbstractTransferListenerAdapter - Downloaded https://repo.maven.apache.org/maven2/org/yaml/snakeyaml/2.4/snakeyaml-2.4-sources.jar
2025-06-02 11:34:08,976 [Worker-6: Download sources and javadoc] INFO  o.e.m.j.internal.DownloadSourcesJob - Downloaded sources for org.yaml:snakeyaml:2.4
2025-06-02 11:34:09,248 [Worker-6: Download sources and javadoc] INFO  o.e.m.c.i.e.AbstractTransferListenerAdapter - Downloading https://repo.maven.apache.org/maven2/org/hibernate/orm/hibernate-core/6.6.15.Final/hibernate-core-6.6.15.Final-sources.jar
2025-06-02 11:34:09,704 [Worker-11: Update Maven projects configuration] INFO  o.e.m.j.i.AbstractJavaProjectConfigurator - Adding source folder /Empleado/src/main/java
2025-06-02 11:34:09,713 [Worker-11: Update Maven projects configuration] INFO  o.e.m.j.i.AbstractJavaProjectConfigurator - Adding resource folder /Empleado/src/main/resources
2025-06-02 11:34:09,925 [Worker-11: Update Maven projects configuration] INFO  o.e.m.j.i.AbstractJavaProjectConfigurator - Adding resource folder /Empleado/src/main/resources
2025-06-02 11:34:10,061 [Worker-11: Update Maven projects configuration] INFO  o.e.m.j.i.AbstractJavaProjectConfigurator - Adding source folder /Empleado/src/test/java
2025-06-02 11:34:10,063 [Worker-11: Update Maven projects configuration] INFO  o.e.m.j.i.AbstractJavaProjectConfigurator - Adding resource folder /Empleado/src/test/resources
2025-06-02 11:34:10,613 [Worker-6: Download sources and javadoc] INFO  o.e.m.c.i.e.AbstractTransferListenerAdapter - Downloaded https://repo.maven.apache.org/maven2/org/hibernate/orm/hibernate-core/6.6.15.Final/hibernate-core-6.6.15.Final-sources.jar
2025-06-02 11:34:10,703 [Worker-6: Download sources and javadoc] INFO  o.e.m.j.internal.DownloadSourcesJob - Downloaded sources for org.hibernate.orm:hibernate-core:6.6.15.Final
2025-06-02 11:34:10,944 [Worker-6: Download sources and javadoc] INFO  o.e.m.c.i.e.AbstractTransferListenerAdapter - Downloading https://repo.maven.apache.org/maven2/jakarta/persistence/jakarta.persistence-api/3.1.0/jakarta.persistence-api-3.1.0-sources.jar
2025-06-02 11:34:11,182 [Worker-6: Download sources and javadoc] INFO  o.e.m.c.i.e.AbstractTransferListenerAdapter - Downloaded https://repo.maven.apache.org/maven2/jakarta/persistence/jakarta.persistence-api/3.1.0/jakarta.persistence-api-3.1.0-sources.jar
2025-06-02 11:34:11,201 [Worker-6: Download sources and javadoc] INFO  o.e.m.j.internal.DownloadSourcesJob - Downloaded sources for jakarta.persistence:jakarta.persistence-api:3.1.0
2025-06-02 11:34:11,432 [Worker-6: Download sources and javadoc] INFO  o.e.m.c.i.e.AbstractTransferListenerAdapter - Downloading https://repo.maven.apache.org/maven2/jakarta/transaction/jakarta.transaction-api/2.0.1/jakarta.transaction-api-2.0.1-sources.jar
2025-06-02 11:34:12,228 [Worker-6: Download sources and javadoc] INFO  o.e.m.c.i.e.AbstractTransferListenerAdapter - Downloaded https://repo.maven.apache.org/maven2/jakarta/transaction/jakarta.transaction-api/2.0.1/jakarta.transaction-api-2.0.1-sources.jar
2025-06-02 11:34:12,309 [Worker-6: Download sources and javadoc] INFO  o.e.m.j.internal.DownloadSourcesJob - Downloaded sources for jakarta.transaction:jakarta.transaction-api:2.0.1
2025-06-02 11:34:12,652 [Worker-6: Download sources and javadoc] INFO  o.e.m.c.i.e.AbstractTransferListenerAdapter - Downloading https://repo.maven.apache.org/maven2/org/jboss/logging/jboss-logging/3.6.1.Final/jboss-logging-3.6.1.Final-sources.jar
2025-06-02 11:34:14,032 [Worker-6: Download sources and javadoc] INFO  o.e.m.c.i.e.AbstractTransferListenerAdapter - Downloaded https://repo.maven.apache.org/maven2/org/jboss/logging/jboss-logging/3.6.1.Final/jboss-logging-3.6.1.Final-sources.jar
2025-06-02 11:34:14,069 [Worker-6: Download sources and javadoc] INFO  o.e.m.j.internal.DownloadSourcesJob - Downloaded sources for org.jboss.logging:jboss-logging:3.6.1.Final
2025-06-02 11:34:14,262 [Worker-6: Download sources and javadoc] INFO  o.e.m.c.i.e.AbstractTransferListenerAdapter - Downloading https://repo.maven.apache.org/maven2/org/hibernate/common/hibernate-commons-annotations/7.0.3.Final/hibernate-commons-annotations-7.0.3.Final-sources.jar
2025-06-02 11:34:15,791 [Worker-6: Download sources and javadoc] INFO  o.e.m.c.i.e.AbstractTransferListenerAdapter - Downloaded https://repo.maven.apache.org/maven2/org/hibernate/common/hibernate-commons-annotations/7.0.3.Final/hibernate-commons-annotations-7.0.3.Final-sources.jar
2025-06-02 11:34:15,832 [Worker-6: Download sources and javadoc] INFO  o.e.m.j.internal.DownloadSourcesJob - Downloaded sources for org.hibernate.common:hibernate-commons-annotations:7.0.3.Final
2025-06-02 11:34:15,994 [Worker-6: Download sources and javadoc] INFO  o.e.m.c.i.e.AbstractTransferListenerAdapter - Downloading https://repo.maven.apache.org/maven2/io/smallrye/jandex/3.2.0/jandex-3.2.0-sources.jar
2025-06-02 11:34:16,198 [Worker-6: Download sources and javadoc] INFO  o.e.m.c.i.e.AbstractTransferListenerAdapter - Downloaded https://repo.maven.apache.org/maven2/io/smallrye/jandex/3.2.0/jandex-3.2.0-sources.jar
2025-06-02 11:34:16,242 [Worker-6: Download sources and javadoc] INFO  o.e.m.j.internal.DownloadSourcesJob - Downloaded sources for io.smallrye:jandex:3.2.0
2025-06-02 11:34:16,422 [Worker-6: Download sources and javadoc] INFO  o.e.m.c.i.e.AbstractTransferListenerAdapter - Downloading https://repo.maven.apache.org/maven2/com/fasterxml/classmate/1.7.0/classmate-1.7.0-sources.jar
2025-06-02 11:34:16,531 [Worker-6: Download sources and javadoc] INFO  o.e.m.c.i.e.AbstractTransferListenerAdapter - Downloaded https://repo.maven.apache.org/maven2/com/fasterxml/classmate/1.7.0/classmate-1.7.0-sources.jar
2025-06-02 11:34:16,537 [Worker-6: Download sources and javadoc] INFO  o.e.m.j.internal.DownloadSourcesJob - Downloaded sources for com.fasterxml:classmate:1.7.0
2025-06-02 11:34:16,714 [Worker-6: Download sources and javadoc] INFO  o.e.m.c.i.e.AbstractTransferListenerAdapter - Downloading https://repo.maven.apache.org/maven2/net/bytebuddy/byte-buddy/1.17.5/byte-buddy-1.17.5-sources.jar
2025-06-02 11:34:17,111 [Worker-6: Download sources and javadoc] INFO  o.e.m.c.i.e.AbstractTransferListenerAdapter - Downloaded https://repo.maven.apache.org/maven2/net/bytebuddy/byte-buddy/1.17.5/byte-buddy-1.17.5-sources.jar
2025-06-02 11:34:17,128 [Worker-6: Download sources and javadoc] INFO  o.e.m.j.internal.DownloadSourcesJob - Downloaded sources for net.bytebuddy:byte-buddy:1.17.5
2025-06-02 11:34:17,388 [Worker-6: Download sources and javadoc] INFO  o.e.m.c.i.e.AbstractTransferListenerAdapter - Downloading https://repo.maven.apache.org/maven2/org/glassfish/jaxb/jaxb-runtime/4.0.5/jaxb-runtime-4.0.5-sources.jar
2025-06-02 11:34:17,710 [Worker-6: Download sources and javadoc] INFO  o.e.m.c.i.e.AbstractTransferListenerAdapter - Downloaded https://repo.maven.apache.org/maven2/org/glassfish/jaxb/jaxb-runtime/4.0.5/jaxb-runtime-4.0.5-sources.jar
2025-06-02 11:34:17,758 [Worker-6: Download sources and javadoc] INFO  o.e.m.j.internal.DownloadSourcesJob - Downloaded sources for org.glassfish.jaxb:jaxb-runtime:4.0.5
2025-06-02 11:34:18,006 [Worker-6: Download sources and javadoc] INFO  o.e.m.c.i.e.AbstractTransferListenerAdapter - Downloading https://repo.maven.apache.org/maven2/org/glassfish/jaxb/jaxb-core/4.0.5/jaxb-core-4.0.5-sources.jar
2025-06-02 11:34:18,233 [Worker-6: Download sources and javadoc] INFO  o.e.m.c.i.e.AbstractTransferListenerAdapter - Downloaded https://repo.maven.apache.org/maven2/org/glassfish/jaxb/jaxb-core/4.0.5/jaxb-core-4.0.5-sources.jar
2025-06-02 11:34:18,337 [Worker-6: Download sources and javadoc] INFO  o.e.m.j.internal.DownloadSourcesJob - Downloaded sources for org.glassfish.jaxb:jaxb-core:4.0.5
2025-06-02 11:34:18,534 [Worker-6: Download sources and javadoc] INFO  o.e.m.c.i.e.AbstractTransferListenerAdapter - Downloading https://repo.maven.apache.org/maven2/org/eclipse/angus/angus-activation/2.0.2/angus-activation-2.0.2-sources.jar
2025-06-02 11:34:19,316 [Worker-6: Download sources and javadoc] INFO  o.e.m.c.i.e.AbstractTransferListenerAdapter - Downloaded https://repo.maven.apache.org/maven2/org/eclipse/angus/angus-activation/2.0.2/angus-activation-2.0.2-sources.jar
2025-06-02 11:34:19,355 [Worker-6: Download sources and javadoc] INFO  o.e.m.j.internal.DownloadSourcesJob - Downloaded sources for org.eclipse.angus:angus-activation:2.0.2
2025-06-02 11:34:19,615 [Worker-6: Download sources and javadoc] INFO  o.e.m.c.i.e.AbstractTransferListenerAdapter - Downloading https://repo.maven.apache.org/maven2/org/glassfish/jaxb/txw2/4.0.5/txw2-4.0.5-sources.jar
2025-06-02 11:34:19,753 [Worker-6: Download sources and javadoc] INFO  o.e.m.c.i.e.AbstractTransferListenerAdapter - Downloaded https://repo.maven.apache.org/maven2/org/glassfish/jaxb/txw2/4.0.5/txw2-4.0.5-sources.jar
2025-06-02 11:34:19,759 [Worker-6: Download sources and javadoc] INFO  o.e.m.j.internal.DownloadSourcesJob - Downloaded sources for org.glassfish.jaxb:txw2:4.0.5
2025-06-02 11:34:19,943 [Worker-6: Download sources and javadoc] INFO  o.e.m.c.i.e.AbstractTransferListenerAdapter - Downloading https://repo.maven.apache.org/maven2/com/sun/istack/istack-commons-runtime/4.1.2/istack-commons-runtime-4.1.2-sources.jar
2025-06-02 11:34:20,717 [Worker-6: Download sources and javadoc] INFO  o.e.m.c.i.e.AbstractTransferListenerAdapter - Downloaded https://repo.maven.apache.org/maven2/com/sun/istack/istack-commons-runtime/4.1.2/istack-commons-runtime-4.1.2-sources.jar
2025-06-02 11:34:21,203 [Worker-6: Download sources and javadoc] INFO  o.e.m.j.internal.DownloadSourcesJob - Downloaded sources for com.sun.istack:istack-commons-runtime:4.1.2
2025-06-02 11:34:21,851 [Worker-6: Download sources and javadoc] INFO  o.e.m.c.i.e.AbstractTransferListenerAdapter - Downloading https://repo.maven.apache.org/maven2/jakarta/inject/jakarta.inject-api/2.0.1/jakarta.inject-api-2.0.1-sources.jar
2025-06-02 11:34:22,558 [Worker-6: Download sources and javadoc] INFO  o.e.m.c.i.e.AbstractTransferListenerAdapter - Downloaded https://repo.maven.apache.org/maven2/jakarta/inject/jakarta.inject-api/2.0.1/jakarta.inject-api-2.0.1-sources.jar
2025-06-02 11:34:22,636 [Worker-6: Download sources and javadoc] INFO  o.e.m.j.internal.DownloadSourcesJob - Downloaded sources for jakarta.inject:jakarta.inject-api:2.0.1
2025-06-02 11:34:22,932 [Worker-6: Download sources and javadoc] INFO  o.e.m.c.i.e.AbstractTransferListenerAdapter - Downloading https://repo.maven.apache.org/maven2/org/antlr/antlr4-runtime/4.13.0/antlr4-runtime-4.13.0-sources.jar
2025-06-02 11:34:23,151 [Worker-6: Download sources and javadoc] INFO  o.e.m.c.i.e.AbstractTransferListenerAdapter - Downloaded https://repo.maven.apache.org/maven2/org/antlr/antlr4-runtime/4.13.0/antlr4-runtime-4.13.0-sources.jar
2025-06-02 11:34:23,157 [Worker-6: Download sources and javadoc] INFO  o.e.m.j.internal.DownloadSourcesJob - Downloaded sources for org.antlr:antlr4-runtime:4.13.0
2025-06-02 11:34:23,387 [Worker-6: Download sources and javadoc] INFO  o.e.m.c.i.e.AbstractTransferListenerAdapter - Downloading https://repo.maven.apache.org/maven2/org/springframework/data/spring-data-jpa/3.5.0/spring-data-jpa-3.5.0-sources.jar
2025-06-02 11:34:23,776 [Worker-6: Download sources and javadoc] INFO  o.e.m.c.i.e.AbstractTransferListenerAdapter - Downloaded https://repo.maven.apache.org/maven2/org/springframework/data/spring-data-jpa/3.5.0/spring-data-jpa-3.5.0-sources.jar
2025-06-02 11:34:23,783 [Worker-6: Download sources and javadoc] INFO  o.e.m.j.internal.DownloadSourcesJob - Downloaded sources for org.springframework.data:spring-data-jpa:3.5.0
2025-06-02 11:34:24,016 [Worker-6: Download sources and javadoc] INFO  o.e.m.c.i.e.AbstractTransferListenerAdapter - Downloading https://repo.maven.apache.org/maven2/org/springframework/spring-orm/6.2.7/spring-orm-6.2.7-sources.jar
2025-06-02 11:34:24,252 [Worker-6: Download sources and javadoc] INFO  o.e.m.c.i.e.AbstractTransferListenerAdapter - Downloaded https://repo.maven.apache.org/maven2/org/springframework/spring-orm/6.2.7/spring-orm-6.2.7-sources.jar
2025-06-02 11:34:24,259 [Worker-6: Download sources and javadoc] INFO  o.e.m.j.internal.DownloadSourcesJob - Downloaded sources for org.springframework:spring-orm:6.2.7
2025-06-02 11:34:24,420 [Worker-6: Download sources and javadoc] INFO  o.e.m.c.i.e.AbstractTransferListenerAdapter - Downloading https://repo.maven.apache.org/maven2/org/springframework/spring-aop/6.2.7/spring-aop-6.2.7-sources.jar
2025-06-02 11:34:24,687 [Worker-6: Download sources and javadoc] INFO  o.e.m.c.i.e.AbstractTransferListenerAdapter - Downloaded https://repo.maven.apache.org/maven2/org/springframework/spring-aop/6.2.7/spring-aop-6.2.7-sources.jar
2025-06-02 11:34:24,695 [Worker-6: Download sources and javadoc] INFO  o.e.m.j.internal.DownloadSourcesJob - Downloaded sources for org.springframework:spring-aop:6.2.7
2025-06-02 11:34:24,926 [Worker-6: Download sources and javadoc] INFO  o.e.m.c.i.e.AbstractTransferListenerAdapter - Downloading https://repo.maven.apache.org/maven2/org/springframework/spring-aspects/6.2.7/spring-aspects-6.2.7-sources.jar
2025-06-02 11:34:26,120 [Worker-6: Download sources and javadoc] INFO  o.e.m.c.i.e.AbstractTransferListenerAdapter - Downloaded https://repo.maven.apache.org/maven2/org/springframework/spring-aspects/6.2.7/spring-aspects-6.2.7-sources.jar
2025-06-02 11:34:26,129 [Worker-6: Download sources and javadoc] INFO  o.e.m.j.internal.DownloadSourcesJob - Downloaded sources for org.springframework:spring-aspects:6.2.7
2025-06-02 11:34:26,553 [Worker-6: Download sources and javadoc] INFO  o.e.m.c.i.e.AbstractTransferListenerAdapter - Downloading https://repo.maven.apache.org/maven2/org/aspectj/aspectjweaver/1.9.24/aspectjweaver-1.9.24-sources.jar
2025-06-02 11:34:29,509 [Worker-6: Download sources and javadoc] INFO  o.e.m.c.i.e.AbstractTransferListenerAdapter - Downloaded https://repo.maven.apache.org/maven2/org/aspectj/aspectjweaver/1.9.24/aspectjweaver-1.9.24-sources.jar
2025-06-02 11:34:29,529 [Worker-6: Download sources and javadoc] INFO  o.e.m.j.internal.DownloadSourcesJob - Downloaded sources for org.aspectj:aspectjweaver:1.9.24
2025-06-02 11:34:29,984 [Worker-6: Download sources and javadoc] INFO  o.e.m.c.i.e.AbstractTransferListenerAdapter - Downloading https://repo.maven.apache.org/maven2/org/springframework/boot/spring-boot-starter-web/3.5.0/spring-boot-starter-web-3.5.0-sources.jar
2025-06-02 11:34:30,053 [Worker-6: Download sources and javadoc] INFO  o.e.m.c.i.e.AbstractTransferListenerAdapter - Downloaded https://repo.maven.apache.org/maven2/org/springframework/boot/spring-boot-starter-web/3.5.0/spring-boot-starter-web-3.5.0-sources.jar
2025-06-02 11:34:30,060 [Worker-6: Download sources and javadoc] INFO  o.e.m.j.internal.DownloadSourcesJob - Downloaded sources for org.springframework.boot:spring-boot-starter-web:3.5.0
2025-06-02 11:34:30,282 [Worker-11: Update Maven projects configuration] INFO  o.e.m.c.i.p.ProjectConfigurationManager - Update completed for 1 poms: local refresh takes 0.00 sec, refresh facades takes 76.00 sec, update config takes 32.00 sec 
2025-06-02 11:34:30,684 [Worker-6: Download sources and javadoc] INFO  o.e.m.c.i.e.AbstractTransferListenerAdapter - Downloading https://repo.maven.apache.org/maven2/org/springframework/boot/spring-boot-starter-json/3.5.0/spring-boot-starter-json-3.5.0-sources.jar
2025-06-02 11:34:30,768 [Worker-6: Download sources and javadoc] INFO  o.e.m.c.i.e.AbstractTransferListenerAdapter - Downloaded https://repo.maven.apache.org/maven2/org/springframework/boot/spring-boot-starter-json/3.5.0/spring-boot-starter-json-3.5.0-sources.jar
2025-06-02 11:34:30,777 [Worker-6: Download sources and javadoc] INFO  o.e.m.j.internal.DownloadSourcesJob - Downloaded sources for org.springframework.boot:spring-boot-starter-json:3.5.0
2025-06-02 11:34:31,213 [Worker-2: Building] INFO  o.a.m.s.f.DefaultMavenResourcesFiltering - Copying 1 resource from src\main\resources to target\classes
2025-06-02 11:34:31,226 [Worker-6: Download sources and javadoc] INFO  o.e.m.c.i.e.AbstractTransferListenerAdapter - Downloading https://repo.maven.apache.org/maven2/com/fasterxml/jackson/core/jackson-databind/2.19.0/jackson-databind-2.19.0-sources.jar
2025-06-02 11:34:31,239 [Worker-2: Building] INFO  o.a.m.s.f.DefaultMavenResourcesFiltering - Copying 0 resource from src\main\resources to target\classes
2025-06-02 11:34:31,260 [Worker-2: Building] INFO  o.a.m.s.f.DefaultMavenResourcesFiltering - skip non existing resourceDirectory C:\Users\antma\Desktop\curso_carpeta\semana3_Spring Boot y Angular\WorkSpace\Empleado\src\test\resources
2025-06-02 11:34:33,174 [Worker-6: Download sources and javadoc] INFO  o.e.m.c.i.e.AbstractTransferListenerAdapter - Downloaded https://repo.maven.apache.org/maven2/com/fasterxml/jackson/core/jackson-databind/2.19.0/jackson-databind-2.19.0-sources.jar
2025-06-02 11:34:33,180 [Worker-6: Download sources and javadoc] INFO  o.e.m.j.internal.DownloadSourcesJob - Downloaded sources for com.fasterxml.jackson.core:jackson-databind:2.19.0
2025-06-02 11:34:33,392 [Worker-6: Download sources and javadoc] INFO  o.e.m.c.i.e.AbstractTransferListenerAdapter - Downloading https://repo.maven.apache.org/maven2/com/fasterxml/jackson/core/jackson-annotations/2.19.0/jackson-annotations-2.19.0-sources.jar
2025-06-02 11:34:33,515 [Worker-6: Download sources and javadoc] INFO  o.e.m.c.i.e.AbstractTransferListenerAdapter - Downloaded https://repo.maven.apache.org/maven2/com/fasterxml/jackson/core/jackson-annotations/2.19.0/jackson-annotations-2.19.0-sources.jar
2025-06-02 11:34:33,522 [Worker-6: Download sources and javadoc] INFO  o.e.m.j.internal.DownloadSourcesJob - Downloaded sources for com.fasterxml.jackson.core:jackson-annotations:2.19.0
2025-06-02 11:34:33,695 [Worker-6: Download sources and javadoc] INFO  o.e.m.c.i.e.AbstractTransferListenerAdapter - Downloading https://repo.maven.apache.org/maven2/com/fasterxml/jackson/core/jackson-core/2.19.0/jackson-core-2.19.0-sources.jar
2025-06-02 11:34:33,968 [Worker-6: Download sources and javadoc] INFO  o.e.m.c.i.e.AbstractTransferListenerAdapter - Downloaded https://repo.maven.apache.org/maven2/com/fasterxml/jackson/core/jackson-core/2.19.0/jackson-core-2.19.0-sources.jar
2025-06-02 11:34:33,987 [Worker-6: Download sources and javadoc] INFO  o.e.m.j.internal.DownloadSourcesJob - Downloaded sources for com.fasterxml.jackson.core:jackson-core:2.19.0
2025-06-02 11:34:34,214 [Worker-6: Download sources and javadoc] INFO  o.e.m.c.i.e.AbstractTransferListenerAdapter - Downloading https://repo.maven.apache.org/maven2/com/fasterxml/jackson/datatype/jackson-datatype-jdk8/2.19.0/jackson-datatype-jdk8-2.19.0-sources.jar
2025-06-02 11:34:35,324 [Worker-6: Download sources and javadoc] INFO  o.e.m.c.i.e.AbstractTransferListenerAdapter - Downloaded https://repo.maven.apache.org/maven2/com/fasterxml/jackson/datatype/jackson-datatype-jdk8/2.19.0/jackson-datatype-jdk8-2.19.0-sources.jar
2025-06-02 11:34:35,364 [Worker-6: Download sources and javadoc] INFO  o.e.m.j.internal.DownloadSourcesJob - Downloaded sources for com.fasterxml.jackson.datatype:jackson-datatype-jdk8:2.19.0
2025-06-02 11:34:35,655 [Worker-6: Download sources and javadoc] INFO  o.e.m.c.i.e.AbstractTransferListenerAdapter - Downloading https://repo.maven.apache.org/maven2/com/fasterxml/jackson/datatype/jackson-datatype-jsr310/2.19.0/jackson-datatype-jsr310-2.19.0-sources.jar
2025-06-02 11:34:35,778 [Worker-6: Download sources and javadoc] INFO  o.e.m.c.i.e.AbstractTransferListenerAdapter - Downloaded https://repo.maven.apache.org/maven2/com/fasterxml/jackson/datatype/jackson-datatype-jsr310/2.19.0/jackson-datatype-jsr310-2.19.0-sources.jar
2025-06-02 11:34:35,786 [Worker-6: Download sources and javadoc] INFO  o.e.m.j.internal.DownloadSourcesJob - Downloaded sources for com.fasterxml.jackson.datatype:jackson-datatype-jsr310:2.19.0
2025-06-02 11:34:36,030 [Worker-6: Download sources and javadoc] INFO  o.e.m.c.i.e.AbstractTransferListenerAdapter - Downloading https://repo.maven.apache.org/maven2/com/fasterxml/jackson/module/jackson-module-parameter-names/2.19.0/jackson-module-parameter-names-2.19.0-sources.jar
2025-06-02 11:34:36,188 [Worker-6: Download sources and javadoc] INFO  o.e.m.c.i.e.AbstractTransferListenerAdapter - Downloaded https://repo.maven.apache.org/maven2/com/fasterxml/jackson/module/jackson-module-parameter-names/2.19.0/jackson-module-parameter-names-2.19.0-sources.jar
2025-06-02 11:34:36,196 [Worker-6: Download sources and javadoc] INFO  o.e.m.j.internal.DownloadSourcesJob - Downloaded sources for com.fasterxml.jackson.module:jackson-module-parameter-names:2.19.0
2025-06-02 11:34:36,407 [Worker-6: Download sources and javadoc] INFO  o.e.m.c.i.e.AbstractTransferListenerAdapter - Downloading https://repo.maven.apache.org/maven2/org/springframework/boot/spring-boot-starter-tomcat/3.5.0/spring-boot-starter-tomcat-3.5.0-sources.jar
2025-06-02 11:34:36,475 [Worker-6: Download sources and javadoc] INFO  o.e.m.c.i.e.AbstractTransferListenerAdapter - Downloaded https://repo.maven.apache.org/maven2/org/springframework/boot/spring-boot-starter-tomcat/3.5.0/spring-boot-starter-tomcat-3.5.0-sources.jar
2025-06-02 11:34:36,485 [Worker-6: Download sources and javadoc] INFO  o.e.m.j.internal.DownloadSourcesJob - Downloaded sources for org.springframework.boot:spring-boot-starter-tomcat:3.5.0
2025-06-02 11:34:36,726 [Worker-6: Download sources and javadoc] INFO  o.e.m.c.i.e.AbstractTransferListenerAdapter - Downloading https://repo.maven.apache.org/maven2/org/apache/tomcat/embed/tomcat-embed-core/10.1.41/tomcat-embed-core-10.1.41-sources.jar
2025-06-02 11:34:37,760 [Worker-6: Download sources and javadoc] INFO  o.e.m.c.i.e.AbstractTransferListenerAdapter - Downloaded https://repo.maven.apache.org/maven2/org/apache/tomcat/embed/tomcat-embed-core/10.1.41/tomcat-embed-core-10.1.41-sources.jar
2025-06-02 11:34:37,770 [Worker-6: Download sources and javadoc] INFO  o.e.m.j.internal.DownloadSourcesJob - Downloaded sources for org.apache.tomcat.embed:tomcat-embed-core:10.1.41
2025-06-02 11:34:37,953 [Worker-6: Download sources and javadoc] INFO  o.e.m.c.i.e.AbstractTransferListenerAdapter - Downloading https://repo.maven.apache.org/maven2/org/apache/tomcat/embed/tomcat-embed-el/10.1.41/tomcat-embed-el-10.1.41-sources.jar
2025-06-02 11:34:38,148 [Worker-6: Download sources and javadoc] INFO  o.e.m.c.i.e.AbstractTransferListenerAdapter - Downloaded https://repo.maven.apache.org/maven2/org/apache/tomcat/embed/tomcat-embed-el/10.1.41/tomcat-embed-el-10.1.41-sources.jar
2025-06-02 11:34:38,154 [Worker-6: Download sources and javadoc] INFO  o.e.m.j.internal.DownloadSourcesJob - Downloaded sources for org.apache.tomcat.embed:tomcat-embed-el:10.1.41
2025-06-02 11:34:38,320 [Worker-6: Download sources and javadoc] INFO  o.e.m.c.i.e.AbstractTransferListenerAdapter - Downloading https://repo.maven.apache.org/maven2/org/apache/tomcat/embed/tomcat-embed-websocket/10.1.41/tomcat-embed-websocket-10.1.41-sources.jar
2025-06-02 11:34:38,577 [Worker-6: Download sources and javadoc] INFO  o.e.m.c.i.e.AbstractTransferListenerAdapter - Downloaded https://repo.maven.apache.org/maven2/org/apache/tomcat/embed/tomcat-embed-websocket/10.1.41/tomcat-embed-websocket-10.1.41-sources.jar
2025-06-02 11:34:38,586 [Worker-6: Download sources and javadoc] INFO  o.e.m.j.internal.DownloadSourcesJob - Downloaded sources for org.apache.tomcat.embed:tomcat-embed-websocket:10.1.41
2025-06-02 11:34:38,786 [Worker-6: Download sources and javadoc] INFO  o.e.m.c.i.e.AbstractTransferListenerAdapter - Downloading https://repo.maven.apache.org/maven2/org/springframework/spring-web/6.2.7/spring-web-6.2.7-sources.jar
2025-06-02 11:34:39,177 [Worker-6: Download sources and javadoc] INFO  o.e.m.c.i.e.AbstractTransferListenerAdapter - Downloaded https://repo.maven.apache.org/maven2/org/springframework/spring-web/6.2.7/spring-web-6.2.7-sources.jar
2025-06-02 11:34:39,219 [Worker-6: Download sources and javadoc] INFO  o.e.m.j.internal.DownloadSourcesJob - Downloaded sources for org.springframework:spring-web:6.2.7
2025-06-02 11:34:39,566 [Worker-6: Download sources and javadoc] INFO  o.e.m.c.i.e.AbstractTransferListenerAdapter - Downloading https://repo.maven.apache.org/maven2/io/micrometer/micrometer-observation/1.15.0/micrometer-observation-1.15.0-sources.jar
2025-06-02 11:34:39,660 [Worker-6: Download sources and javadoc] INFO  o.e.m.c.i.e.AbstractTransferListenerAdapter - Downloaded https://repo.maven.apache.org/maven2/io/micrometer/micrometer-observation/1.15.0/micrometer-observation-1.15.0-sources.jar
2025-06-02 11:34:39,670 [Worker-6: Download sources and javadoc] INFO  o.e.m.j.internal.DownloadSourcesJob - Downloaded sources for io.micrometer:micrometer-observation:1.15.0
2025-06-02 11:34:39,904 [Worker-6: Download sources and javadoc] INFO  o.e.m.c.i.e.AbstractTransferListenerAdapter - Downloading https://repo.maven.apache.org/maven2/io/micrometer/micrometer-commons/1.15.0/micrometer-commons-1.15.0-sources.jar
2025-06-02 11:34:41,367 [Worker-6: Download sources and javadoc] INFO  o.e.m.c.i.e.AbstractTransferListenerAdapter - Downloaded https://repo.maven.apache.org/maven2/io/micrometer/micrometer-commons/1.15.0/micrometer-commons-1.15.0-sources.jar
2025-06-02 11:34:41,375 [Worker-6: Download sources and javadoc] INFO  o.e.m.j.internal.DownloadSourcesJob - Downloaded sources for io.micrometer:micrometer-commons:1.15.0
2025-06-02 11:34:41,730 [Worker-6: Download sources and javadoc] INFO  o.e.m.c.i.e.AbstractTransferListenerAdapter - Downloading https://repo.maven.apache.org/maven2/org/springframework/spring-webmvc/6.2.7/spring-webmvc-6.2.7-sources.jar
2025-06-02 11:34:42,073 [Worker-6: Download sources and javadoc] INFO  o.e.m.c.i.e.AbstractTransferListenerAdapter - Downloaded https://repo.maven.apache.org/maven2/org/springframework/spring-webmvc/6.2.7/spring-webmvc-6.2.7-sources.jar
2025-06-02 11:34:42,083 [Worker-6: Download sources and javadoc] INFO  o.e.m.j.internal.DownloadSourcesJob - Downloaded sources for org.springframework:spring-webmvc:6.2.7
2025-06-02 11:34:42,360 [Worker-6: Download sources and javadoc] INFO  o.e.m.c.i.e.AbstractTransferListenerAdapter - Downloading https://repo.maven.apache.org/maven2/org/springframework/spring-expression/6.2.7/spring-expression-6.2.7-sources.jar
2025-06-02 11:34:42,607 [Worker-6: Download sources and javadoc] INFO  o.e.m.c.i.e.AbstractTransferListenerAdapter - Downloaded https://repo.maven.apache.org/maven2/org/springframework/spring-expression/6.2.7/spring-expression-6.2.7-sources.jar
2025-06-02 11:34:42,617 [Worker-6: Download sources and javadoc] INFO  o.e.m.j.internal.DownloadSourcesJob - Downloaded sources for org.springframework:spring-expression:6.2.7
2025-06-02 11:34:42,781 [Worker-6: Download sources and javadoc] INFO  o.e.m.c.i.e.AbstractTransferListenerAdapter - Downloading https://repo.maven.apache.org/maven2/org/springframework/boot/spring-boot-devtools/3.5.0/spring-boot-devtools-3.5.0-sources.jar
2025-06-02 11:34:42,948 [Worker-6: Download sources and javadoc] INFO  o.e.m.c.i.e.AbstractTransferListenerAdapter - Downloaded https://repo.maven.apache.org/maven2/org/springframework/boot/spring-boot-devtools/3.5.0/spring-boot-devtools-3.5.0-sources.jar
2025-06-02 11:34:42,954 [Worker-6: Download sources and javadoc] INFO  o.e.m.j.internal.DownloadSourcesJob - Downloaded sources for org.springframework.boot:spring-boot-devtools:3.5.0
2025-06-02 11:34:43,118 [Worker-6: Download sources and javadoc] INFO  o.e.m.c.i.e.AbstractTransferListenerAdapter - Downloading https://repo.maven.apache.org/maven2/org/springframework/boot/spring-boot/3.5.0/spring-boot-3.5.0-sources.jar
2025-06-02 11:34:43,515 [Worker-6: Download sources and javadoc] INFO  o.e.m.c.i.e.AbstractTransferListenerAdapter - Downloaded https://repo.maven.apache.org/maven2/org/springframework/boot/spring-boot/3.5.0/spring-boot-3.5.0-sources.jar
2025-06-02 11:34:43,551 [Worker-6: Download sources and javadoc] INFO  o.e.m.j.internal.DownloadSourcesJob - Downloaded sources for org.springframework.boot:spring-boot:3.5.0
2025-06-02 11:34:43,801 [Worker-6: Download sources and javadoc] INFO  o.e.m.c.i.e.AbstractTransferListenerAdapter - Downloading https://repo.maven.apache.org/maven2/org/springframework/boot/spring-boot-autoconfigure/3.5.0/spring-boot-autoconfigure-3.5.0-sources.jar
2025-06-02 11:34:45,311 [Worker-6: Download sources and javadoc] INFO  o.e.m.c.i.e.AbstractTransferListenerAdapter - Downloaded https://repo.maven.apache.org/maven2/org/springframework/boot/spring-boot-autoconfigure/3.5.0/spring-boot-autoconfigure-3.5.0-sources.jar
2025-06-02 11:34:45,319 [Worker-6: Download sources and javadoc] INFO  o.e.m.j.internal.DownloadSourcesJob - Downloaded sources for org.springframework.boot:spring-boot-autoconfigure:3.5.0
2025-06-02 11:34:45,487 [Worker-6: Download sources and javadoc] INFO  o.e.m.c.i.e.AbstractTransferListenerAdapter - Downloading https://repo.maven.apache.org/maven2/com/oracle/database/jdbc/ojdbc11/23.7.0.25.01/ojdbc11-23.7.0.25.01-sources.jar
2025-06-02 11:34:45,529 [Worker-6: Download sources and javadoc] INFO  o.e.m.c.i.e.AbstractTransferListenerAdapter - Downloaded https://repo.maven.apache.org/maven2/com/oracle/database/jdbc/ojdbc11/23.7.0.25.01/ojdbc11-23.7.0.25.01-sources.jar
2025-06-02 11:34:45,536 [Worker-6: Download sources and javadoc] INFO  o.e.m.j.internal.DownloadSourcesJob - Downloaded sources for com.oracle.database.jdbc:ojdbc11:23.7.0.25.01
2025-06-02 11:34:45,697 [Worker-6: Download sources and javadoc] INFO  o.e.m.c.i.e.AbstractTransferListenerAdapter - Downloading https://repo.maven.apache.org/maven2/org/springframework/boot/spring-boot-starter-test/3.5.0/spring-boot-starter-test-3.5.0-sources.jar
2025-06-02 11:34:45,781 [Worker-6: Download sources and javadoc] INFO  o.e.m.c.i.e.AbstractTransferListenerAdapter - Downloaded https://repo.maven.apache.org/maven2/org/springframework/boot/spring-boot-starter-test/3.5.0/spring-boot-starter-test-3.5.0-sources.jar
2025-06-02 11:34:45,803 [Worker-6: Download sources and javadoc] INFO  o.e.m.j.internal.DownloadSourcesJob - Downloaded sources for org.springframework.boot:spring-boot-starter-test:3.5.0
2025-06-02 11:34:46,012 [Worker-6: Download sources and javadoc] INFO  o.e.m.c.i.e.AbstractTransferListenerAdapter - Downloading https://repo.maven.apache.org/maven2/org/springframework/boot/spring-boot-test/3.5.0/spring-boot-test-3.5.0-sources.jar
2025-06-02 11:34:46,164 [Worker-6: Download sources and javadoc] INFO  o.e.m.c.i.e.AbstractTransferListenerAdapter - Downloaded https://repo.maven.apache.org/maven2/org/springframework/boot/spring-boot-test/3.5.0/spring-boot-test-3.5.0-sources.jar
2025-06-02 11:34:46,186 [Worker-6: Download sources and javadoc] INFO  o.e.m.j.internal.DownloadSourcesJob - Downloaded sources for org.springframework.boot:spring-boot-test:3.5.0
2025-06-02 11:34:46,395 [Worker-6: Download sources and javadoc] INFO  o.e.m.c.i.e.AbstractTransferListenerAdapter - Downloading https://repo.maven.apache.org/maven2/org/springframework/boot/spring-boot-test-autoconfigure/3.5.0/spring-boot-test-autoconfigure-3.5.0-sources.jar
2025-06-02 11:34:46,569 [Worker-6: Download sources and javadoc] INFO  o.e.m.c.i.e.AbstractTransferListenerAdapter - Downloaded https://repo.maven.apache.org/maven2/org/springframework/boot/spring-boot-test-autoconfigure/3.5.0/spring-boot-test-autoconfigure-3.5.0-sources.jar
2025-06-02 11:34:46,603 [Worker-6: Download sources and javadoc] INFO  o.e.m.j.internal.DownloadSourcesJob - Downloaded sources for org.springframework.boot:spring-boot-test-autoconfigure:3.5.0
2025-06-02 11:34:46,780 [Worker-6: Download sources and javadoc] INFO  o.e.m.c.i.e.AbstractTransferListenerAdapter - Downloading https://repo.maven.apache.org/maven2/com/jayway/jsonpath/json-path/2.9.0/json-path-2.9.0-sources.jar
2025-06-02 11:34:46,943 [Worker-6: Download sources and javadoc] INFO  o.e.m.c.i.e.AbstractTransferListenerAdapter - Downloaded https://repo.maven.apache.org/maven2/com/jayway/jsonpath/json-path/2.9.0/json-path-2.9.0-sources.jar
2025-06-02 11:34:46,959 [Worker-6: Download sources and javadoc] INFO  o.e.m.j.internal.DownloadSourcesJob - Downloaded sources for com.jayway.jsonpath:json-path:2.9.0
2025-06-02 11:34:47,145 [Worker-6: Download sources and javadoc] INFO  o.e.m.c.i.e.AbstractTransferListenerAdapter - Downloading https://repo.maven.apache.org/maven2/jakarta/xml/bind/jakarta.xml.bind-api/4.0.2/jakarta.xml.bind-api-4.0.2-sources.jar
2025-06-02 11:34:47,333 [Worker-6: Download sources and javadoc] INFO  o.e.m.c.i.e.AbstractTransferListenerAdapter - Downloaded https://repo.maven.apache.org/maven2/jakarta/xml/bind/jakarta.xml.bind-api/4.0.2/jakarta.xml.bind-api-4.0.2-sources.jar
2025-06-02 11:34:47,341 [Worker-6: Download sources and javadoc] INFO  o.e.m.j.internal.DownloadSourcesJob - Downloaded sources for jakarta.xml.bind:jakarta.xml.bind-api:4.0.2
2025-06-02 11:34:47,766 [Worker-6: Download sources and javadoc] INFO  o.e.m.c.i.e.AbstractTransferListenerAdapter - Downloading https://repo.maven.apache.org/maven2/jakarta/activation/jakarta.activation-api/2.1.3/jakarta.activation-api-2.1.3-sources.jar
2025-06-02 11:34:47,893 [Worker-6: Download sources and javadoc] INFO  o.e.m.c.i.e.AbstractTransferListenerAdapter - Downloaded https://repo.maven.apache.org/maven2/jakarta/activation/jakarta.activation-api/2.1.3/jakarta.activation-api-2.1.3-sources.jar
2025-06-02 11:34:47,899 [Worker-6: Download sources and javadoc] INFO  o.e.m.j.internal.DownloadSourcesJob - Downloaded sources for jakarta.activation:jakarta.activation-api:2.1.3
2025-06-02 11:34:48,080 [Worker-6: Download sources and javadoc] INFO  o.e.m.c.i.e.AbstractTransferListenerAdapter - Downloading https://repo.maven.apache.org/maven2/net/minidev/json-smart/2.5.2/json-smart-2.5.2-sources.jar
2025-06-02 11:34:48,191 [Worker-6: Download sources and javadoc] INFO  o.e.m.c.i.e.AbstractTransferListenerAdapter - Downloaded https://repo.maven.apache.org/maven2/net/minidev/json-smart/2.5.2/json-smart-2.5.2-sources.jar
2025-06-02 11:34:48,198 [Worker-6: Download sources and javadoc] INFO  o.e.m.j.internal.DownloadSourcesJob - Downloaded sources for net.minidev:json-smart:2.5.2
2025-06-02 11:34:48,400 [Worker-6: Download sources and javadoc] INFO  o.e.m.c.i.e.AbstractTransferListenerAdapter - Downloading https://repo.maven.apache.org/maven2/net/minidev/accessors-smart/2.5.2/accessors-smart-2.5.2-sources.jar
2025-06-02 11:34:49,012 [Worker-6: Download sources and javadoc] INFO  o.e.m.c.i.e.AbstractTransferListenerAdapter - Downloaded https://repo.maven.apache.org/maven2/net/minidev/accessors-smart/2.5.2/accessors-smart-2.5.2-sources.jar
2025-06-02 11:34:49,087 [Worker-6: Download sources and javadoc] INFO  o.e.m.j.internal.DownloadSourcesJob - Downloaded sources for net.minidev:accessors-smart:2.5.2
2025-06-02 11:34:49,243 [Worker-6: Download sources and javadoc] INFO  o.e.m.c.i.e.AbstractTransferListenerAdapter - Downloading https://repo.maven.apache.org/maven2/org/ow2/asm/asm/9.7.1/asm-9.7.1-sources.jar
2025-06-02 11:34:49,410 [Worker-6: Download sources and javadoc] INFO  o.e.m.c.i.e.AbstractTransferListenerAdapter - Downloaded https://repo.maven.apache.org/maven2/org/ow2/asm/asm/9.7.1/asm-9.7.1-sources.jar
2025-06-02 11:34:49,422 [Worker-6: Download sources and javadoc] INFO  o.e.m.j.internal.DownloadSourcesJob - Downloaded sources for org.ow2.asm:asm:9.7.1
2025-06-02 11:34:49,589 [Worker-6: Download sources and javadoc] INFO  o.e.m.c.i.e.AbstractTransferListenerAdapter - Downloading https://repo.maven.apache.org/maven2/org/assertj/assertj-core/3.27.3/assertj-core-3.27.3-sources.jar
2025-06-02 11:34:50,109 [Worker-6: Download sources and javadoc] INFO  o.e.m.c.i.e.AbstractTransferListenerAdapter - Downloaded https://repo.maven.apache.org/maven2/org/assertj/assertj-core/3.27.3/assertj-core-3.27.3-sources.jar
2025-06-02 11:34:50,197 [Worker-6: Download sources and javadoc] INFO  o.e.m.j.internal.DownloadSourcesJob - Downloaded sources for org.assertj:assertj-core:3.27.3
2025-06-02 11:34:50,355 [Worker-6: Download sources and javadoc] INFO  o.e.m.c.i.e.AbstractTransferListenerAdapter - Downloading https://repo.maven.apache.org/maven2/org/awaitility/awaitility/4.3.0/awaitility-4.3.0-sources.jar
2025-06-02 11:34:50,513 [Worker-6: Download sources and javadoc] INFO  o.e.m.c.i.e.AbstractTransferListenerAdapter - Downloaded https://repo.maven.apache.org/maven2/org/awaitility/awaitility/4.3.0/awaitility-4.3.0-sources.jar
2025-06-02 11:34:50,563 [Worker-6: Download sources and javadoc] INFO  o.e.m.j.internal.DownloadSourcesJob - Downloaded sources for org.awaitility:awaitility:4.3.0
2025-06-02 11:34:50,741 [Worker-6: Download sources and javadoc] INFO  o.e.m.c.i.e.AbstractTransferListenerAdapter - Downloading https://repo.maven.apache.org/maven2/org/hamcrest/hamcrest/3.0/hamcrest-3.0-sources.jar
2025-06-02 11:34:50,861 [Worker-6: Download sources and javadoc] INFO  o.e.m.c.i.e.AbstractTransferListenerAdapter - Downloaded https://repo.maven.apache.org/maven2/org/hamcrest/hamcrest/3.0/hamcrest-3.0-sources.jar
2025-06-02 11:34:50,869 [Worker-6: Download sources and javadoc] INFO  o.e.m.j.internal.DownloadSourcesJob - Downloaded sources for org.hamcrest:hamcrest:3.0
2025-06-02 11:34:51,073 [Worker-6: Download sources and javadoc] INFO  o.e.m.c.i.e.AbstractTransferListenerAdapter - Downloading https://repo.maven.apache.org/maven2/org/junit/jupiter/junit-jupiter/5.12.2/junit-jupiter-5.12.2-sources.jar
2025-06-02 11:34:51,179 [Worker-6: Download sources and javadoc] INFO  o.e.m.c.i.e.AbstractTransferListenerAdapter - Downloaded https://repo.maven.apache.org/maven2/org/junit/jupiter/junit-jupiter/5.12.2/junit-jupiter-5.12.2-sources.jar
2025-06-02 11:34:51,215 [Worker-6: Download sources and javadoc] INFO  o.e.m.j.internal.DownloadSourcesJob - Downloaded sources for org.junit.jupiter:junit-jupiter:5.12.2
2025-06-02 11:34:51,549 [Worker-6: Download sources and javadoc] INFO  o.e.m.c.i.e.AbstractTransferListenerAdapter - Downloading https://repo.maven.apache.org/maven2/org/junit/jupiter/junit-jupiter-api/5.12.2/junit-jupiter-api-5.12.2-sources.jar
2025-06-02 11:34:51,766 [Worker-6: Download sources and javadoc] INFO  o.e.m.c.i.e.AbstractTransferListenerAdapter - Downloaded https://repo.maven.apache.org/maven2/org/junit/jupiter/junit-jupiter-api/5.12.2/junit-jupiter-api-5.12.2-sources.jar
2025-06-02 11:34:51,772 [Worker-6: Download sources and javadoc] INFO  o.e.m.j.internal.DownloadSourcesJob - Downloaded sources for org.junit.jupiter:junit-jupiter-api:5.12.2
2025-06-02 11:34:51,987 [Worker-6: Download sources and javadoc] INFO  o.e.m.c.i.e.AbstractTransferListenerAdapter - Downloading https://repo.maven.apache.org/maven2/org/opentest4j/opentest4j/1.3.0/opentest4j-1.3.0-sources.jar
2025-06-02 11:34:52,411 [Worker-6: Download sources and javadoc] INFO  o.e.m.c.i.e.AbstractTransferListenerAdapter - Downloaded https://repo.maven.apache.org/maven2/org/opentest4j/opentest4j/1.3.0/opentest4j-1.3.0-sources.jar
2025-06-02 11:34:52,430 [Worker-6: Download sources and javadoc] INFO  o.e.m.j.internal.DownloadSourcesJob - Downloaded sources for org.opentest4j:opentest4j:1.3.0
2025-06-02 11:34:52,655 [Worker-6: Download sources and javadoc] INFO  o.e.m.c.i.e.AbstractTransferListenerAdapter - Downloading https://repo.maven.apache.org/maven2/org/junit/platform/junit-platform-commons/1.12.2/junit-platform-commons-1.12.2-sources.jar
2025-06-02 11:34:52,810 [Worker-6: Download sources and javadoc] INFO  o.e.m.c.i.e.AbstractTransferListenerAdapter - Downloaded https://repo.maven.apache.org/maven2/org/junit/platform/junit-platform-commons/1.12.2/junit-platform-commons-1.12.2-sources.jar
2025-06-02 11:34:52,821 [Worker-6: Download sources and javadoc] INFO  o.e.m.j.internal.DownloadSourcesJob - Downloaded sources for org.junit.platform:junit-platform-commons:1.12.2
2025-06-02 11:34:53,040 [Worker-6: Download sources and javadoc] INFO  o.e.m.c.i.e.AbstractTransferListenerAdapter - Downloading https://repo.maven.apache.org/maven2/org/apiguardian/apiguardian-api/1.1.2/apiguardian-api-1.1.2-sources.jar
2025-06-02 11:34:53,141 [Worker-6: Download sources and javadoc] INFO  o.e.m.c.i.e.AbstractTransferListenerAdapter - Downloaded https://repo.maven.apache.org/maven2/org/apiguardian/apiguardian-api/1.1.2/apiguardian-api-1.1.2-sources.jar
2025-06-02 11:34:53,148 [Worker-6: Download sources and javadoc] INFO  o.e.m.j.internal.DownloadSourcesJob - Downloaded sources for org.apiguardian:apiguardian-api:1.1.2
2025-06-02 11:34:53,308 [Worker-6: Download sources and javadoc] INFO  o.e.m.c.i.e.AbstractTransferListenerAdapter - Downloading https://repo.maven.apache.org/maven2/org/junit/jupiter/junit-jupiter-params/5.12.2/junit-jupiter-params-5.12.2-sources.jar
2025-06-02 11:34:53,426 [Worker-6: Download sources and javadoc] INFO  o.e.m.c.i.e.AbstractTransferListenerAdapter - Downloaded https://repo.maven.apache.org/maven2/org/junit/jupiter/junit-jupiter-params/5.12.2/junit-jupiter-params-5.12.2-sources.jar
2025-06-02 11:34:53,433 [Worker-6: Download sources and javadoc] INFO  o.e.m.j.internal.DownloadSourcesJob - Downloaded sources for org.junit.jupiter:junit-jupiter-params:5.12.2
2025-06-02 11:34:53,689 [Worker-6: Download sources and javadoc] INFO  o.e.m.c.i.e.AbstractTransferListenerAdapter - Downloading https://repo.maven.apache.org/maven2/org/junit/jupiter/junit-jupiter-engine/5.12.2/junit-jupiter-engine-5.12.2-sources.jar
2025-06-02 11:34:53,894 [Worker-6: Download sources and javadoc] INFO  o.e.m.c.i.e.AbstractTransferListenerAdapter - Downloaded https://repo.maven.apache.org/maven2/org/junit/jupiter/junit-jupiter-engine/5.12.2/junit-jupiter-engine-5.12.2-sources.jar
2025-06-02 11:34:53,923 [Worker-6: Download sources and javadoc] INFO  o.e.m.j.internal.DownloadSourcesJob - Downloaded sources for org.junit.jupiter:junit-jupiter-engine:5.12.2
2025-06-02 11:34:54,075 [Worker-6: Download sources and javadoc] INFO  o.e.m.c.i.e.AbstractTransferListenerAdapter - Downloading https://repo.maven.apache.org/maven2/org/junit/platform/junit-platform-engine/1.12.2/junit-platform-engine-1.12.2-sources.jar
2025-06-02 11:34:54,222 [Worker-6: Download sources and javadoc] INFO  o.e.m.c.i.e.AbstractTransferListenerAdapter - Downloaded https://repo.maven.apache.org/maven2/org/junit/platform/junit-platform-engine/1.12.2/junit-platform-engine-1.12.2-sources.jar
2025-06-02 11:34:54,228 [Worker-6: Download sources and javadoc] INFO  o.e.m.j.internal.DownloadSourcesJob - Downloaded sources for org.junit.platform:junit-platform-engine:1.12.2
2025-06-02 11:34:54,474 [Worker-6: Download sources and javadoc] INFO  o.e.m.c.i.e.AbstractTransferListenerAdapter - Downloading https://repo.maven.apache.org/maven2/org/mockito/mockito-core/5.17.0/mockito-core-5.17.0-sources.jar
2025-06-02 11:34:54,801 [Worker-6: Download sources and javadoc] INFO  o.e.m.c.i.e.AbstractTransferListenerAdapter - Downloaded https://repo.maven.apache.org/maven2/org/mockito/mockito-core/5.17.0/mockito-core-5.17.0-sources.jar
2025-06-02 11:34:54,807 [Worker-6: Download sources and javadoc] INFO  o.e.m.j.internal.DownloadSourcesJob - Downloaded sources for org.mockito:mockito-core:5.17.0
2025-06-02 11:34:54,986 [Worker-6: Download sources and javadoc] INFO  o.e.m.c.i.e.AbstractTransferListenerAdapter - Downloading https://repo.maven.apache.org/maven2/net/bytebuddy/byte-buddy-agent/1.17.5/byte-buddy-agent-1.17.5-sources.jar
2025-06-02 11:34:55,155 [Worker-6: Download sources and javadoc] INFO  o.e.m.c.i.e.AbstractTransferListenerAdapter - Downloaded https://repo.maven.apache.org/maven2/net/bytebuddy/byte-buddy-agent/1.17.5/byte-buddy-agent-1.17.5-sources.jar
2025-06-02 11:34:55,166 [Worker-6: Download sources and javadoc] INFO  o.e.m.j.internal.DownloadSourcesJob - Downloaded sources for net.bytebuddy:byte-buddy-agent:1.17.5
2025-06-02 11:34:55,329 [Worker-6: Download sources and javadoc] INFO  o.e.m.c.i.e.AbstractTransferListenerAdapter - Downloading https://repo.maven.apache.org/maven2/org/objenesis/objenesis/3.3/objenesis-3.3-sources.jar
2025-06-02 11:34:55,440 [Worker-6: Download sources and javadoc] INFO  o.e.m.c.i.e.AbstractTransferListenerAdapter - Downloaded https://repo.maven.apache.org/maven2/org/objenesis/objenesis/3.3/objenesis-3.3-sources.jar
2025-06-02 11:34:55,449 [Worker-6: Download sources and javadoc] INFO  o.e.m.j.internal.DownloadSourcesJob - Downloaded sources for org.objenesis:objenesis:3.3
2025-06-02 11:34:55,651 [Worker-6: Download sources and javadoc] INFO  o.e.m.c.i.e.AbstractTransferListenerAdapter - Downloading https://repo.maven.apache.org/maven2/org/mockito/mockito-junit-jupiter/5.17.0/mockito-junit-jupiter-5.17.0-sources.jar
2025-06-02 11:34:55,809 [Worker-6: Download sources and javadoc] INFO  o.e.m.c.i.e.AbstractTransferListenerAdapter - Downloaded https://repo.maven.apache.org/maven2/org/mockito/mockito-junit-jupiter/5.17.0/mockito-junit-jupiter-5.17.0-sources.jar
2025-06-02 11:34:55,818 [Worker-6: Download sources and javadoc] INFO  o.e.m.j.internal.DownloadSourcesJob - Downloaded sources for org.mockito:mockito-junit-jupiter:5.17.0
2025-06-02 11:34:55,986 [Worker-6: Download sources and javadoc] INFO  o.e.m.c.i.e.AbstractTransferListenerAdapter - Downloading https://repo.maven.apache.org/maven2/org/skyscreamer/jsonassert/1.5.3/jsonassert-1.5.3-sources.jar
2025-06-02 11:34:56,699 [Worker-6: Download sources and javadoc] INFO  o.e.m.c.i.e.AbstractTransferListenerAdapter - Downloaded https://repo.maven.apache.org/maven2/org/skyscreamer/jsonassert/1.5.3/jsonassert-1.5.3-sources.jar
2025-06-02 11:34:56,719 [Worker-6: Download sources and javadoc] INFO  o.e.m.j.internal.DownloadSourcesJob - Downloaded sources for org.skyscreamer:jsonassert:1.5.3
2025-06-02 11:34:57,705 [Worker-6: Download sources and javadoc] INFO  o.e.m.c.i.e.AbstractTransferListenerAdapter - Downloading https://repo.maven.apache.org/maven2/com/vaadin/external/google/android-json/0.0.20131108.vaadin1/android-json-0.0.20131108.vaadin1-sources.jar
2025-06-02 11:34:57,765 [Worker-6: Download sources and javadoc] INFO  o.e.m.c.i.e.AbstractTransferListenerAdapter - Downloaded https://repo.maven.apache.org/maven2/com/vaadin/external/google/android-json/0.0.20131108.vaadin1/android-json-0.0.20131108.vaadin1-sources.jar
2025-06-02 11:34:57,773 [Worker-6: Download sources and javadoc] INFO  o.e.m.j.internal.DownloadSourcesJob - Downloaded sources for com.vaadin.external.google:android-json:0.0.20131108.vaadin1
2025-06-02 11:34:58,447 [Worker-6: Download sources and javadoc] INFO  o.e.m.c.i.e.AbstractTransferListenerAdapter - Downloading https://repo.maven.apache.org/maven2/org/springframework/spring-core/6.2.7/spring-core-6.2.7-sources.jar
2025-06-02 11:35:01,625 [Worker-6: Download sources and javadoc] INFO  o.e.m.c.i.e.AbstractTransferListenerAdapter - Downloaded https://repo.maven.apache.org/maven2/org/springframework/spring-core/6.2.7/spring-core-6.2.7-sources.jar
2025-06-02 11:35:01,648 [Worker-6: Download sources and javadoc] INFO  o.e.m.j.internal.DownloadSourcesJob - Downloaded sources for org.springframework:spring-core:6.2.7
2025-06-02 11:35:02,052 [Worker-6: Download sources and javadoc] INFO  o.e.m.c.i.e.AbstractTransferListenerAdapter - Downloading https://repo.maven.apache.org/maven2/org/springframework/spring-jcl/6.2.7/spring-jcl-6.2.7-sources.jar
2025-06-02 11:35:02,434 [Worker-6: Download sources and javadoc] INFO  o.e.m.c.i.e.AbstractTransferListenerAdapter - Downloaded https://repo.maven.apache.org/maven2/org/springframework/spring-jcl/6.2.7/spring-jcl-6.2.7-sources.jar
2025-06-02 11:35:02,439 [Worker-6: Download sources and javadoc] INFO  o.e.m.j.internal.DownloadSourcesJob - Downloaded sources for org.springframework:spring-jcl:6.2.7
2025-06-02 11:35:03,031 [Worker-6: Download sources and javadoc] INFO  o.e.m.c.i.e.AbstractTransferListenerAdapter - Downloading https://repo.maven.apache.org/maven2/org/springframework/spring-test/6.2.7/spring-test-6.2.7-sources.jar
2025-06-02 11:35:03,557 [Worker-6: Download sources and javadoc] INFO  o.e.m.c.i.e.AbstractTransferListenerAdapter - Downloaded https://repo.maven.apache.org/maven2/org/springframework/spring-test/6.2.7/spring-test-6.2.7-sources.jar
2025-06-02 11:35:03,576 [Worker-6: Download sources and javadoc] INFO  o.e.m.j.internal.DownloadSourcesJob - Downloaded sources for org.springframework:spring-test:6.2.7
2025-06-02 11:35:03,737 [Worker-6: Download sources and javadoc] INFO  o.e.m.c.i.e.AbstractTransferListenerAdapter - Downloading https://repo.maven.apache.org/maven2/org/xmlunit/xmlunit-core/2.10.1/xmlunit-core-2.10.1-sources.jar
2025-06-02 11:35:03,875 [Worker-6: Download sources and javadoc] INFO  o.e.m.c.i.e.AbstractTransferListenerAdapter - Downloaded https://repo.maven.apache.org/maven2/org/xmlunit/xmlunit-core/2.10.1/xmlunit-core-2.10.1-sources.jar
2025-06-02 11:35:03,881 [Worker-6: Download sources and javadoc] INFO  o.e.m.j.internal.DownloadSourcesJob - Downloaded sources for org.xmlunit:xmlunit-core:2.10.1
2025-06-02 11:50:17,481 [Worker-5: Building] INFO  o.a.m.s.f.DefaultMavenResourcesFiltering - Copying 1 resource from src\main\resources to target\classes
2025-06-02 11:50:17,504 [Worker-5: Building] INFO  o.a.m.s.f.DefaultMavenResourcesFiltering - Copying 0 resource from src\main\resources to target\classes
2025-06-02 11:50:17,515 [Worker-5: Building] INFO  o.a.m.s.f.DefaultMavenResourcesFiltering - skip non existing resourceDirectory C:\Users\antma\Desktop\curso_carpeta\semana3_Spring Boot y Angular\WorkSpace\Empleado\src\test\resources
2025-06-02 12:15:11,485 [Worker-15: Building] INFO  o.a.m.s.f.DefaultMavenResourcesFiltering - Copying 1 resource from src\main\resources to target\classes
2025-06-02 12:15:11,614 [Worker-15: Building] INFO  o.a.m.s.f.DefaultMavenResourcesFiltering - Copying 0 resource from src\main\resources to target\classes
2025-06-02 12:15:11,673 [Worker-15: Building] INFO  o.a.m.s.f.DefaultMavenResourcesFiltering - skip non existing resourceDirectory C:\Users\antma\Desktop\curso_carpeta\semana3_Spring Boot y Angular\WorkSpace\Empleado\src\test\resources
2025-06-02 12:16:41,385 [Worker-7: Building] INFO  o.a.m.s.f.DefaultMavenResourcesFiltering - Copying 1 resource from src\main\resources to target\classes
2025-06-02 12:16:41,518 [Worker-7: Building] INFO  o.a.m.s.f.DefaultMavenResourcesFiltering - Copying 0 resource from src\main\resources to target\classes
2025-06-02 12:16:41,780 [Worker-7: Building] INFO  o.a.m.s.f.DefaultMavenResourcesFiltering - skip non existing resourceDirectory C:\Users\antma\Desktop\curso_carpeta\semana3_Spring Boot y Angular\WorkSpace\Empleado\src\test\resources
2025-06-02 12:21:23,034 [Worker-7: Building] INFO  o.a.m.s.f.DefaultMavenResourcesFiltering - Copying 1 resource from src\main\resources to target\classes
2025-06-02 12:21:23,058 [Worker-7: Building] INFO  o.a.m.s.f.DefaultMavenResourcesFiltering - Copying 0 resource from src\main\resources to target\classes
2025-06-02 12:21:23,078 [Worker-7: Building] INFO  o.a.m.s.f.DefaultMavenResourcesFiltering - skip non existing resourceDirectory C:\Users\antma\Desktop\curso_carpeta\semana3_Spring Boot y Angular\WorkSpace\Empleado\src\test\resources
2025-06-02 12:23:23,134 [Worker-15: Building] INFO  o.a.m.s.f.DefaultMavenResourcesFiltering - Copying 1 resource from src\main\resources to target\classes
2025-06-02 12:23:23,208 [Worker-15: Building] INFO  o.a.m.s.f.DefaultMavenResourcesFiltering - Copying 0 resource from src\main\resources to target\classes
2025-06-02 12:23:23,241 [Worker-15: Building] INFO  o.a.m.s.f.DefaultMavenResourcesFiltering - skip non existing resourceDirectory C:\Users\antma\Desktop\curso_carpeta\semana3_Spring Boot y Angular\WorkSpace\Empleado\src\test\resources
2025-06-02 12:26:19,084 [Worker-5: Building] INFO  o.a.m.s.f.DefaultMavenResourcesFiltering - Copying 1 resource from src\main\resources to target\classes
2025-06-02 12:26:19,126 [Worker-5: Building] INFO  o.a.m.s.f.DefaultMavenResourcesFiltering - Copying 0 resource from src\main\resources to target\classes
2025-06-02 12:26:19,142 [Worker-5: Building] INFO  o.a.m.s.f.DefaultMavenResourcesFiltering - skip non existing resourceDirectory C:\Users\antma\Desktop\curso_carpeta\semana3_Spring Boot y Angular\WorkSpace\Empleado\src\test\resources
2025-06-02 12:27:12,640 [Worker-15: Building] INFO  o.a.m.s.f.DefaultMavenResourcesFiltering - Copying 1 resource from src\main\resources to target\classes
2025-06-02 12:27:12,681 [Worker-15: Building] INFO  o.a.m.s.f.DefaultMavenResourcesFiltering - Copying 0 resource from src\main\resources to target\classes
2025-06-02 12:27:12,698 [Worker-15: Building] INFO  o.a.m.s.f.DefaultMavenResourcesFiltering - skip non existing resourceDirectory C:\Users\antma\Desktop\curso_carpeta\semana3_Spring Boot y Angular\WorkSpace\Empleado\src\test\resources
2025-06-02 12:28:40,796 [Worker-17: Building] INFO  o.a.m.s.f.DefaultMavenResourcesFiltering - Copying 1 resource from src\main\resources to target\classes
2025-06-02 12:28:40,830 [Worker-17: Building] INFO  o.a.m.s.f.DefaultMavenResourcesFiltering - Copying 0 resource from src\main\resources to target\classes
2025-06-02 12:28:40,842 [Worker-17: Building] INFO  o.a.m.s.f.DefaultMavenResourcesFiltering - skip non existing resourceDirectory C:\Users\antma\Desktop\curso_carpeta\semana3_Spring Boot y Angular\WorkSpace\Empleado\src\test\resources
2025-06-02 12:35:52,869 [Worker-17: Building] INFO  o.a.m.s.f.DefaultMavenResourcesFiltering - Copying 1 resource from src\main\resources to target\classes
2025-06-02 12:35:52,903 [Worker-17: Building] INFO  o.a.m.s.f.DefaultMavenResourcesFiltering - Copying 0 resource from src\main\resources to target\classes
2025-06-02 12:35:53,004 [Worker-17: Building] INFO  o.a.m.s.f.DefaultMavenResourcesFiltering - skip non existing resourceDirectory C:\Users\antma\Desktop\curso_carpeta\semana3_Spring Boot y Angular\WorkSpace\Empleado\src\test\resources
2025-06-02 12:38:46,128 [Worker-19: Building] INFO  o.a.m.s.f.DefaultMavenResourcesFiltering - Copying 1 resource from src\main\resources to target\classes
2025-06-02 12:38:46,179 [Worker-19: Building] INFO  o.a.m.s.f.DefaultMavenResourcesFiltering - Copying 0 resource from src\main\resources to target\classes
2025-06-02 12:38:46,192 [Worker-19: Building] INFO  o.a.m.s.f.DefaultMavenResourcesFiltering - skip non existing resourceDirectory C:\Users\antma\Desktop\curso_carpeta\semana3_Spring Boot y Angular\WorkSpace\Empleado\src\test\resources
2025-06-02 12:39:57,522 [Worker-17: Building] INFO  o.a.m.s.f.DefaultMavenResourcesFiltering - Copying 1 resource from src\main\resources to target\classes
2025-06-02 12:39:57,538 [Worker-17: Building] INFO  o.a.m.s.f.DefaultMavenResourcesFiltering - Copying 0 resource from src\main\resources to target\classes
2025-06-02 12:39:57,556 [Worker-17: Building] INFO  o.a.m.s.f.DefaultMavenResourcesFiltering - skip non existing resourceDirectory C:\Users\antma\Desktop\curso_carpeta\semana3_Spring Boot y Angular\WorkSpace\Empleado\src\test\resources
2025-06-02 12:43:08,704 [Worker-20: Building] INFO  o.a.m.s.f.DefaultMavenResourcesFiltering - Copying 1 resource from src\main\resources to target\classes
2025-06-02 12:43:08,734 [Worker-20: Building] INFO  o.a.m.s.f.DefaultMavenResourcesFiltering - Copying 0 resource from src\main\resources to target\classes
2025-06-02 12:43:08,818 [Worker-20: Building] INFO  o.a.m.s.f.DefaultMavenResourcesFiltering - skip non existing resourceDirectory C:\Users\antma\Desktop\curso_carpeta\semana3_Spring Boot y Angular\WorkSpace\Empleado\src\test\resources
2025-06-02 12:55:35,769 [Worker-25: Building] INFO  o.a.m.s.f.DefaultMavenResourcesFiltering - Copying 1 resource from src\main\resources to target\classes
2025-06-02 12:55:36,993 [Worker-25: Building] INFO  o.a.m.s.f.DefaultMavenResourcesFiltering - Copying 0 resource from src\main\resources to target\classes
2025-06-02 12:55:37,011 [Worker-25: Building] INFO  o.a.m.s.f.DefaultMavenResourcesFiltering - skip non existing resourceDirectory C:\Users\antma\Desktop\curso_carpeta\semana3_Spring Boot y Angular\WorkSpace\Empleado\src\test\resources
2025-06-02 13:07:19,239 [Worker-30: Building] INFO  o.a.m.s.f.DefaultMavenResourcesFiltering - Copying 1 resource from src\main\resources to target\classes
2025-06-02 13:07:19,568 [Worker-30: Building] INFO  o.a.m.s.f.DefaultMavenResourcesFiltering - Copying 0 resource from src\main\resources to target\classes
2025-06-02 13:07:19,686 [Worker-30: Building] INFO  o.a.m.s.f.DefaultMavenResourcesFiltering - skip non existing resourceDirectory C:\Users\antma\Desktop\curso_carpeta\semana3_Spring Boot y Angular\WorkSpace\Empleado\src\test\resources
2025-06-02 13:36:58,752 [Worker-39: Building] INFO  o.a.m.s.f.DefaultMavenResourcesFiltering - Copying 1 resource from src\main\resources to target\classes
2025-06-02 13:36:58,812 [Worker-39: Building] INFO  o.a.m.s.f.DefaultMavenResourcesFiltering - Copying 0 resource from src\main\resources to target\classes
2025-06-02 13:36:58,821 [Worker-39: Building] INFO  o.a.m.s.f.DefaultMavenResourcesFiltering - skip non existing resourceDirectory C:\Users\antma\Desktop\curso_carpeta\semana3_Spring Boot y Angular\WorkSpace\Empleado\src\test\resources
2025-06-02 13:46:16,074 [Worker-38: Building] INFO  o.a.m.s.f.DefaultMavenResourcesFiltering - Copying 1 resource from src\main\resources to target\classes
2025-06-02 13:46:16,093 [Worker-38: Building] INFO  o.a.m.s.f.DefaultMavenResourcesFiltering - Copying 0 resource from src\main\resources to target\classes
2025-06-02 13:46:16,132 [Worker-38: Building] INFO  o.a.m.s.f.DefaultMavenResourcesFiltering - skip non existing resourceDirectory C:\Users\antma\Desktop\curso_carpeta\semana3_Spring Boot y Angular\WorkSpace\Empleado\src\test\resources
2025-06-02 13:55:28,371 [Worker-36: Building] INFO  o.a.m.s.f.DefaultMavenResourcesFiltering - Copying 1 resource from src\main\resources to target\classes
2025-06-02 13:55:28,405 [Worker-36: Building] INFO  o.a.m.s.f.DefaultMavenResourcesFiltering - Copying 0 resource from src\main\resources to target\classes
2025-06-02 13:55:28,419 [Worker-36: Building] INFO  o.a.m.s.f.DefaultMavenResourcesFiltering - skip non existing resourceDirectory C:\Users\antma\Desktop\curso_carpeta\semana3_Spring Boot y Angular\WorkSpace\Empleado\src\test\resources
2025-06-02 13:55:41,669 [Worker-47: Building] INFO  o.a.m.s.f.DefaultMavenResourcesFiltering - Copying 1 resource from src\main\resources to target\classes
2025-06-02 13:55:41,689 [Worker-47: Building] INFO  o.a.m.s.f.DefaultMavenResourcesFiltering - Copying 0 resource from src\main\resources to target\classes
2025-06-02 13:55:41,703 [Worker-47: Building] INFO  o.a.m.s.f.DefaultMavenResourcesFiltering - skip non existing resourceDirectory C:\Users\antma\Desktop\curso_carpeta\semana3_Spring Boot y Angular\WorkSpace\Empleado\src\test\resources
2025-06-02 13:55:49,170 [Worker-38: Building] INFO  o.a.m.s.f.DefaultMavenResourcesFiltering - Copying 1 resource from src\main\resources to target\classes
2025-06-02 13:55:49,197 [Worker-38: Building] INFO  o.a.m.s.f.DefaultMavenResourcesFiltering - Copying 0 resource from src\main\resources to target\classes
2025-06-02 13:55:49,230 [Worker-38: Building] INFO  o.a.m.s.f.DefaultMavenResourcesFiltering - skip non existing resourceDirectory C:\Users\antma\Desktop\curso_carpeta\semana3_Spring Boot y Angular\WorkSpace\Empleado\src\test\resources
2025-06-02 13:56:42,081 [Worker-36: Building] INFO  o.a.m.s.f.DefaultMavenResourcesFiltering - Copying 1 resource from src\main\resources to target\classes
2025-06-02 13:56:42,102 [Worker-36: Building] INFO  o.a.m.s.f.DefaultMavenResourcesFiltering - Copying 0 resource from src\main\resources to target\classes
2025-06-02 13:56:42,110 [Worker-36: Building] INFO  o.a.m.s.f.DefaultMavenResourcesFiltering - skip non existing resourceDirectory C:\Users\antma\Desktop\curso_carpeta\semana3_Spring Boot y Angular\WorkSpace\Empleado\src\test\resources
2025-06-02 13:57:41,041 [Worker-30: Building] INFO  o.a.m.s.f.DefaultMavenResourcesFiltering - Copying 1 resource from src\main\resources to target\classes
2025-06-02 13:57:41,097 [Worker-30: Building] INFO  o.a.m.s.f.DefaultMavenResourcesFiltering - Copying 0 resource from src\main\resources to target\classes
2025-06-02 13:57:41,165 [Worker-30: Building] INFO  o.a.m.s.f.DefaultMavenResourcesFiltering - skip non existing resourceDirectory C:\Users\antma\Desktop\curso_carpeta\semana3_Spring Boot y Angular\WorkSpace\Empleado\src\test\resources
2025-06-02 13:59:44,091 [Worker-47: Building] INFO  o.a.m.s.f.DefaultMavenResourcesFiltering - Copying 1 resource from src\main\resources to target\classes
2025-06-02 13:59:44,103 [Worker-47: Building] INFO  o.a.m.s.f.DefaultMavenResourcesFiltering - Copying 0 resource from src\main\resources to target\classes
2025-06-02 13:59:44,123 [Worker-47: Building] INFO  o.a.m.s.f.DefaultMavenResourcesFiltering - skip non existing resourceDirectory C:\Users\antma\Desktop\curso_carpeta\semana3_Spring Boot y Angular\WorkSpace\Empleado\src\test\resources
2025-06-02 14:00:28,634 [Worker-41: Building] INFO  o.a.m.s.f.DefaultMavenResourcesFiltering - Copying 1 resource from src\main\resources to target\classes
2025-06-02 14:00:28,705 [Worker-41: Building] INFO  o.a.m.s.f.DefaultMavenResourcesFiltering - Copying 0 resource from src\main\resources to target\classes
2025-06-02 14:00:28,868 [Worker-41: Building] INFO  o.a.m.s.f.DefaultMavenResourcesFiltering - skip non existing resourceDirectory C:\Users\antma\Desktop\curso_carpeta\semana3_Spring Boot y Angular\WorkSpace\Empleado\src\test\resources
2025-06-02 14:02:56,935 [Worker-47: Building] INFO  o.a.m.s.f.DefaultMavenResourcesFiltering - Copying 1 resource from src\main\resources to target\classes
2025-06-02 14:02:56,951 [Worker-47: Building] INFO  o.a.m.s.f.DefaultMavenResourcesFiltering - Copying 0 resource from src\main\resources to target\classes
2025-06-02 14:02:56,967 [Worker-47: Building] INFO  o.a.m.s.f.DefaultMavenResourcesFiltering - skip non existing resourceDirectory C:\Users\antma\Desktop\curso_carpeta\semana3_Spring Boot y Angular\WorkSpace\Empleado\src\test\resources
2025-06-02 14:03:34,222 [Worker-23: Building] INFO  o.a.m.s.f.DefaultMavenResourcesFiltering - Copying 1 resource from src\main\resources to target\classes
2025-06-02 14:03:34,233 [Worker-23: Building] INFO  o.a.m.s.f.DefaultMavenResourcesFiltering - Copying 0 resource from src\main\resources to target\classes
2025-06-02 14:03:34,238 [Worker-23: Building] INFO  o.a.m.s.f.DefaultMavenResourcesFiltering - skip non existing resourceDirectory C:\Users\antma\Desktop\curso_carpeta\semana3_Spring Boot y Angular\WorkSpace\Empleado\src\test\resources
2025-06-02 14:04:56,499 [Worker-30: Building] INFO  o.a.m.s.f.DefaultMavenResourcesFiltering - Copying 1 resource from src\main\resources to target\classes
2025-06-02 14:04:57,144 [Worker-30: Building] INFO  o.a.m.s.f.DefaultMavenResourcesFiltering - Copying 0 resource from src\main\resources to target\classes
2025-06-02 14:04:57,168 [Worker-30: Building] INFO  o.a.m.s.f.DefaultMavenResourcesFiltering - skip non existing resourceDirectory C:\Users\antma\Desktop\curso_carpeta\semana3_Spring Boot y Angular\WorkSpace\Empleado\src\test\resources
2025-06-02 14:05:16,690 [Worker-43: Building] INFO  o.a.m.s.f.DefaultMavenResourcesFiltering - Copying 1 resource from src\main\resources to target\classes
2025-06-02 14:05:16,857 [Worker-43: Building] INFO  o.a.m.s.f.DefaultMavenResourcesFiltering - Copying 0 resource from src\main\resources to target\classes
2025-06-02 14:05:17,296 [Worker-43: Building] INFO  o.a.m.s.f.DefaultMavenResourcesFiltering - skip non existing resourceDirectory C:\Users\antma\Desktop\curso_carpeta\semana3_Spring Boot y Angular\WorkSpace\Empleado\src\test\resources
2025-06-02 14:08:22,995 [Worker-49: Building] INFO  o.a.m.s.f.DefaultMavenResourcesFiltering - Copying 1 resource from src\main\resources to target\classes
2025-06-02 14:08:23,060 [Worker-49: Building] INFO  o.a.m.s.f.DefaultMavenResourcesFiltering - Copying 0 resource from src\main\resources to target\classes
2025-06-02 14:08:23,075 [Worker-49: Building] INFO  o.a.m.s.f.DefaultMavenResourcesFiltering - skip non existing resourceDirectory C:\Users\antma\Desktop\curso_carpeta\semana3_Spring Boot y Angular\WorkSpace\Empleado\src\test\resources
2025-06-02 14:10:18,523 [Worker-49: Building] INFO  o.a.m.s.f.DefaultMavenResourcesFiltering - Copying 1 resource from src\main\resources to target\classes
2025-06-02 14:10:18,538 [Worker-49: Building] INFO  o.a.m.s.f.DefaultMavenResourcesFiltering - Copying 0 resource from src\main\resources to target\classes
2025-06-02 14:10:18,554 [Worker-49: Building] INFO  o.a.m.s.f.DefaultMavenResourcesFiltering - skip non existing resourceDirectory C:\Users\antma\Desktop\curso_carpeta\semana3_Spring Boot y Angular\WorkSpace\Empleado\src\test\resources
2025-06-02 14:10:48,301 [Worker-50: Building] INFO  o.a.m.s.f.DefaultMavenResourcesFiltering - Copying 1 resource from src\main\resources to target\classes
2025-06-02 14:10:48,314 [Worker-50: Building] INFO  o.a.m.s.f.DefaultMavenResourcesFiltering - Copying 0 resource from src\main\resources to target\classes
2025-06-02 14:10:48,453 [Worker-50: Building] INFO  o.a.m.s.f.DefaultMavenResourcesFiltering - skip non existing resourceDirectory C:\Users\antma\Desktop\curso_carpeta\semana3_Spring Boot y Angular\WorkSpace\Empleado\src\test\resources
2025-06-02 14:13:16,775 [Worker-50: Building] INFO  o.a.m.s.f.DefaultMavenResourcesFiltering - Copying 1 resource from src\main\resources to target\classes
2025-06-02 14:13:16,785 [Worker-50: Building] INFO  o.a.m.s.f.DefaultMavenResourcesFiltering - Copying 0 resource from src\main\resources to target\classes
2025-06-02 14:13:16,792 [Worker-50: Building] INFO  o.a.m.s.f.DefaultMavenResourcesFiltering - skip non existing resourceDirectory C:\Users\antma\Desktop\curso_carpeta\semana3_Spring Boot y Angular\WorkSpace\Empleado\src\test\resources
2025-06-02 14:14:44,985 [Worker-49: Building] INFO  o.a.m.s.f.DefaultMavenResourcesFiltering - Copying 1 resource from src\main\resources to target\classes
2025-06-02 14:14:44,997 [Worker-49: Building] INFO  o.a.m.s.f.DefaultMavenResourcesFiltering - Copying 0 resource from src\main\resources to target\classes
2025-06-02 14:14:45,003 [Worker-49: Building] INFO  o.a.m.s.f.DefaultMavenResourcesFiltering - skip non existing resourceDirectory C:\Users\antma\Desktop\curso_carpeta\semana3_Spring Boot y Angular\WorkSpace\Empleado\src\test\resources
2025-06-02 14:15:25,298 [Worker-40: Building] INFO  o.a.m.s.f.DefaultMavenResourcesFiltering - Copying 1 resource from src\main\resources to target\classes
2025-06-02 14:15:25,312 [Worker-40: Building] INFO  o.a.m.s.f.DefaultMavenResourcesFiltering - Copying 0 resource from src\main\resources to target\classes
2025-06-02 14:15:25,317 [Worker-40: Building] INFO  o.a.m.s.f.DefaultMavenResourcesFiltering - skip non existing resourceDirectory C:\Users\antma\Desktop\curso_carpeta\semana3_Spring Boot y Angular\WorkSpace\Empleado\src\test\resources
2025-06-02 14:16:10,926 [Worker-47: Building] INFO  o.a.m.s.f.DefaultMavenResourcesFiltering - Copying 1 resource from src\main\resources to target\classes
2025-06-02 14:16:10,937 [Worker-47: Building] INFO  o.a.m.s.f.DefaultMavenResourcesFiltering - Copying 0 resource from src\main\resources to target\classes
2025-06-02 14:16:10,943 [Worker-47: Building] INFO  o.a.m.s.f.DefaultMavenResourcesFiltering - skip non existing resourceDirectory C:\Users\antma\Desktop\curso_carpeta\semana3_Spring Boot y Angular\WorkSpace\Empleado\src\test\resources
2025-06-02 14:22:16,360 [Worker-42: Building] INFO  o.a.m.s.f.DefaultMavenResourcesFiltering - Copying 1 resource from src\main\resources to target\classes
2025-06-02 14:22:16,459 [Worker-42: Building] INFO  o.a.m.s.f.DefaultMavenResourcesFiltering - Copying 0 resource from src\main\resources to target\classes
2025-06-02 14:22:16,480 [Worker-42: Building] INFO  o.a.m.s.f.DefaultMavenResourcesFiltering - skip non existing resourceDirectory C:\Users\antma\Desktop\curso_carpeta\semana3_Spring Boot y Angular\WorkSpace\Empleado\src\test\resources
2025-06-02 14:28:03,678 [Worker-30: Building] INFO  o.a.m.s.f.DefaultMavenResourcesFiltering - Copying 1 resource from src\main\resources to target\classes
2025-06-02 14:28:03,898 [Worker-30: Building] INFO  o.a.m.s.f.DefaultMavenResourcesFiltering - Copying 0 resource from src\main\resources to target\classes
2025-06-02 14:28:03,910 [Worker-30: Building] INFO  o.a.m.s.f.DefaultMavenResourcesFiltering - skip non existing resourceDirectory C:\Users\antma\Desktop\curso_carpeta\semana3_Spring Boot y Angular\WorkSpace\Empleado\src\test\resources
2025-06-02 14:31:52,836 [Worker-45: Building] INFO  o.a.m.s.f.DefaultMavenResourcesFiltering - Copying 1 resource from src\main\resources to target\classes
2025-06-02 14:31:52,943 [Worker-45: Building] INFO  o.a.m.s.f.DefaultMavenResourcesFiltering - Copying 0 resource from src\main\resources to target\classes
2025-06-02 14:31:52,948 [Worker-45: Building] INFO  o.a.m.s.f.DefaultMavenResourcesFiltering - skip non existing resourceDirectory C:\Users\antma\Desktop\curso_carpeta\semana3_Spring Boot y Angular\WorkSpace\Empleado\src\test\resources
2025-06-02 14:48:58,874 [Worker-51: Update Maven projects configuration] INFO  o.e.m.c.i.p.ProjectConfigurationManager - Update started
2025-06-02 14:49:03,243 [Worker-51: Update Maven projects configuration] INFO  o.e.m.c.i.l.LifecycleMappingFactory - Using org.eclipse.m2e.jdt.JarLifecycleMapping lifecycle mapping for MavenProject: com.example.Vehiculo:Vehiculo:0.0.1-SNAPSHOT @ C:\Users\antma\Desktop\curso_carpeta\semana3_Spring Boot y Angular\WorkSpace\Vehiculo\pom.xml.
2025-06-02 14:49:05,839 [Worker-51: Update Maven projects configuration] INFO  o.e.m.j.i.AbstractJavaProjectConfigurator - Adding source folder /Vehiculo/src/main/java
2025-06-02 14:49:05,841 [Worker-51: Update Maven projects configuration] INFO  o.e.m.j.i.AbstractJavaProjectConfigurator - Adding resource folder /Vehiculo/src/main/resources
2025-06-02 14:49:05,869 [Worker-51: Update Maven projects configuration] INFO  o.e.m.j.i.AbstractJavaProjectConfigurator - Adding resource folder /Vehiculo/src/main/resources
2025-06-02 14:49:05,881 [Worker-51: Update Maven projects configuration] INFO  o.e.m.j.i.AbstractJavaProjectConfigurator - Adding source folder /Vehiculo/src/test/java
2025-06-02 14:49:05,882 [Worker-51: Update Maven projects configuration] INFO  o.e.m.j.i.AbstractJavaProjectConfigurator - Adding resource folder /Vehiculo/src/test/resources
2025-06-02 14:49:11,199 [Worker-47: Building] INFO  o.a.m.s.f.DefaultMavenResourcesFiltering - Copying 1 resource from src\main\resources to target\classes
2025-06-02 14:49:11,279 [Worker-47: Building] INFO  o.a.m.s.f.DefaultMavenResourcesFiltering - Copying 0 resource from src\main\resources to target\classes
2025-06-02 14:49:11,308 [Worker-47: Building] INFO  o.a.m.s.f.DefaultMavenResourcesFiltering - skip non existing resourceDirectory C:\Users\antma\Desktop\curso_carpeta\semana3_Spring Boot y Angular\WorkSpace\Vehiculo\src\test\resources
2025-06-02 14:49:11,620 [Worker-51: Update Maven projects configuration] INFO  o.e.m.c.i.p.ProjectConfigurationManager - Update completed for 1 poms: local refresh takes 0.00 sec, refresh facades takes 6.00 sec, update config takes 6.00 sec 
2025-06-02 14:49:11,918 [Worker-45: Building] INFO  o.a.m.s.f.DefaultMavenResourcesFiltering - Copying 1 resource from src\main\resources to target\classes
2025-06-02 14:49:11,924 [Worker-45: Building] INFO  o.a.m.s.f.DefaultMavenResourcesFiltering - Copying 0 resource from src\main\resources to target\classes
2025-06-02 14:49:11,932 [Worker-45: Building] INFO  o.a.m.s.f.DefaultMavenResourcesFiltering - skip non existing resourceDirectory C:\Users\antma\Desktop\curso_carpeta\semana3_Spring Boot y Angular\WorkSpace\Vehiculo\src\test\resources
2025-06-02 14:53:36,076 [Worker-53: Building] INFO  o.a.m.s.f.DefaultMavenResourcesFiltering - Copying 1 resource from src\main\resources to target\classes
2025-06-02 14:53:36,234 [Worker-53: Building] INFO  o.a.m.s.f.DefaultMavenResourcesFiltering - Copying 0 resource from src\main\resources to target\classes
2025-06-02 14:53:36,258 [Worker-53: Building] INFO  o.a.m.s.f.DefaultMavenResourcesFiltering - skip non existing resourceDirectory C:\Users\antma\Desktop\curso_carpeta\semana3_Spring Boot y Angular\WorkSpace\Vehiculo\src\test\resources
2025-06-02 14:57:45,198 [Worker-30: Building] INFO  o.a.m.s.f.DefaultMavenResourcesFiltering - Copying 1 resource from src\main\resources to target\classes
2025-06-02 14:57:45,258 [Worker-30: Building] INFO  o.a.m.s.f.DefaultMavenResourcesFiltering - Copying 0 resource from src\main\resources to target\classes
2025-06-02 14:57:45,263 [Worker-30: Building] INFO  o.a.m.s.f.DefaultMavenResourcesFiltering - skip non existing resourceDirectory C:\Users\antma\Desktop\curso_carpeta\semana3_Spring Boot y Angular\WorkSpace\Vehiculo\src\test\resources
2025-06-02 14:58:42,529 [Worker-39: Building] INFO  o.a.m.s.f.DefaultMavenResourcesFiltering - Copying 1 resource from src\main\resources to target\classes
2025-06-02 14:58:42,574 [Worker-39: Building] INFO  o.a.m.s.f.DefaultMavenResourcesFiltering - Copying 0 resource from src\main\resources to target\classes
2025-06-02 14:58:42,582 [Worker-39: Building] INFO  o.a.m.s.f.DefaultMavenResourcesFiltering - skip non existing resourceDirectory C:\Users\antma\Desktop\curso_carpeta\semana3_Spring Boot y Angular\WorkSpace\Vehiculo\src\test\resources
2025-06-02 14:59:57,969 [Worker-47: Building] INFO  o.a.m.s.f.DefaultMavenResourcesFiltering - Copying 1 resource from src\main\resources to target\classes
2025-06-02 14:59:57,983 [Worker-47: Building] INFO  o.a.m.s.f.DefaultMavenResourcesFiltering - Copying 0 resource from src\main\resources to target\classes
2025-06-02 14:59:58,014 [Worker-47: Building] INFO  o.a.m.s.f.DefaultMavenResourcesFiltering - skip non existing resourceDirectory C:\Users\antma\Desktop\curso_carpeta\semana3_Spring Boot y Angular\WorkSpace\Vehiculo\src\test\resources
2025-06-02 15:00:27,661 [Worker-55: Building] INFO  o.a.m.s.f.DefaultMavenResourcesFiltering - Copying 1 resource from src\main\resources to target\classes
2025-06-02 15:00:27,707 [Worker-55: Building] INFO  o.a.m.s.f.DefaultMavenResourcesFiltering - Copying 0 resource from src\main\resources to target\classes
2025-06-02 15:00:27,710 [Worker-55: Building] INFO  o.a.m.s.f.DefaultMavenResourcesFiltering - skip non existing resourceDirectory C:\Users\antma\Desktop\curso_carpeta\semana3_Spring Boot y Angular\WorkSpace\Vehiculo\src\test\resources
2025-06-02 15:01:27,931 [Worker-45: Building] INFO  o.a.m.s.f.DefaultMavenResourcesFiltering - Copying 1 resource from src\main\resources to target\classes
2025-06-02 15:01:27,966 [Worker-45: Building] INFO  o.a.m.s.f.DefaultMavenResourcesFiltering - Copying 0 resource from src\main\resources to target\classes
2025-06-02 15:01:27,972 [Worker-45: Building] INFO  o.a.m.s.f.DefaultMavenResourcesFiltering - skip non existing resourceDirectory C:\Users\antma\Desktop\curso_carpeta\semana3_Spring Boot y Angular\WorkSpace\Vehiculo\src\test\resources
2025-06-02 15:02:02,476 [Worker-56: Building] INFO  o.a.m.s.f.DefaultMavenResourcesFiltering - Copying 1 resource from src\main\resources to target\classes
2025-06-02 15:02:02,912 [Worker-56: Building] INFO  o.a.m.s.f.DefaultMavenResourcesFiltering - Copying 0 resource from src\main\resources to target\classes
2025-06-02 15:02:02,926 [Worker-56: Building] INFO  o.a.m.s.f.DefaultMavenResourcesFiltering - skip non existing resourceDirectory C:\Users\antma\Desktop\curso_carpeta\semana3_Spring Boot y Angular\WorkSpace\Vehiculo\src\test\resources
2025-06-02 15:03:36,658 [Worker-43: Building] INFO  o.a.m.s.f.DefaultMavenResourcesFiltering - Copying 1 resource from src\main\resources to target\classes
2025-06-02 15:03:36,728 [Worker-43: Building] INFO  o.a.m.s.f.DefaultMavenResourcesFiltering - Copying 0 resource from src\main\resources to target\classes
2025-06-02 15:03:36,732 [Worker-43: Building] INFO  o.a.m.s.f.DefaultMavenResourcesFiltering - skip non existing resourceDirectory C:\Users\antma\Desktop\curso_carpeta\semana3_Spring Boot y Angular\WorkSpace\Vehiculo\src\test\resources
2025-06-02 15:07:18,429 [Worker-30: Building] INFO  o.a.m.s.f.DefaultMavenResourcesFiltering - Copying 1 resource from src\main\resources to target\classes
2025-06-02 15:07:18,473 [Worker-30: Building] INFO  o.a.m.s.f.DefaultMavenResourcesFiltering - Copying 0 resource from src\main\resources to target\classes
2025-06-02 15:07:18,477 [Worker-30: Building] INFO  o.a.m.s.f.DefaultMavenResourcesFiltering - skip non existing resourceDirectory C:\Users\antma\Desktop\curso_carpeta\semana3_Spring Boot y Angular\WorkSpace\Vehiculo\src\test\resources
2025-06-02 15:10:01,887 [Worker-49: Building] INFO  o.a.m.s.f.DefaultMavenResourcesFiltering - Copying 1 resource from src\main\resources to target\classes
2025-06-02 15:10:01,906 [Worker-49: Building] INFO  o.a.m.s.f.DefaultMavenResourcesFiltering - Copying 0 resource from src\main\resources to target\classes
2025-06-02 15:10:01,910 [Worker-49: Building] INFO  o.a.m.s.f.DefaultMavenResourcesFiltering - skip non existing resourceDirectory C:\Users\antma\Desktop\curso_carpeta\semana3_Spring Boot y Angular\WorkSpace\Vehiculo\src\test\resources
2025-06-02 15:10:12,745 [Worker-47: Building] INFO  o.a.m.s.f.DefaultMavenResourcesFiltering - Copying 1 resource from src\main\resources to target\classes
2025-06-02 15:10:12,775 [Worker-47: Building] INFO  o.a.m.s.f.DefaultMavenResourcesFiltering - Copying 0 resource from src\main\resources to target\classes
2025-06-02 15:10:12,779 [Worker-47: Building] INFO  o.a.m.s.f.DefaultMavenResourcesFiltering - skip non existing resourceDirectory C:\Users\antma\Desktop\curso_carpeta\semana3_Spring Boot y Angular\WorkSpace\Vehiculo\src\test\resources
2025-06-02 15:10:40,174 [Worker-43: Building] INFO  o.a.m.s.f.DefaultMavenResourcesFiltering - Copying 1 resource from src\main\resources to target\classes
2025-06-02 15:10:40,270 [Worker-43: Building] INFO  o.a.m.s.f.DefaultMavenResourcesFiltering - Copying 0 resource from src\main\resources to target\classes
2025-06-02 15:10:40,274 [Worker-43: Building] INFO  o.a.m.s.f.DefaultMavenResourcesFiltering - skip non existing resourceDirectory C:\Users\antma\Desktop\curso_carpeta\semana3_Spring Boot y Angular\WorkSpace\Vehiculo\src\test\resources
2025-06-02 15:10:50,337 [Worker-45: Building] INFO  o.a.m.s.f.DefaultMavenResourcesFiltering - Copying 1 resource from src\main\resources to target\classes
2025-06-02 15:10:50,373 [Worker-45: Building] INFO  o.a.m.s.f.DefaultMavenResourcesFiltering - Copying 0 resource from src\main\resources to target\classes
2025-06-02 15:10:50,378 [Worker-45: Building] INFO  o.a.m.s.f.DefaultMavenResourcesFiltering - skip non existing resourceDirectory C:\Users\antma\Desktop\curso_carpeta\semana3_Spring Boot y Angular\WorkSpace\Vehiculo\src\test\resources
2025-06-02 15:11:01,864 [Worker-43: Building] INFO  o.a.m.s.f.DefaultMavenResourcesFiltering - Copying 1 resource from src\main\resources to target\classes
2025-06-02 15:11:01,896 [Worker-43: Building] INFO  o.a.m.s.f.DefaultMavenResourcesFiltering - Copying 0 resource from src\main\resources to target\classes
2025-06-02 15:11:01,902 [Worker-43: Building] INFO  o.a.m.s.f.DefaultMavenResourcesFiltering - skip non existing resourceDirectory C:\Users\antma\Desktop\curso_carpeta\semana3_Spring Boot y Angular\WorkSpace\Vehiculo\src\test\resources
2025-06-02 15:11:09,697 [Worker-49: Building] INFO  o.a.m.s.f.DefaultMavenResourcesFiltering - Copying 1 resource from src\main\resources to target\classes
2025-06-02 15:11:09,711 [Worker-49: Building] INFO  o.a.m.s.f.DefaultMavenResourcesFiltering - Copying 0 resource from src\main\resources to target\classes
2025-06-02 15:11:09,717 [Worker-49: Building] INFO  o.a.m.s.f.DefaultMavenResourcesFiltering - skip non existing resourceDirectory C:\Users\antma\Desktop\curso_carpeta\semana3_Spring Boot y Angular\WorkSpace\Vehiculo\src\test\resources
2025-06-02 15:11:40,627 [Worker-56: Building] INFO  o.a.m.s.f.DefaultMavenResourcesFiltering - Copying 1 resource from src\main\resources to target\classes
2025-06-02 15:11:40,636 [Worker-56: Building] INFO  o.a.m.s.f.DefaultMavenResourcesFiltering - Copying 0 resource from src\main\resources to target\classes
2025-06-02 15:11:40,653 [Worker-56: Building] INFO  o.a.m.s.f.DefaultMavenResourcesFiltering - skip non existing resourceDirectory C:\Users\antma\Desktop\curso_carpeta\semana3_Spring Boot y Angular\WorkSpace\Vehiculo\src\test\resources
2025-06-02 15:12:22,468 [Worker-49: Building] INFO  o.a.m.s.f.DefaultMavenResourcesFiltering - Copying 1 resource from src\main\resources to target\classes
2025-06-02 15:12:22,479 [Worker-49: Building] INFO  o.a.m.s.f.DefaultMavenResourcesFiltering - Copying 0 resource from src\main\resources to target\classes
2025-06-02 15:12:22,499 [Worker-49: Building] INFO  o.a.m.s.f.DefaultMavenResourcesFiltering - skip non existing resourceDirectory C:\Users\antma\Desktop\curso_carpeta\semana3_Spring Boot y Angular\WorkSpace\Vehiculo\src\test\resources
2025-06-02 15:17:05,236 [Worker-40: Building] INFO  o.a.m.s.f.DefaultMavenResourcesFiltering - Copying 1 resource from src\main\resources to target\classes
2025-06-02 15:17:05,254 [Worker-40: Building] INFO  o.a.m.s.f.DefaultMavenResourcesFiltering - Copying 0 resource from src\main\resources to target\classes
2025-06-02 15:17:05,257 [Worker-40: Building] INFO  o.a.m.s.f.DefaultMavenResourcesFiltering - skip non existing resourceDirectory C:\Users\antma\Desktop\curso_carpeta\semana3_Spring Boot y Angular\WorkSpace\Vehiculo\src\test\resources
2025-06-02 15:17:18,442 [Worker-45: Building] INFO  o.a.m.s.f.DefaultMavenResourcesFiltering - Copying 1 resource from src\main\resources to target\classes
2025-06-02 15:17:18,450 [Worker-45: Building] INFO  o.a.m.s.f.DefaultMavenResourcesFiltering - Copying 0 resource from src\main\resources to target\classes
2025-06-02 15:17:18,454 [Worker-45: Building] INFO  o.a.m.s.f.DefaultMavenResourcesFiltering - skip non existing resourceDirectory C:\Users\antma\Desktop\curso_carpeta\semana3_Spring Boot y Angular\WorkSpace\Vehiculo\src\test\resources
2025-06-02 15:19:32,555 [Worker-38: Building] INFO  o.a.m.s.f.DefaultMavenResourcesFiltering - Copying 1 resource from src\main\resources to target\classes
2025-06-02 15:19:32,595 [Worker-38: Building] INFO  o.a.m.s.f.DefaultMavenResourcesFiltering - Copying 0 resource from src\main\resources to target\classes
2025-06-02 15:19:32,677 [Worker-38: Building] INFO  o.a.m.s.f.DefaultMavenResourcesFiltering - skip non existing resourceDirectory C:\Users\antma\Desktop\curso_carpeta\semana3_Spring Boot y Angular\WorkSpace\Vehiculo\src\test\resources
2025-06-02 15:25:47,284 [Worker-42: Building] INFO  o.e.m.c.i.l.LifecycleMappingFactory - Using org.eclipse.m2e.jdt.JarLifecycleMapping lifecycle mapping for MavenProject: com.example.Vehiculo:Vehiculo:0.0.1-SNAPSHOT @ C:\Users\antma\Desktop\curso_carpeta\semana3_Spring Boot y Angular\WorkSpace\Vehiculo\pom.xml.
2025-06-02 15:25:50,866 [Worker-42: Building] INFO  o.a.m.s.f.DefaultMavenResourcesFiltering - Copying 1 resource from src\main\resources to target\classes
2025-06-02 15:25:51,129 [Worker-42: Building] INFO  o.a.m.s.f.DefaultMavenResourcesFiltering - Copying 0 resource from src\main\resources to target\classes
2025-06-02 15:25:51,147 [Worker-42: Building] INFO  o.a.m.s.f.DefaultMavenResourcesFiltering - skip non existing resourceDirectory C:\Users\antma\Desktop\curso_carpeta\semana3_Spring Boot y Angular\WorkSpace\Vehiculo\src\test\resources
2025-06-02 15:25:53,286 [Worker-59: Building] INFO  o.a.m.s.f.DefaultMavenResourcesFiltering - Copying 1 resource from src\main\resources to target\classes
2025-06-02 15:25:53,309 [Worker-59: Building] INFO  o.a.m.s.f.DefaultMavenResourcesFiltering - Copying 0 resource from src\main\resources to target\classes
2025-06-02 15:25:53,315 [Worker-59: Building] INFO  o.a.m.s.f.DefaultMavenResourcesFiltering - skip non existing resourceDirectory C:\Users\antma\Desktop\curso_carpeta\semana3_Spring Boot y Angular\WorkSpace\Vehiculo\src\test\resources
2025-06-02 15:29:05,746 [Worker-57: Update Maven projects configuration] INFO  o.e.m.c.i.p.ProjectConfigurationManager - Update started
2025-06-02 15:29:07,059 [Worker-57: Update Maven projects configuration] INFO  o.e.m.c.i.l.LifecycleMappingFactory - Using org.eclipse.m2e.jdt.JarLifecycleMapping lifecycle mapping for MavenProject: com.example.Vehiculo:Vehiculo:0.0.1-SNAPSHOT @ C:\Users\antma\Desktop\curso_carpeta\semana3_Spring Boot y Angular\WorkSpace\Vehiculo\pom.xml.
2025-06-02 15:29:08,468 [Worker-57: Update Maven projects configuration] INFO  o.e.m.j.i.AbstractJavaProjectConfigurator - Adding source folder /Vehiculo/src/main/java
2025-06-02 15:29:08,491 [Worker-57: Update Maven projects configuration] INFO  o.e.m.j.i.AbstractJavaProjectConfigurator - Adding resource folder /Vehiculo/src/main/resources
2025-06-02 15:29:08,514 [Worker-57: Update Maven projects configuration] INFO  o.e.m.j.i.AbstractJavaProjectConfigurator - Adding resource folder /Vehiculo/src/main/resources
2025-06-02 15:29:08,531 [Worker-57: Update Maven projects configuration] INFO  o.e.m.j.i.AbstractJavaProjectConfigurator - Adding source folder /Vehiculo/src/test/java
2025-06-02 15:29:08,533 [Worker-57: Update Maven projects configuration] INFO  o.e.m.j.i.AbstractJavaProjectConfigurator - Adding resource folder /Vehiculo/src/test/resources
2025-06-02 15:29:10,099 [Worker-45: Building] INFO  o.a.m.s.f.DefaultMavenResourcesFiltering - Copying 1 resource from src\main\resources to target\classes
2025-06-02 15:29:10,149 [Worker-45: Building] INFO  o.a.m.s.f.DefaultMavenResourcesFiltering - Copying 0 resource from src\main\resources to target\classes
2025-06-02 15:29:10,160 [Worker-45: Building] INFO  o.a.m.s.f.DefaultMavenResourcesFiltering - skip non existing resourceDirectory C:\Users\antma\Desktop\curso_carpeta\semana3_Spring Boot y Angular\WorkSpace\Vehiculo\src\test\resources
2025-06-02 15:29:10,378 [Worker-57: Update Maven projects configuration] INFO  o.e.m.c.i.p.ProjectConfigurationManager - Update completed for 1 poms: local refresh takes 0.00 sec, refresh facades takes 2.00 sec, update config takes 2.00 sec 
2025-06-02 15:29:10,678 [Worker-57: Building] INFO  o.a.m.s.f.DefaultMavenResourcesFiltering - Copying 1 resource from src\main\resources to target\classes
2025-06-02 15:29:10,680 [Worker-57: Building] INFO  o.a.m.s.f.DefaultMavenResourcesFiltering - Copying 0 resource from src\main\resources to target\classes
2025-06-02 15:29:10,684 [Worker-57: Building] INFO  o.a.m.s.f.DefaultMavenResourcesFiltering - skip non existing resourceDirectory C:\Users\antma\Desktop\curso_carpeta\semana3_Spring Boot y Angular\WorkSpace\Vehiculo\src\test\resources
2025-06-02 15:32:37,799 [Worker-58: Building] INFO  o.a.m.s.f.DefaultMavenResourcesFiltering - Copying 1 resource from src\main\resources to target\classes
2025-06-02 15:32:37,834 [Worker-58: Building] INFO  o.a.m.s.f.DefaultMavenResourcesFiltering - Copying 0 resource from src\main\resources to target\classes
2025-06-02 15:32:37,841 [Worker-58: Building] INFO  o.a.m.s.f.DefaultMavenResourcesFiltering - skip non existing resourceDirectory C:\Users\antma\Desktop\curso_carpeta\semana3_Spring Boot y Angular\WorkSpace\Vehiculo\src\test\resources
2025-06-02 15:34:09,386 [Worker-62: Building] INFO  o.a.m.s.f.DefaultMavenResourcesFiltering - Copying 1 resource from src\main\resources to target\classes
2025-06-02 15:34:09,399 [Worker-62: Building] INFO  o.a.m.s.f.DefaultMavenResourcesFiltering - Copying 0 resource from src\main\resources to target\classes
2025-06-02 15:34:09,403 [Worker-62: Building] INFO  o.a.m.s.f.DefaultMavenResourcesFiltering - skip non existing resourceDirectory C:\Users\antma\Desktop\curso_carpeta\semana3_Spring Boot y Angular\WorkSpace\Vehiculo\src\test\resources
2025-06-02 15:35:09,243 [Worker-58: Building] INFO  o.a.m.s.f.DefaultMavenResourcesFiltering - Copying 1 resource from src\main\resources to target\classes
2025-06-02 15:35:09,259 [Worker-58: Building] INFO  o.a.m.s.f.DefaultMavenResourcesFiltering - Copying 0 resource from src\main\resources to target\classes
2025-06-02 15:35:09,263 [Worker-58: Building] INFO  o.a.m.s.f.DefaultMavenResourcesFiltering - skip non existing resourceDirectory C:\Users\antma\Desktop\curso_carpeta\semana3_Spring Boot y Angular\WorkSpace\Vehiculo\src\test\resources
2025-06-02 15:35:31,831 [Worker-61: Building] INFO  o.a.m.s.f.DefaultMavenResourcesFiltering - Copying 1 resource from src\main\resources to target\classes
2025-06-02 15:35:31,855 [Worker-61: Building] INFO  o.a.m.s.f.DefaultMavenResourcesFiltering - Copying 0 resource from src\main\resources to target\classes
2025-06-02 15:35:31,861 [Worker-61: Building] INFO  o.a.m.s.f.DefaultMavenResourcesFiltering - skip non existing resourceDirectory C:\Users\antma\Desktop\curso_carpeta\semana3_Spring Boot y Angular\WorkSpace\Vehiculo\src\test\resources
2025-06-02 15:36:31,203 [Worker-58: Building] INFO  o.a.m.s.f.DefaultMavenResourcesFiltering - Copying 1 resource from src\main\resources to target\classes
2025-06-02 15:36:31,232 [Worker-58: Building] INFO  o.a.m.s.f.DefaultMavenResourcesFiltering - Copying 0 resource from src\main\resources to target\classes
2025-06-02 15:36:31,241 [Worker-58: Building] INFO  o.a.m.s.f.DefaultMavenResourcesFiltering - skip non existing resourceDirectory C:\Users\antma\Desktop\curso_carpeta\semana3_Spring Boot y Angular\WorkSpace\Vehiculo\src\test\resources
2025-06-02 15:37:06,975 [Worker-54: Building] INFO  o.a.m.s.f.DefaultMavenResourcesFiltering - Copying 1 resource from src\main\resources to target\classes
2025-06-02 15:37:06,986 [Worker-54: Building] INFO  o.a.m.s.f.DefaultMavenResourcesFiltering - Copying 0 resource from src\main\resources to target\classes
2025-06-02 15:37:06,989 [Worker-54: Building] INFO  o.a.m.s.f.DefaultMavenResourcesFiltering - skip non existing resourceDirectory C:\Users\antma\Desktop\curso_carpeta\semana3_Spring Boot y Angular\WorkSpace\Vehiculo\src\test\resources
2025-06-02 15:38:17,549 [Worker-57: Building] INFO  o.a.m.s.f.DefaultMavenResourcesFiltering - Copying 1 resource from src\main\resources to target\classes
2025-06-02 15:38:17,567 [Worker-57: Building] INFO  o.a.m.s.f.DefaultMavenResourcesFiltering - Copying 0 resource from src\main\resources to target\classes
2025-06-02 15:38:17,571 [Worker-57: Building] INFO  o.a.m.s.f.DefaultMavenResourcesFiltering - skip non existing resourceDirectory C:\Users\antma\Desktop\curso_carpeta\semana3_Spring Boot y Angular\WorkSpace\Vehiculo\src\test\resources
2025-06-02 15:39:05,539 [Worker-45: Building] INFO  o.a.m.s.f.DefaultMavenResourcesFiltering - Copying 1 resource from src\main\resources to target\classes
2025-06-02 15:39:05,551 [Worker-45: Building] INFO  o.a.m.s.f.DefaultMavenResourcesFiltering - Copying 0 resource from src\main\resources to target\classes
2025-06-02 15:39:05,555 [Worker-45: Building] INFO  o.a.m.s.f.DefaultMavenResourcesFiltering - skip non existing resourceDirectory C:\Users\antma\Desktop\curso_carpeta\semana3_Spring Boot y Angular\WorkSpace\Vehiculo\src\test\resources
2025-06-02 15:39:34,168 [Worker-57: Building] INFO  o.a.m.s.f.DefaultMavenResourcesFiltering - Copying 1 resource from src\main\resources to target\classes
2025-06-02 15:39:34,180 [Worker-57: Building] INFO  o.a.m.s.f.DefaultMavenResourcesFiltering - Copying 0 resource from src\main\resources to target\classes
2025-06-02 15:39:34,183 [Worker-57: Building] INFO  o.a.m.s.f.DefaultMavenResourcesFiltering - skip non existing resourceDirectory C:\Users\antma\Desktop\curso_carpeta\semana3_Spring Boot y Angular\WorkSpace\Vehiculo\src\test\resources
2025-06-02 15:41:47,095 [Worker-54: Building] INFO  o.a.m.s.f.DefaultMavenResourcesFiltering - Copying 1 resource from src\main\resources to target\classes
2025-06-02 15:41:47,106 [Worker-54: Building] INFO  o.a.m.s.f.DefaultMavenResourcesFiltering - Copying 0 resource from src\main\resources to target\classes
2025-06-02 15:41:47,109 [Worker-54: Building] INFO  o.a.m.s.f.DefaultMavenResourcesFiltering - skip non existing resourceDirectory C:\Users\antma\Desktop\curso_carpeta\semana3_Spring Boot y Angular\WorkSpace\Vehiculo\src\test\resources
2025-06-02 15:42:05,822 [Worker-58: Building] INFO  o.a.m.s.f.DefaultMavenResourcesFiltering - Copying 1 resource from src\main\resources to target\classes
2025-06-02 15:42:05,838 [Worker-58: Building] INFO  o.a.m.s.f.DefaultMavenResourcesFiltering - Copying 0 resource from src\main\resources to target\classes
2025-06-02 15:42:05,841 [Worker-58: Building] INFO  o.a.m.s.f.DefaultMavenResourcesFiltering - skip non existing resourceDirectory C:\Users\antma\Desktop\curso_carpeta\semana3_Spring Boot y Angular\WorkSpace\Vehiculo\src\test\resources
2025-06-02 15:42:12,941 [Worker-54: Building] INFO  o.a.m.s.f.DefaultMavenResourcesFiltering - Copying 1 resource from src\main\resources to target\classes
2025-06-02 15:42:12,952 [Worker-54: Building] INFO  o.a.m.s.f.DefaultMavenResourcesFiltering - Copying 0 resource from src\main\resources to target\classes
2025-06-02 15:42:12,960 [Worker-54: Building] INFO  o.a.m.s.f.DefaultMavenResourcesFiltering - skip non existing resourceDirectory C:\Users\antma\Desktop\curso_carpeta\semana3_Spring Boot y Angular\WorkSpace\Vehiculo\src\test\resources
2025-06-02 15:42:47,730 [Worker-59: Building] INFO  o.a.m.s.f.DefaultMavenResourcesFiltering - Copying 1 resource from src\main\resources to target\classes
2025-06-02 15:42:47,739 [Worker-59: Building] INFO  o.a.m.s.f.DefaultMavenResourcesFiltering - Copying 0 resource from src\main\resources to target\classes
2025-06-02 15:42:47,743 [Worker-59: Building] INFO  o.a.m.s.f.DefaultMavenResourcesFiltering - skip non existing resourceDirectory C:\Users\antma\Desktop\curso_carpeta\semana3_Spring Boot y Angular\WorkSpace\Vehiculo\src\test\resources
2025-06-02 15:43:37,479 [Worker-60: Building] INFO  o.a.m.s.f.DefaultMavenResourcesFiltering - Copying 1 resource from src\main\resources to target\classes
2025-06-02 15:43:37,489 [Worker-60: Building] INFO  o.a.m.s.f.DefaultMavenResourcesFiltering - Copying 0 resource from src\main\resources to target\classes
2025-06-02 15:43:37,494 [Worker-60: Building] INFO  o.a.m.s.f.DefaultMavenResourcesFiltering - skip non existing resourceDirectory C:\Users\antma\Desktop\curso_carpeta\semana3_Spring Boot y Angular\WorkSpace\Vehiculo\src\test\resources
2025-06-02 15:44:45,799 [Worker-61: Building] INFO  o.a.m.s.f.DefaultMavenResourcesFiltering - Copying 1 resource from src\main\resources to target\classes
2025-06-02 15:44:45,817 [Worker-61: Building] INFO  o.a.m.s.f.DefaultMavenResourcesFiltering - Copying 0 resource from src\main\resources to target\classes
2025-06-02 15:44:45,820 [Worker-61: Building] INFO  o.a.m.s.f.DefaultMavenResourcesFiltering - skip non existing resourceDirectory C:\Users\antma\Desktop\curso_carpeta\semana3_Spring Boot y Angular\WorkSpace\Vehiculo\src\test\resources
2025-06-02 15:47:11,945 [Worker-45: Building] INFO  o.a.m.s.f.DefaultMavenResourcesFiltering - Copying 1 resource from src\main\resources to target\classes
2025-06-02 15:47:12,020 [Worker-45: Building] INFO  o.a.m.s.f.DefaultMavenResourcesFiltering - Copying 0 resource from src\main\resources to target\classes
2025-06-02 15:47:12,048 [Worker-45: Building] INFO  o.a.m.s.f.DefaultMavenResourcesFiltering - skip non existing resourceDirectory C:\Users\antma\Desktop\curso_carpeta\semana3_Spring Boot y Angular\WorkSpace\Vehiculo\src\test\resources
2025-06-02 15:48:06,663 [Worker-62: Building] INFO  o.a.m.s.f.DefaultMavenResourcesFiltering - Copying 1 resource from src\main\resources to target\classes
2025-06-02 15:48:06,685 [Worker-62: Building] INFO  o.a.m.s.f.DefaultMavenResourcesFiltering - Copying 0 resource from src\main\resources to target\classes
2025-06-02 15:48:06,688 [Worker-62: Building] INFO  o.a.m.s.f.DefaultMavenResourcesFiltering - skip non existing resourceDirectory C:\Users\antma\Desktop\curso_carpeta\semana3_Spring Boot y Angular\WorkSpace\Vehiculo\src\test\resources
2025-06-02 15:48:27,221 [Worker-57: Launching Vehiculo - VehiculoApplication] INFO  o.a.m.s.f.DefaultMavenResourcesFiltering - Copying 1 resource from src\main\resources to target\classes
2025-06-02 15:48:27,249 [Worker-57: Launching Vehiculo - VehiculoApplication] INFO  o.a.m.s.f.DefaultMavenResourcesFiltering - Copying 0 resource from src\main\resources to target\classes
2025-06-02 15:48:27,252 [Worker-57: Launching Vehiculo - VehiculoApplication] INFO  o.a.m.s.f.DefaultMavenResourcesFiltering - skip non existing resourceDirectory C:\Users\antma\Desktop\curso_carpeta\semana3_Spring Boot y Angular\WorkSpace\Vehiculo\src\test\resources
2025-06-02 15:54:57,723 [Worker-42: Building] INFO  o.a.m.s.f.DefaultMavenResourcesFiltering - Copying 1 resource from src\main\resources to target\classes
2025-06-02 15:54:57,744 [Worker-42: Building] INFO  o.a.m.s.f.DefaultMavenResourcesFiltering - Copying 0 resource from src\main\resources to target\classes
2025-06-02 15:54:57,755 [Worker-42: Building] INFO  o.a.m.s.f.DefaultMavenResourcesFiltering - skip non existing resourceDirectory C:\Users\antma\Desktop\curso_carpeta\semana3_Spring Boot y Angular\WorkSpace\Vehiculo\src\test\resources
2025-06-02 15:56:46,308 [Worker-57: Launching Vehiculo - VehiculoApplication] INFO  o.a.m.s.f.DefaultMavenResourcesFiltering - Copying 1 resource from src\main\resources to target\classes
2025-06-02 15:56:46,323 [Worker-57: Launching Vehiculo - VehiculoApplication] INFO  o.a.m.s.f.DefaultMavenResourcesFiltering - Copying 0 resource from src\main\resources to target\classes
2025-06-02 15:56:46,345 [Worker-57: Launching Vehiculo - VehiculoApplication] INFO  o.a.m.s.f.DefaultMavenResourcesFiltering - skip non existing resourceDirectory C:\Users\antma\Desktop\curso_carpeta\semana3_Spring Boot y Angular\WorkSpace\Vehiculo\src\test\resources
2025-06-02 15:58:02,800 [Worker-61: Building] INFO  o.a.m.s.f.DefaultMavenResourcesFiltering - Copying 1 resource from src\main\resources to target\classes
2025-06-02 15:58:03,002 [Worker-61: Building] INFO  o.a.m.s.f.DefaultMavenResourcesFiltering - Copying 0 resource from src\main\resources to target\classes
2025-06-02 15:58:03,009 [Worker-61: Building] INFO  o.a.m.s.f.DefaultMavenResourcesFiltering - skip non existing resourceDirectory C:\Users\antma\Desktop\curso_carpeta\semana3_Spring Boot y Angular\WorkSpace\Vehiculo\src\test\resources
2025-06-02 15:59:46,582 [Worker-45: Building] INFO  o.a.m.s.f.DefaultMavenResourcesFiltering - Copying 1 resource from src\main\resources to target\classes
2025-06-02 15:59:46,632 [Worker-45: Building] INFO  o.a.m.s.f.DefaultMavenResourcesFiltering - Copying 0 resource from src\main\resources to target\classes
2025-06-02 15:59:46,636 [Worker-45: Building] INFO  o.a.m.s.f.DefaultMavenResourcesFiltering - skip non existing resourceDirectory C:\Users\antma\Desktop\curso_carpeta\semana3_Spring Boot y Angular\WorkSpace\Vehiculo\src\test\resources
2025-06-02 15:59:52,209 [Worker-45: Launching Vehiculo - VehiculoApplication] INFO  o.a.m.s.f.DefaultMavenResourcesFiltering - Copying 1 resource from src\main\resources to target\classes
2025-06-02 15:59:52,240 [Worker-45: Launching Vehiculo - VehiculoApplication] INFO  o.a.m.s.f.DefaultMavenResourcesFiltering - Copying 0 resource from src\main\resources to target\classes
2025-06-02 15:59:52,247 [Worker-45: Launching Vehiculo - VehiculoApplication] INFO  o.a.m.s.f.DefaultMavenResourcesFiltering - skip non existing resourceDirectory C:\Users\antma\Desktop\curso_carpeta\semana3_Spring Boot y Angular\WorkSpace\Vehiculo\src\test\resources
2025-06-02 16:01:38,715 [Worker-67: Building] INFO  o.a.m.s.f.DefaultMavenResourcesFiltering - Copying 1 resource from src\main\resources to target\classes
2025-06-02 16:01:38,725 [Worker-67: Building] INFO  o.a.m.s.f.DefaultMavenResourcesFiltering - Copying 0 resource from src\main\resources to target\classes
2025-06-02 16:01:38,728 [Worker-67: Building] INFO  o.a.m.s.f.DefaultMavenResourcesFiltering - skip non existing resourceDirectory C:\Users\antma\Desktop\curso_carpeta\semana3_Spring Boot y Angular\WorkSpace\Vehiculo\src\test\resources
2025-06-02 16:03:00,254 [Worker-64: Building] INFO  o.a.m.s.f.DefaultMavenResourcesFiltering - Copying 1 resource from src\main\resources to target\classes
2025-06-02 16:03:00,301 [Worker-64: Building] INFO  o.a.m.s.f.DefaultMavenResourcesFiltering - Copying 0 resource from src\main\resources to target\classes
2025-06-02 16:03:00,305 [Worker-64: Building] INFO  o.a.m.s.f.DefaultMavenResourcesFiltering - skip non existing resourceDirectory C:\Users\antma\Desktop\curso_carpeta\semana3_Spring Boot y Angular\WorkSpace\Vehiculo\src\test\resources
2025-06-02 16:10:52,648 [Worker-58: Building] INFO  o.a.m.s.f.DefaultMavenResourcesFiltering - Copying 1 resource from src\main\resources to target\classes
2025-06-02 16:10:52,675 [Worker-58: Building] INFO  o.a.m.s.f.DefaultMavenResourcesFiltering - Copying 0 resource from src\main\resources to target\classes
2025-06-02 16:10:52,682 [Worker-58: Building] INFO  o.a.m.s.f.DefaultMavenResourcesFiltering - skip non existing resourceDirectory C:\Users\antma\Desktop\curso_carpeta\semana3_Spring Boot y Angular\WorkSpace\Vehiculo\src\test\resources
2025-06-02 16:11:37,058 [Worker-64: Building] INFO  o.a.m.s.f.DefaultMavenResourcesFiltering - Copying 1 resource from src\main\resources to target\classes
2025-06-02 16:11:37,168 [Worker-64: Building] INFO  o.a.m.s.f.DefaultMavenResourcesFiltering - Copying 0 resource from src\main\resources to target\classes
2025-06-02 16:11:37,175 [Worker-64: Building] INFO  o.a.m.s.f.DefaultMavenResourcesFiltering - skip non existing resourceDirectory C:\Users\antma\Desktop\curso_carpeta\semana3_Spring Boot y Angular\WorkSpace\Vehiculo\src\test\resources
2025-06-02 16:16:28,498 [Worker-72: Building] INFO  o.a.m.s.f.DefaultMavenResourcesFiltering - Copying 1 resource from src\main\resources to target\classes
2025-06-02 16:16:28,524 [Worker-72: Building] INFO  o.a.m.s.f.DefaultMavenResourcesFiltering - Copying 0 resource from src\main\resources to target\classes
2025-06-02 16:16:28,528 [Worker-72: Building] INFO  o.a.m.s.f.DefaultMavenResourcesFiltering - skip non existing resourceDirectory C:\Users\antma\Desktop\curso_carpeta\semana3_Spring Boot y Angular\WorkSpace\Vehiculo\src\test\resources
2025-06-02 16:17:27,597 [Worker-64: Building] INFO  o.a.m.s.f.DefaultMavenResourcesFiltering - Copying 1 resource from src\main\resources to target\classes
2025-06-02 16:17:27,605 [Worker-64: Building] INFO  o.a.m.s.f.DefaultMavenResourcesFiltering - Copying 0 resource from src\main\resources to target\classes
2025-06-02 16:17:27,609 [Worker-64: Building] INFO  o.a.m.s.f.DefaultMavenResourcesFiltering - skip non existing resourceDirectory C:\Users\antma\Desktop\curso_carpeta\semana3_Spring Boot y Angular\WorkSpace\Vehiculo\src\test\resources
2025-06-02 16:33:55,678 [Worker-65: Building] INFO  o.a.m.s.f.DefaultMavenResourcesFiltering - Copying 1 resource from src\main\resources to target\classes
2025-06-02 16:33:55,839 [Worker-65: Building] INFO  o.a.m.s.f.DefaultMavenResourcesFiltering - Copying 0 resource from src\main\resources to target\classes
2025-06-02 16:33:55,844 [Worker-65: Building] INFO  o.a.m.s.f.DefaultMavenResourcesFiltering - skip non existing resourceDirectory C:\Users\antma\Desktop\curso_carpeta\semana3_Spring Boot y Angular\WorkSpace\Vehiculo\src\test\resources
2025-06-02 16:36:24,283 [Worker-57: Building] INFO  o.a.m.s.f.DefaultMavenResourcesFiltering - Copying 1 resource from src\main\resources to target\classes
2025-06-02 16:36:24,815 [Worker-57: Building] INFO  o.a.m.s.f.DefaultMavenResourcesFiltering - Copying 0 resource from src\main\resources to target\classes
2025-06-02 16:36:24,822 [Worker-57: Building] INFO  o.a.m.s.f.DefaultMavenResourcesFiltering - skip non existing resourceDirectory C:\Users\antma\Desktop\curso_carpeta\semana3_Spring Boot y Angular\WorkSpace\Vehiculo\src\test\resources
2025-06-02 16:36:40,027 [Worker-68: Building] INFO  o.a.m.s.f.DefaultMavenResourcesFiltering - Copying 1 resource from src\main\resources to target\classes
2025-06-02 16:36:40,559 [Worker-68: Building] INFO  o.a.m.s.f.DefaultMavenResourcesFiltering - Copying 0 resource from src\main\resources to target\classes
2025-06-02 16:36:40,566 [Worker-68: Building] INFO  o.a.m.s.f.DefaultMavenResourcesFiltering - skip non existing resourceDirectory C:\Users\antma\Desktop\curso_carpeta\semana3_Spring Boot y Angular\WorkSpace\Vehiculo\src\test\resources
2025-06-02 16:37:08,417 [Worker-59: Building] INFO  o.a.m.s.f.DefaultMavenResourcesFiltering - Copying 1 resource from src\main\resources to target\classes
2025-06-02 16:37:08,443 [Worker-59: Building] INFO  o.a.m.s.f.DefaultMavenResourcesFiltering - Copying 0 resource from src\main\resources to target\classes
2025-06-02 16:37:08,447 [Worker-59: Building] INFO  o.a.m.s.f.DefaultMavenResourcesFiltering - skip non existing resourceDirectory C:\Users\antma\Desktop\curso_carpeta\semana3_Spring Boot y Angular\WorkSpace\Vehiculo\src\test\resources
2025-06-02 21:16:52,434 [Worker-61: Building] INFO  o.a.m.s.f.DefaultMavenResourcesFiltering - Copying 1 resource from src\main\resources to target\classes
2025-06-02 21:16:52,575 [Worker-61: Building] INFO  o.a.m.s.f.DefaultMavenResourcesFiltering - Copying 0 resource from src\main\resources to target\classes
2025-06-02 21:16:52,579 [Worker-61: Building] INFO  o.a.m.s.f.DefaultMavenResourcesFiltering - skip non existing resourceDirectory C:\Users\antma\Desktop\curso_carpeta\semana3_Spring Boot y Angular\WorkSpace\Vehiculo\src\test\resources
2025-06-02 21:18:13,858 [Worker-61: Building] INFO  o.a.m.s.f.DefaultMavenResourcesFiltering - Copying 1 resource from src\main\resources to target\classes
2025-06-02 21:18:13,949 [Worker-61: Building] INFO  o.a.m.s.f.DefaultMavenResourcesFiltering - Copying 0 resource from src\main\resources to target\classes
2025-06-02 21:18:13,964 [Worker-61: Building] INFO  o.a.m.s.f.DefaultMavenResourcesFiltering - skip non existing resourceDirectory C:\Users\antma\Desktop\curso_carpeta\semana3_Spring Boot y Angular\WorkSpace\Vehiculo\src\test\resources
2025-06-02 21:21:48,909 [Worker-61: Building] INFO  o.a.m.s.f.DefaultMavenResourcesFiltering - Copying 1 resource from src\main\resources to target\classes
2025-06-02 21:21:49,122 [Worker-61: Building] INFO  o.a.m.s.f.DefaultMavenResourcesFiltering - Copying 0 resource from src\main\resources to target\classes
2025-06-02 21:21:49,129 [Worker-61: Building] INFO  o.a.m.s.f.DefaultMavenResourcesFiltering - skip non existing resourceDirectory C:\Users\antma\Desktop\curso_carpeta\semana3_Spring Boot y Angular\WorkSpace\Vehiculo\src\test\resources
2025-06-02 21:23:48,056 [Worker-57: Building] INFO  o.a.m.s.f.DefaultMavenResourcesFiltering - Copying 1 resource from src\main\resources to target\classes
2025-06-02 21:23:48,146 [Worker-57: Building] INFO  o.a.m.s.f.DefaultMavenResourcesFiltering - Copying 0 resource from src\main\resources to target\classes
2025-06-02 21:23:48,150 [Worker-57: Building] INFO  o.a.m.s.f.DefaultMavenResourcesFiltering - skip non existing resourceDirectory C:\Users\antma\Desktop\curso_carpeta\semana3_Spring Boot y Angular\WorkSpace\Vehiculo\src\test\resources
2025-06-02 21:24:37,873 [Worker-42: Building] INFO  o.a.m.s.f.DefaultMavenResourcesFiltering - Copying 1 resource from src\main\resources to target\classes
2025-06-02 21:24:37,919 [Worker-42: Building] INFO  o.a.m.s.f.DefaultMavenResourcesFiltering - Copying 0 resource from src\main\resources to target\classes
2025-06-02 21:24:37,924 [Worker-42: Building] INFO  o.a.m.s.f.DefaultMavenResourcesFiltering - skip non existing resourceDirectory C:\Users\antma\Desktop\curso_carpeta\semana3_Spring Boot y Angular\WorkSpace\Vehiculo\src\test\resources
2025-06-02 21:25:08,939 [Worker-60: Building] INFO  o.a.m.s.f.DefaultMavenResourcesFiltering - Copying 1 resource from src\main\resources to target\classes
2025-06-02 21:25:08,951 [Worker-60: Building] INFO  o.a.m.s.f.DefaultMavenResourcesFiltering - Copying 0 resource from src\main\resources to target\classes
2025-06-02 21:25:08,954 [Worker-60: Building] INFO  o.a.m.s.f.DefaultMavenResourcesFiltering - skip non existing resourceDirectory C:\Users\antma\Desktop\curso_carpeta\semana3_Spring Boot y Angular\WorkSpace\Vehiculo\src\test\resources
2025-06-02 21:25:34,023 [Worker-42: Building] INFO  o.a.m.s.f.DefaultMavenResourcesFiltering - Copying 1 resource from src\main\resources to target\classes
2025-06-02 21:25:34,058 [Worker-42: Building] INFO  o.a.m.s.f.DefaultMavenResourcesFiltering - Copying 0 resource from src\main\resources to target\classes
2025-06-02 21:25:34,061 [Worker-42: Building] INFO  o.a.m.s.f.DefaultMavenResourcesFiltering - skip non existing resourceDirectory C:\Users\antma\Desktop\curso_carpeta\semana3_Spring Boot y Angular\WorkSpace\Vehiculo\src\test\resources
2025-06-02 21:25:37,813 [Worker-61: Building] INFO  o.a.m.s.f.DefaultMavenResourcesFiltering - Copying 1 resource from src\main\resources to target\classes
2025-06-02 21:25:37,890 [Worker-61: Building] INFO  o.a.m.s.f.DefaultMavenResourcesFiltering - Copying 0 resource from src\main\resources to target\classes
2025-06-02 21:25:37,894 [Worker-61: Building] INFO  o.a.m.s.f.DefaultMavenResourcesFiltering - skip non existing resourceDirectory C:\Users\antma\Desktop\curso_carpeta\semana3_Spring Boot y Angular\WorkSpace\Vehiculo\src\test\resources
2025-06-02 21:25:48,781 [Worker-75: Building] INFO  o.a.m.s.f.DefaultMavenResourcesFiltering - Copying 1 resource from src\main\resources to target\classes
2025-06-02 21:25:48,792 [Worker-75: Building] INFO  o.a.m.s.f.DefaultMavenResourcesFiltering - Copying 0 resource from src\main\resources to target\classes
2025-06-02 21:25:48,797 [Worker-75: Building] INFO  o.a.m.s.f.DefaultMavenResourcesFiltering - skip non existing resourceDirectory C:\Users\antma\Desktop\curso_carpeta\semana3_Spring Boot y Angular\WorkSpace\Vehiculo\src\test\resources
2025-06-02 21:26:48,674 [Worker-61: Building] INFO  o.a.m.s.f.DefaultMavenResourcesFiltering - Copying 1 resource from src\main\resources to target\classes
2025-06-02 21:26:48,686 [Worker-61: Building] INFO  o.a.m.s.f.DefaultMavenResourcesFiltering - Copying 0 resource from src\main\resources to target\classes
2025-06-02 21:26:48,689 [Worker-61: Building] INFO  o.a.m.s.f.DefaultMavenResourcesFiltering - skip non existing resourceDirectory C:\Users\antma\Desktop\curso_carpeta\semana3_Spring Boot y Angular\WorkSpace\Vehiculo\src\test\resources
2025-06-02 21:28:47,118 [Worker-60: Building] INFO  o.a.m.s.f.DefaultMavenResourcesFiltering - Copying 1 resource from src\main\resources to target\classes
2025-06-02 21:28:47,189 [Worker-60: Building] INFO  o.a.m.s.f.DefaultMavenResourcesFiltering - Copying 0 resource from src\main\resources to target\classes
2025-06-02 21:28:47,193 [Worker-60: Building] INFO  o.a.m.s.f.DefaultMavenResourcesFiltering - skip non existing resourceDirectory C:\Users\antma\Desktop\curso_carpeta\semana3_Spring Boot y Angular\WorkSpace\Vehiculo\src\test\resources
2025-06-02 21:30:21,609 [Worker-61: Building] INFO  o.a.m.s.f.DefaultMavenResourcesFiltering - Copying 1 resource from src\main\resources to target\classes
2025-06-02 21:30:21,659 [Worker-61: Building] INFO  o.a.m.s.f.DefaultMavenResourcesFiltering - Copying 0 resource from src\main\resources to target\classes
2025-06-02 21:30:21,663 [Worker-61: Building] INFO  o.a.m.s.f.DefaultMavenResourcesFiltering - skip non existing resourceDirectory C:\Users\antma\Desktop\curso_carpeta\semana3_Spring Boot y Angular\WorkSpace\Vehiculo\src\test\resources
2025-06-02 21:30:24,096 [Worker-61: Building] INFO  o.a.m.s.f.DefaultMavenResourcesFiltering - Copying 1 resource from src\main\resources to target\classes
2025-06-02 21:30:24,185 [Worker-61: Building] INFO  o.a.m.s.f.DefaultMavenResourcesFiltering - Copying 0 resource from src\main\resources to target\classes
2025-06-02 21:30:24,191 [Worker-61: Building] INFO  o.a.m.s.f.DefaultMavenResourcesFiltering - skip non existing resourceDirectory C:\Users\antma\Desktop\curso_carpeta\semana3_Spring Boot y Angular\WorkSpace\Vehiculo\src\test\resources
2025-06-02 21:31:29,447 [Worker-57: Building] INFO  o.a.m.s.f.DefaultMavenResourcesFiltering - Copying 1 resource from src\main\resources to target\classes
2025-06-02 21:31:29,468 [Worker-57: Building] INFO  o.a.m.s.f.DefaultMavenResourcesFiltering - Copying 0 resource from src\main\resources to target\classes
2025-06-02 21:31:29,471 [Worker-57: Building] INFO  o.a.m.s.f.DefaultMavenResourcesFiltering - skip non existing resourceDirectory C:\Users\antma\Desktop\curso_carpeta\semana3_Spring Boot y Angular\WorkSpace\Vehiculo\src\test\resources
2025-06-02 21:31:34,788 [Worker-57: Building] INFO  o.a.m.s.f.DefaultMavenResourcesFiltering - Copying 1 resource from src\main\resources to target\classes
2025-06-02 21:31:34,834 [Worker-57: Building] INFO  o.a.m.s.f.DefaultMavenResourcesFiltering - Copying 0 resource from src\main\resources to target\classes
2025-06-02 21:31:34,843 [Worker-57: Building] INFO  o.a.m.s.f.DefaultMavenResourcesFiltering - skip non existing resourceDirectory C:\Users\antma\Desktop\curso_carpeta\semana3_Spring Boot y Angular\WorkSpace\Vehiculo\src\test\resources
2025-06-02 21:31:38,607 [Worker-69: Building] INFO  o.a.m.s.f.DefaultMavenResourcesFiltering - Copying 1 resource from src\main\resources to target\classes
2025-06-02 21:31:38,835 [Worker-69: Building] INFO  o.a.m.s.f.DefaultMavenResourcesFiltering - Copying 0 resource from src\main\resources to target\classes
2025-06-02 21:31:39,009 [Worker-69: Building] INFO  o.a.m.s.f.DefaultMavenResourcesFiltering - skip non existing resourceDirectory C:\Users\antma\Desktop\curso_carpeta\semana3_Spring Boot y Angular\WorkSpace\Vehiculo\src\test\resources
2025-06-02 21:39:19,542 [Worker-73: Building] INFO  o.a.m.s.f.DefaultMavenResourcesFiltering - Copying 1 resource from src\main\resources to target\classes
2025-06-02 21:39:19,593 [Worker-73: Building] INFO  o.a.m.s.f.DefaultMavenResourcesFiltering - Copying 0 resource from src\main\resources to target\classes
2025-06-02 21:39:19,600 [Worker-73: Building] INFO  o.a.m.s.f.DefaultMavenResourcesFiltering - skip non existing resourceDirectory C:\Users\antma\Desktop\curso_carpeta\semana3_Spring Boot y Angular\WorkSpace\Vehiculo\src\test\resources
2025-06-02 22:03:43,714 [Worker-76: Building] INFO  o.a.m.s.f.DefaultMavenResourcesFiltering - Copying 1 resource from src\main\resources to target\classes
2025-06-02 22:03:43,858 [Worker-76: Building] INFO  o.a.m.s.f.DefaultMavenResourcesFiltering - Copying 0 resource from src\main\resources to target\classes
2025-06-02 22:03:43,866 [Worker-76: Building] INFO  o.a.m.s.f.DefaultMavenResourcesFiltering - skip non existing resourceDirectory C:\Users\antma\Desktop\curso_carpeta\semana3_Spring Boot y Angular\WorkSpace\Vehiculo\src\test\resources
2025-06-02 22:04:19,514 [Worker-45: Building] INFO  o.a.m.s.f.DefaultMavenResourcesFiltering - Copying 1 resource from src\main\resources to target\classes
2025-06-02 22:04:19,532 [Worker-45: Building] INFO  o.a.m.s.f.DefaultMavenResourcesFiltering - Copying 0 resource from src\main\resources to target\classes
2025-06-02 22:04:19,540 [Worker-45: Building] INFO  o.a.m.s.f.DefaultMavenResourcesFiltering - skip non existing resourceDirectory C:\Users\antma\Desktop\curso_carpeta\semana3_Spring Boot y Angular\WorkSpace\Vehiculo\src\test\resources
2025-06-02 22:49:28,926 [Worker-82: Building] INFO  o.a.m.s.f.DefaultMavenResourcesFiltering - Copying 1 resource from src\main\resources to target\classes
2025-06-02 22:49:29,031 [Worker-82: Building] INFO  o.a.m.s.f.DefaultMavenResourcesFiltering - Copying 0 resource from src\main\resources to target\classes
2025-06-02 22:49:29,037 [Worker-82: Building] INFO  o.a.m.s.f.DefaultMavenResourcesFiltering - skip non existing resourceDirectory C:\Users\antma\Desktop\curso_carpeta\semana3_Spring Boot y Angular\WorkSpace\Vehiculo\src\test\resources
2025-06-02 22:56:04,232 [Worker-82: Building] INFO  o.a.m.s.f.DefaultMavenResourcesFiltering - Copying 1 resource from src\main\resources to target\classes
2025-06-02 22:56:04,374 [Worker-82: Building] INFO  o.a.m.s.f.DefaultMavenResourcesFiltering - Copying 0 resource from src\main\resources to target\classes
2025-06-02 22:56:04,378 [Worker-82: Building] INFO  o.a.m.s.f.DefaultMavenResourcesFiltering - skip non existing resourceDirectory C:\Users\antma\Desktop\curso_carpeta\semana3_Spring Boot y Angular\WorkSpace\Vehiculo\src\test\resources
2025-06-02 23:36:41,854 [Worker-84: Building] INFO  o.a.m.s.f.DefaultMavenResourcesFiltering - Copying 1 resource from src\main\resources to target\classes
2025-06-02 23:36:41,973 [Worker-84: Building] INFO  o.a.m.s.f.DefaultMavenResourcesFiltering - Copying 0 resource from src\main\resources to target\classes
2025-06-02 23:36:41,978 [Worker-84: Building] INFO  o.a.m.s.f.DefaultMavenResourcesFiltering - skip non existing resourceDirectory C:\Users\antma\Desktop\curso_carpeta\semana3_Spring Boot y Angular\WorkSpace\Vehiculo\src\test\resources
2025-06-02 23:36:52,425 [Worker-84: Building] INFO  o.a.m.s.f.DefaultMavenResourcesFiltering - Copying 1 resource from src\main\resources to target\classes
2025-06-02 23:36:52,465 [Worker-84: Building] INFO  o.a.m.s.f.DefaultMavenResourcesFiltering - Copying 0 resource from src\main\resources to target\classes
2025-06-02 23:36:52,469 [Worker-84: Building] INFO  o.a.m.s.f.DefaultMavenResourcesFiltering - skip non existing resourceDirectory C:\Users\antma\Desktop\curso_carpeta\semana3_Spring Boot y Angular\WorkSpace\Vehiculo\src\test\resources
2025-06-02 23:37:23,089 [Worker-77: Building] INFO  o.a.m.s.f.DefaultMavenResourcesFiltering - Copying 1 resource from src\main\resources to target\classes
2025-06-02 23:37:23,098 [Worker-77: Building] INFO  o.a.m.s.f.DefaultMavenResourcesFiltering - Copying 0 resource from src\main\resources to target\classes
2025-06-02 23:37:23,103 [Worker-77: Building] INFO  o.a.m.s.f.DefaultMavenResourcesFiltering - skip non existing resourceDirectory C:\Users\antma\Desktop\curso_carpeta\semana3_Spring Boot y Angular\WorkSpace\Vehiculo\src\test\resources
2025-06-02 23:38:32,821 [Worker-86: Building] INFO  o.a.m.s.f.DefaultMavenResourcesFiltering - Copying 1 resource from src\main\resources to target\classes
2025-06-02 23:38:32,835 [Worker-86: Building] INFO  o.a.m.s.f.DefaultMavenResourcesFiltering - Copying 0 resource from src\main\resources to target\classes
2025-06-02 23:38:32,840 [Worker-86: Building] INFO  o.a.m.s.f.DefaultMavenResourcesFiltering - skip non existing resourceDirectory C:\Users\antma\Desktop\curso_carpeta\semana3_Spring Boot y Angular\WorkSpace\Vehiculo\src\test\resources
2025-06-02 23:39:56,056 [Worker-91: Building] INFO  o.a.m.s.f.DefaultMavenResourcesFiltering - Copying 1 resource from src\main\resources to target\classes
2025-06-02 23:39:56,073 [Worker-91: Building] INFO  o.a.m.s.f.DefaultMavenResourcesFiltering - Copying 0 resource from src\main\resources to target\classes
2025-06-02 23:39:56,076 [Worker-91: Building] INFO  o.a.m.s.f.DefaultMavenResourcesFiltering - skip non existing resourceDirectory C:\Users\antma\Desktop\curso_carpeta\semana3_Spring Boot y Angular\WorkSpace\Vehiculo\src\test\resources
2025-06-02 23:40:25,046 [Worker-86: Building] INFO  o.a.m.s.f.DefaultMavenResourcesFiltering - Copying 1 resource from src\main\resources to target\classes
2025-06-02 23:40:25,072 [Worker-86: Building] INFO  o.a.m.s.f.DefaultMavenResourcesFiltering - Copying 0 resource from src\main\resources to target\classes
2025-06-02 23:40:25,079 [Worker-86: Building] INFO  o.a.m.s.f.DefaultMavenResourcesFiltering - skip non existing resourceDirectory C:\Users\antma\Desktop\curso_carpeta\semana3_Spring Boot y Angular\WorkSpace\Vehiculo\src\test\resources
2025-06-02 23:52:09,525 [Worker-91: Building] INFO  o.a.m.s.f.DefaultMavenResourcesFiltering - Copying 1 resource from src\main\resources to target\classes
2025-06-02 23:52:09,557 [Worker-91: Building] INFO  o.a.m.s.f.DefaultMavenResourcesFiltering - Copying 0 resource from src\main\resources to target\classes
2025-06-02 23:52:09,562 [Worker-91: Building] INFO  o.a.m.s.f.DefaultMavenResourcesFiltering - skip non existing resourceDirectory C:\Users\antma\Desktop\curso_carpeta\semana3_Spring Boot y Angular\WorkSpace\Vehiculo\src\test\resources
2025-06-02 23:53:52,027 [Worker-87: Building] INFO  o.a.m.s.f.DefaultMavenResourcesFiltering - Copying 1 resource from src\main\resources to target\classes
2025-06-02 23:53:52,044 [Worker-87: Building] INFO  o.a.m.s.f.DefaultMavenResourcesFiltering - Copying 0 resource from src\main\resources to target\classes
2025-06-02 23:53:52,069 [Worker-87: Building] INFO  o.a.m.s.f.DefaultMavenResourcesFiltering - skip non existing resourceDirectory C:\Users\antma\Desktop\curso_carpeta\semana3_Spring Boot y Angular\WorkSpace\Vehiculo\src\test\resources
2025-06-02 23:58:32,843 [Worker-77: Building] INFO  o.a.m.s.f.DefaultMavenResourcesFiltering - Copying 1 resource from src\main\resources to target\classes
2025-06-02 23:58:32,875 [Worker-77: Building] INFO  o.a.m.s.f.DefaultMavenResourcesFiltering - Copying 0 resource from src\main\resources to target\classes
2025-06-02 23:58:32,889 [Worker-77: Building] INFO  o.a.m.s.f.DefaultMavenResourcesFiltering - skip non existing resourceDirectory C:\Users\antma\Desktop\curso_carpeta\semana3_Spring Boot y Angular\WorkSpace\Vehiculo\src\test\resources
2025-06-02 23:59:52,399 [Worker-87: Building] INFO  o.a.m.s.f.DefaultMavenResourcesFiltering - Copying 1 resource from src\main\resources to target\classes
2025-06-02 23:59:52,420 [Worker-87: Building] INFO  o.a.m.s.f.DefaultMavenResourcesFiltering - Copying 0 resource from src\main\resources to target\classes
2025-06-02 23:59:52,424 [Worker-87: Building] INFO  o.a.m.s.f.DefaultMavenResourcesFiltering - skip non existing resourceDirectory C:\Users\antma\Desktop\curso_carpeta\semana3_Spring Boot y Angular\WorkSpace\Vehiculo\src\test\resources
2025-06-03 08:38:44,720 [Worker-95: Import Getting Started Content] INFO  o.e.m.c.i.l.LifecycleMappingFactory - Using org.eclipse.m2e.jdt.JarLifecycleMapping lifecycle mapping for MavenProject: com.mx.PadreHijo:PadreHijo:0.0.1-SNAPSHOT @ C:\Users\antma\Desktop\curso_carpeta\semana3_Spring Boot y Angular\WorkSpace\PadreHijo\pom.xml.
2025-06-03 08:38:52,996 [Worker-95: Import Getting Started Content] INFO  o.e.m.j.i.AbstractJavaProjectConfigurator - Adding source folder /PadreHijo/src/main/java
2025-06-03 08:38:53,008 [Worker-95: Import Getting Started Content] INFO  o.e.m.j.i.AbstractJavaProjectConfigurator - Adding resource folder /PadreHijo/src/main/resources
2025-06-03 08:38:53,022 [Worker-95: Import Getting Started Content] INFO  o.e.m.j.i.AbstractJavaProjectConfigurator - Adding resource folder /PadreHijo/src/main/resources
2025-06-03 08:38:53,040 [Worker-95: Import Getting Started Content] INFO  o.e.m.j.i.AbstractJavaProjectConfigurator - Adding source folder /PadreHijo/src/test/java
2025-06-03 08:38:53,044 [Worker-95: Import Getting Started Content] INFO  o.e.m.j.i.AbstractJavaProjectConfigurator - Adding resource folder /PadreHijo/src/test/resources
2025-06-03 08:38:56,577 [Worker-95: Import Getting Started Content] INFO  o.e.m.c.i.p.ProjectConfigurationManager - Imported and configured 1 project(s) in 19 sec
2025-06-03 08:38:56,627 [Worker-95: Import Getting Started Content] INFO  o.e.m.c.i.p.ProjectConfigurationManager - Update started
2025-06-03 08:38:57,815 [Worker-95: Import Getting Started Content] INFO  o.e.m.c.i.l.LifecycleMappingFactory - Using org.eclipse.m2e.jdt.JarLifecycleMapping lifecycle mapping for MavenProject: com.mx.PadreHijo:PadreHijo:0.0.1-SNAPSHOT @ C:\Users\antma\Desktop\curso_carpeta\semana3_Spring Boot y Angular\WorkSpace\PadreHijo\pom.xml.
2025-06-03 08:38:59,399 [Worker-95: Import Getting Started Content] INFO  o.e.m.j.i.AbstractJavaProjectConfigurator - Adding source folder /PadreHijo/src/main/java
2025-06-03 08:38:59,400 [Worker-95: Import Getting Started Content] INFO  o.e.m.j.i.AbstractJavaProjectConfigurator - Adding resource folder /PadreHijo/src/main/resources
2025-06-03 08:38:59,405 [Worker-95: Import Getting Started Content] INFO  o.e.m.j.i.AbstractJavaProjectConfigurator - Adding resource folder /PadreHijo/src/main/resources
2025-06-03 08:38:59,406 [Worker-95: Import Getting Started Content] INFO  o.e.m.j.i.AbstractJavaProjectConfigurator - Adding source folder /PadreHijo/src/test/java
2025-06-03 08:38:59,407 [Worker-95: Import Getting Started Content] INFO  o.e.m.j.i.AbstractJavaProjectConfigurator - Adding resource folder /PadreHijo/src/test/resources
2025-06-03 08:39:00,446 [Worker-95: Import Getting Started Content] INFO  o.e.m.c.i.p.ProjectConfigurationManager - Update completed for 1 poms: local refresh takes 0.00 sec, refresh facades takes 2.00 sec, update config takes 0.00 sec 
2025-06-03 08:39:02,526 [Worker-95: Building] INFO  o.a.m.s.f.DefaultMavenResourcesFiltering - Copying 1 resource from src\main\resources to target\classes
2025-06-03 08:39:02,659 [Worker-95: Building] INFO  o.a.m.s.f.DefaultMavenResourcesFiltering - Copying 0 resource from src\main\resources to target\classes
2025-06-03 08:39:02,671 [Worker-95: Building] INFO  o.a.m.s.f.DefaultMavenResourcesFiltering - skip non existing resourceDirectory C:\Users\antma\Desktop\curso_carpeta\semana3_Spring Boot y Angular\WorkSpace\PadreHijo\src\test\resources
2025-06-03 08:46:48,892 [Worker-101: Building] INFO  o.a.m.s.f.DefaultMavenResourcesFiltering - Copying 1 resource from src\main\resources to target\classes
2025-06-03 08:46:48,925 [Worker-101: Building] INFO  o.a.m.s.f.DefaultMavenResourcesFiltering - Copying 0 resource from src\main\resources to target\classes
2025-06-03 08:46:48,930 [Worker-101: Building] INFO  o.a.m.s.f.DefaultMavenResourcesFiltering - skip non existing resourceDirectory C:\Users\antma\Desktop\curso_carpeta\semana3_Spring Boot y Angular\WorkSpace\PadreHijo\src\test\resources
2025-06-03 08:50:13,072 [Worker-100: Building] INFO  o.a.m.s.f.DefaultMavenResourcesFiltering - Copying 1 resource from src\main\resources to target\classes
2025-06-03 08:50:13,180 [Worker-100: Building] INFO  o.a.m.s.f.DefaultMavenResourcesFiltering - Copying 0 resource from src\main\resources to target\classes
2025-06-03 08:50:13,183 [Worker-100: Building] INFO  o.a.m.s.f.DefaultMavenResourcesFiltering - skip non existing resourceDirectory C:\Users\antma\Desktop\curso_carpeta\semana3_Spring Boot y Angular\WorkSpace\PadreHijo\src\test\resources
2025-06-03 08:53:47,320 [Worker-101: Building] INFO  o.a.m.s.f.DefaultMavenResourcesFiltering - Copying 1 resource from src\main\resources to target\classes
2025-06-03 08:53:47,365 [Worker-101: Building] INFO  o.a.m.s.f.DefaultMavenResourcesFiltering - Copying 0 resource from src\main\resources to target\classes
2025-06-03 08:53:47,375 [Worker-101: Building] INFO  o.a.m.s.f.DefaultMavenResourcesFiltering - skip non existing resourceDirectory C:\Users\antma\Desktop\curso_carpeta\semana3_Spring Boot y Angular\WorkSpace\PadreHijo\src\test\resources
2025-06-03 08:59:28,099 [Worker-92: Building] INFO  o.a.m.s.f.DefaultMavenResourcesFiltering - Copying 1 resource from src\main\resources to target\classes
2025-06-03 08:59:28,151 [Worker-92: Building] INFO  o.a.m.s.f.DefaultMavenResourcesFiltering - Copying 0 resource from src\main\resources to target\classes
2025-06-03 08:59:28,156 [Worker-92: Building] INFO  o.a.m.s.f.DefaultMavenResourcesFiltering - skip non existing resourceDirectory C:\Users\antma\Desktop\curso_carpeta\semana3_Spring Boot y Angular\WorkSpace\PadreHijo\src\test\resources
2025-06-03 08:59:46,745 [Worker-94: Building] INFO  o.a.m.s.f.DefaultMavenResourcesFiltering - Copying 1 resource from src\main\resources to target\classes
2025-06-03 08:59:46,799 [Worker-94: Building] INFO  o.a.m.s.f.DefaultMavenResourcesFiltering - Copying 0 resource from src\main\resources to target\classes
2025-06-03 08:59:46,805 [Worker-94: Building] INFO  o.a.m.s.f.DefaultMavenResourcesFiltering - skip non existing resourceDirectory C:\Users\antma\Desktop\curso_carpeta\semana3_Spring Boot y Angular\WorkSpace\Vehiculo\src\test\resources
2025-06-03 09:02:09,224 [Worker-105: Building] INFO  o.a.m.s.f.DefaultMavenResourcesFiltering - Copying 1 resource from src\main\resources to target\classes
2025-06-03 09:02:09,272 [Worker-105: Building] INFO  o.a.m.s.f.DefaultMavenResourcesFiltering - Copying 0 resource from src\main\resources to target\classes
2025-06-03 09:02:09,276 [Worker-105: Building] INFO  o.a.m.s.f.DefaultMavenResourcesFiltering - skip non existing resourceDirectory C:\Users\antma\Desktop\curso_carpeta\semana3_Spring Boot y Angular\WorkSpace\Vehiculo\src\test\resources
2025-06-03 09:04:31,724 [Worker-106: Building] INFO  o.a.m.s.f.DefaultMavenResourcesFiltering - Copying 1 resource from src\main\resources to target\classes
2025-06-03 09:04:31,762 [Worker-106: Building] INFO  o.a.m.s.f.DefaultMavenResourcesFiltering - Copying 0 resource from src\main\resources to target\classes
2025-06-03 09:04:31,767 [Worker-106: Building] INFO  o.a.m.s.f.DefaultMavenResourcesFiltering - skip non existing resourceDirectory C:\Users\antma\Desktop\curso_carpeta\semana3_Spring Boot y Angular\WorkSpace\Vehiculo\src\test\resources
2025-06-03 09:04:53,810 [Worker-105: Building] INFO  o.e.m.c.i.l.LifecycleMappingFactory - Using org.eclipse.m2e.jdt.JarLifecycleMapping lifecycle mapping for MavenProject: com.example.Vehiculo:Vehiculo:0.0.1-SNAPSHOT @ C:\Users\antma\Desktop\curso_carpeta\semana3_Spring Boot y Angular\WorkSpace\Vehiculo\pom.xml.
2025-06-03 09:04:54,938 [Worker-105: Building] INFO  o.e.m.c.i.p.WorkspaceClassifierResolverManager - Resolving P/PadreHijo: com.mx.PadreHijo:PadreHijo:0.0.1-SNAPSHOT with classifier  to /PadreHijo/target/classes
2025-06-03 09:04:56,074 [Worker-105: Building] INFO  o.a.m.s.f.DefaultMavenResourcesFiltering - Copying 0 resource from src\main\resources to target\classes
2025-06-03 09:04:56,076 [Worker-105: Building] INFO  o.a.m.s.f.DefaultMavenResourcesFiltering - Copying 0 resource from src\main\resources to target\classes
2025-06-03 09:04:56,082 [Worker-105: Building] INFO  o.a.m.s.f.DefaultMavenResourcesFiltering - skip non existing resourceDirectory C:\Users\antma\Desktop\curso_carpeta\semana3_Spring Boot y Angular\WorkSpace\Vehiculo\src\test\resources
2025-06-03 09:04:58,096 [Worker-100: Building] INFO  o.a.m.s.f.DefaultMavenResourcesFiltering - Copying 1 resource from src\main\resources to target\classes
2025-06-03 09:04:58,175 [Worker-100: Building] INFO  o.a.m.s.f.DefaultMavenResourcesFiltering - Copying 0 resource from src\main\resources to target\classes
2025-06-03 09:04:58,189 [Worker-100: Building] INFO  o.a.m.s.f.DefaultMavenResourcesFiltering - skip non existing resourceDirectory C:\Users\antma\Desktop\curso_carpeta\semana3_Spring Boot y Angular\WorkSpace\Vehiculo\src\test\resources
2025-06-03 09:05:36,015 [Worker-108: Building] INFO  o.a.m.s.f.DefaultMavenResourcesFiltering - Copying 1 resource from src\main\resources to target\classes
2025-06-03 09:05:36,053 [Worker-108: Building] INFO  o.a.m.s.f.DefaultMavenResourcesFiltering - Copying 0 resource from src\main\resources to target\classes
2025-06-03 09:05:36,056 [Worker-108: Building] INFO  o.a.m.s.f.DefaultMavenResourcesFiltering - skip non existing resourceDirectory C:\Users\antma\Desktop\curso_carpeta\semana3_Spring Boot y Angular\WorkSpace\Vehiculo\src\test\resources
2025-06-03 09:07:21,054 [Worker-107: Building] INFO  o.a.m.s.f.DefaultMavenResourcesFiltering - Copying 1 resource from src\main\resources to target\classes
2025-06-03 09:07:21,068 [Worker-107: Building] INFO  o.a.m.s.f.DefaultMavenResourcesFiltering - Copying 0 resource from src\main\resources to target\classes
2025-06-03 09:07:21,073 [Worker-107: Building] INFO  o.a.m.s.f.DefaultMavenResourcesFiltering - skip non existing resourceDirectory C:\Users\antma\Desktop\curso_carpeta\semana3_Spring Boot y Angular\WorkSpace\Vehiculo\src\test\resources
2025-06-03 09:09:54,489 [Worker-101: Building] INFO  o.e.m.c.i.l.LifecycleMappingFactory - Using org.eclipse.m2e.jdt.JarLifecycleMapping lifecycle mapping for MavenProject: com.mx.PadreHijo:PadreHijo:0.0.1-SNAPSHOT @ C:\Users\antma\Desktop\curso_carpeta\semana3_Spring Boot y Angular\WorkSpace\PadreHijo\pom.xml.
2025-06-03 09:09:55,385 [Worker-101: Building] INFO  o.e.m.c.i.p.WorkspaceClassifierResolverManager - Resolving P/Vehiculo: com.example.Vehiculo:Vehiculo:0.0.1-SNAPSHOT with classifier  to /Vehiculo/target/classes
2025-06-03 09:09:56,755 [Worker-101: Building] INFO  o.e.m.c.i.l.LifecycleMappingFactory - Using org.eclipse.m2e.jdt.JarLifecycleMapping lifecycle mapping for MavenProject: com.example.Vehiculo:Vehiculo:0.0.1-SNAPSHOT @ C:\Users\antma\Desktop\curso_carpeta\semana3_Spring Boot y Angular\WorkSpace\Vehiculo\pom.xml.
2025-06-03 09:09:56,957 [Worker-101: Building] INFO  o.e.m.c.i.p.WorkspaceClassifierResolverManager - Resolving P/PadreHijo: com.mx.PadreHijo:PadreHijo:0.0.1-SNAPSHOT with classifier  to /PadreHijo/target/classes
2025-06-03 09:09:58,364 [Worker-101: Building] INFO  o.a.m.s.f.DefaultMavenResourcesFiltering - Copying 0 resource from src\main\resources to target\classes
2025-06-03 09:09:58,365 [Worker-101: Building] INFO  o.a.m.s.f.DefaultMavenResourcesFiltering - Copying 0 resource from src\main\resources to target\classes
2025-06-03 09:09:58,375 [Worker-101: Building] INFO  o.a.m.s.f.DefaultMavenResourcesFiltering - skip non existing resourceDirectory C:\Users\antma\Desktop\curso_carpeta\semana3_Spring Boot y Angular\WorkSpace\PadreHijo\src\test\resources
2025-06-03 09:09:59,838 [Worker-95: Building] INFO  o.a.m.s.f.DefaultMavenResourcesFiltering - Copying 1 resource from src\main\resources to target\classes
2025-06-03 09:09:59,883 [Worker-95: Building] INFO  o.a.m.s.f.DefaultMavenResourcesFiltering - Copying 0 resource from src\main\resources to target\classes
2025-06-03 09:09:59,886 [Worker-95: Building] INFO  o.a.m.s.f.DefaultMavenResourcesFiltering - skip non existing resourceDirectory C:\Users\antma\Desktop\curso_carpeta\semana3_Spring Boot y Angular\WorkSpace\PadreHijo\src\test\resources
2025-06-03 09:10:07,004 [Worker-92: Building] INFO  o.a.m.s.f.DefaultMavenResourcesFiltering - Copying 0 resource from src\main\resources to target\classes
2025-06-03 09:10:07,006 [Worker-92: Building] INFO  o.a.m.s.f.DefaultMavenResourcesFiltering - Copying 0 resource from src\main\resources to target\classes
2025-06-03 09:10:07,010 [Worker-92: Building] INFO  o.a.m.s.f.DefaultMavenResourcesFiltering - skip non existing resourceDirectory C:\Users\antma\Desktop\curso_carpeta\semana3_Spring Boot y Angular\WorkSpace\PadreHijo\src\test\resources
2025-06-03 09:11:22,220 [Worker-97: Building] INFO  o.a.m.s.f.DefaultMavenResourcesFiltering - Copying 0 resource from src\main\resources to target\classes
2025-06-03 09:11:22,223 [Worker-97: Building] INFO  o.a.m.s.f.DefaultMavenResourcesFiltering - Copying 0 resource from src\main\resources to target\classes
2025-06-03 09:11:22,227 [Worker-97: Building] INFO  o.a.m.s.f.DefaultMavenResourcesFiltering - skip non existing resourceDirectory C:\Users\antma\Desktop\curso_carpeta\semana3_Spring Boot y Angular\WorkSpace\Vehiculo\src\test\resources
2025-06-03 09:13:23,053 [Worker-99: Building] INFO  o.a.m.s.f.DefaultMavenResourcesFiltering - Copying 0 resource from src\main\resources to target\classes
2025-06-03 09:13:23,055 [Worker-99: Building] INFO  o.a.m.s.f.DefaultMavenResourcesFiltering - Copying 0 resource from src\main\resources to target\classes
2025-06-03 09:13:23,059 [Worker-99: Building] INFO  o.a.m.s.f.DefaultMavenResourcesFiltering - skip non existing resourceDirectory C:\Users\antma\Desktop\curso_carpeta\semana3_Spring Boot y Angular\WorkSpace\Vehiculo\src\test\resources
2025-06-03 09:14:13,353 [Worker-93: Building] INFO  o.a.m.s.f.DefaultMavenResourcesFiltering - Copying 0 resource from src\main\resources to target\classes
2025-06-03 09:14:13,357 [Worker-93: Building] INFO  o.a.m.s.f.DefaultMavenResourcesFiltering - Copying 0 resource from src\main\resources to target\classes
2025-06-03 09:14:13,373 [Worker-93: Building] INFO  o.a.m.s.f.DefaultMavenResourcesFiltering - skip non existing resourceDirectory C:\Users\antma\Desktop\curso_carpeta\semana3_Spring Boot y Angular\WorkSpace\PadreHijo\src\test\resources
2025-06-03 09:14:27,509 [Worker-102: Building] INFO  o.a.m.s.f.DefaultMavenResourcesFiltering - Copying 0 resource from src\main\resources to target\classes
2025-06-03 09:14:27,511 [Worker-102: Building] INFO  o.a.m.s.f.DefaultMavenResourcesFiltering - Copying 0 resource from src\main\resources to target\classes
2025-06-03 09:14:27,545 [Worker-102: Building] INFO  o.a.m.s.f.DefaultMavenResourcesFiltering - skip non existing resourceDirectory C:\Users\antma\Desktop\curso_carpeta\semana3_Spring Boot y Angular\WorkSpace\PadreHijo\src\test\resources
2025-06-03 09:14:49,120 [Worker-94: Building] INFO  o.a.m.s.f.DefaultMavenResourcesFiltering - Copying 0 resource from src\main\resources to target\classes
2025-06-03 09:14:49,123 [Worker-94: Building] INFO  o.a.m.s.f.DefaultMavenResourcesFiltering - Copying 0 resource from src\main\resources to target\classes
2025-06-03 09:14:49,128 [Worker-94: Building] INFO  o.a.m.s.f.DefaultMavenResourcesFiltering - skip non existing resourceDirectory C:\Users\antma\Desktop\curso_carpeta\semana3_Spring Boot y Angular\WorkSpace\PadreHijo\src\test\resources
2025-06-03 09:15:20,088 [Worker-94: Building] INFO  o.a.m.s.f.DefaultMavenResourcesFiltering - Copying 0 resource from src\main\resources to target\classes
2025-06-03 09:15:20,090 [Worker-94: Building] INFO  o.a.m.s.f.DefaultMavenResourcesFiltering - Copying 0 resource from src\main\resources to target\classes
2025-06-03 09:15:20,096 [Worker-94: Building] INFO  o.a.m.s.f.DefaultMavenResourcesFiltering - skip non existing resourceDirectory C:\Users\antma\Desktop\curso_carpeta\semana3_Spring Boot y Angular\WorkSpace\PadreHijo\src\test\resources
2025-06-03 09:16:37,086 [Worker-85: Building] INFO  o.a.m.s.f.DefaultMavenResourcesFiltering - Copying 0 resource from src\main\resources to target\classes
2025-06-03 09:16:37,088 [Worker-85: Building] INFO  o.a.m.s.f.DefaultMavenResourcesFiltering - Copying 0 resource from src\main\resources to target\classes
2025-06-03 09:16:37,096 [Worker-85: Building] INFO  o.a.m.s.f.DefaultMavenResourcesFiltering - skip non existing resourceDirectory C:\Users\antma\Desktop\curso_carpeta\semana3_Spring Boot y Angular\WorkSpace\PadreHijo\src\test\resources
2025-06-03 09:20:39,782 [Worker-93: Building] INFO  o.a.m.s.f.DefaultMavenResourcesFiltering - Copying 0 resource from src\main\resources to target\classes
2025-06-03 09:20:39,784 [Worker-93: Building] INFO  o.a.m.s.f.DefaultMavenResourcesFiltering - Copying 0 resource from src\main\resources to target\classes
2025-06-03 09:20:39,789 [Worker-93: Building] INFO  o.a.m.s.f.DefaultMavenResourcesFiltering - skip non existing resourceDirectory C:\Users\antma\Desktop\curso_carpeta\semana3_Spring Boot y Angular\WorkSpace\PadreHijo\src\test\resources
2025-06-03 09:20:59,613 [Worker-105: Building] INFO  o.a.m.s.f.DefaultMavenResourcesFiltering - Copying 0 resource from src\main\resources to target\classes
2025-06-03 09:20:59,615 [Worker-105: Building] INFO  o.a.m.s.f.DefaultMavenResourcesFiltering - Copying 0 resource from src\main\resources to target\classes
2025-06-03 09:20:59,625 [Worker-105: Building] INFO  o.a.m.s.f.DefaultMavenResourcesFiltering - skip non existing resourceDirectory C:\Users\antma\Desktop\curso_carpeta\semana3_Spring Boot y Angular\WorkSpace\PadreHijo\src\test\resources
2025-06-03 09:23:01,777 [Worker-93: Building] INFO  o.a.m.s.f.DefaultMavenResourcesFiltering - Copying 0 resource from src\main\resources to target\classes
2025-06-03 09:23:01,779 [Worker-93: Building] INFO  o.a.m.s.f.DefaultMavenResourcesFiltering - Copying 0 resource from src\main\resources to target\classes
2025-06-03 09:23:01,783 [Worker-93: Building] INFO  o.a.m.s.f.DefaultMavenResourcesFiltering - skip non existing resourceDirectory C:\Users\antma\Desktop\curso_carpeta\semana3_Spring Boot y Angular\WorkSpace\PadreHijo\src\test\resources
2025-06-03 09:25:11,722 [Worker-92: Building] INFO  o.a.m.s.f.DefaultMavenResourcesFiltering - Copying 0 resource from src\main\resources to target\classes
2025-06-03 09:25:11,726 [Worker-92: Building] INFO  o.a.m.s.f.DefaultMavenResourcesFiltering - Copying 0 resource from src\main\resources to target\classes
2025-06-03 09:25:11,729 [Worker-92: Building] INFO  o.a.m.s.f.DefaultMavenResourcesFiltering - skip non existing resourceDirectory C:\Users\antma\Desktop\curso_carpeta\semana3_Spring Boot y Angular\WorkSpace\PadreHijo\src\test\resources
2025-06-03 09:33:17,753 [Worker-85: Building] INFO  o.a.m.s.f.DefaultMavenResourcesFiltering - Copying 0 resource from src\main\resources to target\classes
2025-06-03 09:33:17,755 [Worker-85: Building] INFO  o.a.m.s.f.DefaultMavenResourcesFiltering - Copying 0 resource from src\main\resources to target\classes
2025-06-03 09:33:17,766 [Worker-85: Building] INFO  o.a.m.s.f.DefaultMavenResourcesFiltering - skip non existing resourceDirectory C:\Users\antma\Desktop\curso_carpeta\semana3_Spring Boot y Angular\WorkSpace\PadreHijo\src\test\resources
2025-06-03 09:34:32,630 [Worker-103: Building] INFO  o.a.m.s.f.DefaultMavenResourcesFiltering - Copying 0 resource from src\main\resources to target\classes
2025-06-03 09:34:32,632 [Worker-103: Building] INFO  o.a.m.s.f.DefaultMavenResourcesFiltering - Copying 0 resource from src\main\resources to target\classes
2025-06-03 09:34:32,638 [Worker-103: Building] INFO  o.a.m.s.f.DefaultMavenResourcesFiltering - skip non existing resourceDirectory C:\Users\antma\Desktop\curso_carpeta\semana3_Spring Boot y Angular\WorkSpace\PadreHijo\src\test\resources
2025-06-03 09:36:26,483 [Worker-94: Building] INFO  o.a.m.s.f.DefaultMavenResourcesFiltering - Copying 0 resource from src\main\resources to target\classes
2025-06-03 09:36:26,486 [Worker-94: Building] INFO  o.a.m.s.f.DefaultMavenResourcesFiltering - Copying 0 resource from src\main\resources to target\classes
2025-06-03 09:36:26,493 [Worker-94: Building] INFO  o.a.m.s.f.DefaultMavenResourcesFiltering - skip non existing resourceDirectory C:\Users\antma\Desktop\curso_carpeta\semana3_Spring Boot y Angular\WorkSpace\PadreHijo\src\test\resources
2025-06-03 09:40:00,347 [Worker-95: Building] INFO  o.a.m.s.f.DefaultMavenResourcesFiltering - Copying 0 resource from src\main\resources to target\classes
2025-06-03 09:40:00,350 [Worker-95: Building] INFO  o.a.m.s.f.DefaultMavenResourcesFiltering - Copying 0 resource from src\main\resources to target\classes
2025-06-03 09:40:00,360 [Worker-95: Building] INFO  o.a.m.s.f.DefaultMavenResourcesFiltering - skip non existing resourceDirectory C:\Users\antma\Desktop\curso_carpeta\semana3_Spring Boot y Angular\WorkSpace\PadreHijo\src\test\resources
2025-06-03 09:40:33,117 [Worker-108: Building] INFO  o.a.m.s.f.DefaultMavenResourcesFiltering - Copying 0 resource from src\main\resources to target\classes
2025-06-03 09:40:33,123 [Worker-108: Building] INFO  o.a.m.s.f.DefaultMavenResourcesFiltering - Copying 0 resource from src\main\resources to target\classes
2025-06-03 09:40:33,130 [Worker-108: Building] INFO  o.a.m.s.f.DefaultMavenResourcesFiltering - skip non existing resourceDirectory C:\Users\antma\Desktop\curso_carpeta\semana3_Spring Boot y Angular\WorkSpace\PadreHijo\src\test\resources
2025-06-03 09:43:05,597 [Worker-107: Building] INFO  o.a.m.s.f.DefaultMavenResourcesFiltering - Copying 0 resource from src\main\resources to target\classes
2025-06-03 09:43:05,600 [Worker-107: Building] INFO  o.a.m.s.f.DefaultMavenResourcesFiltering - Copying 0 resource from src\main\resources to target\classes
2025-06-03 09:43:05,636 [Worker-107: Building] INFO  o.a.m.s.f.DefaultMavenResourcesFiltering - skip non existing resourceDirectory C:\Users\antma\Desktop\curso_carpeta\semana3_Spring Boot y Angular\WorkSpace\PadreHijo\src\test\resources
2025-06-03 09:44:23,545 [Worker-101: Building] INFO  o.a.m.s.f.DefaultMavenResourcesFiltering - Copying 0 resource from src\main\resources to target\classes
2025-06-03 09:44:23,553 [Worker-101: Building] INFO  o.a.m.s.f.DefaultMavenResourcesFiltering - Copying 0 resource from src\main\resources to target\classes
2025-06-03 09:44:23,585 [Worker-101: Building] INFO  o.a.m.s.f.DefaultMavenResourcesFiltering - skip non existing resourceDirectory C:\Users\antma\Desktop\curso_carpeta\semana3_Spring Boot y Angular\WorkSpace\PadreHijo\src\test\resources
2025-06-03 09:50:51,215 [Worker-104: Building] INFO  o.a.m.s.f.DefaultMavenResourcesFiltering - Copying 0 resource from src\main\resources to target\classes
2025-06-03 09:50:51,218 [Worker-104: Building] INFO  o.a.m.s.f.DefaultMavenResourcesFiltering - Copying 0 resource from src\main\resources to target\classes
2025-06-03 09:50:51,225 [Worker-104: Building] INFO  o.a.m.s.f.DefaultMavenResourcesFiltering - skip non existing resourceDirectory C:\Users\antma\Desktop\curso_carpeta\semana3_Spring Boot y Angular\WorkSpace\PadreHijo\src\test\resources
2025-06-03 09:51:29,288 [Worker-88: Building] INFO  o.a.m.s.f.DefaultMavenResourcesFiltering - Copying 0 resource from src\main\resources to target\classes
2025-06-03 09:51:29,294 [Worker-88: Building] INFO  o.a.m.s.f.DefaultMavenResourcesFiltering - Copying 0 resource from src\main\resources to target\classes
2025-06-03 09:51:29,301 [Worker-88: Building] INFO  o.a.m.s.f.DefaultMavenResourcesFiltering - skip non existing resourceDirectory C:\Users\antma\Desktop\curso_carpeta\semana3_Spring Boot y Angular\WorkSpace\PadreHijo\src\test\resources
2025-06-03 09:52:54,126 [Worker-103: Building] INFO  o.a.m.s.f.DefaultMavenResourcesFiltering - Copying 0 resource from src\main\resources to target\classes
2025-06-03 09:52:54,130 [Worker-103: Building] INFO  o.a.m.s.f.DefaultMavenResourcesFiltering - Copying 0 resource from src\main\resources to target\classes
2025-06-03 09:52:54,143 [Worker-103: Building] INFO  o.a.m.s.f.DefaultMavenResourcesFiltering - skip non existing resourceDirectory C:\Users\antma\Desktop\curso_carpeta\semana3_Spring Boot y Angular\WorkSpace\Vehiculo\src\test\resources
2025-06-03 09:53:19,807 [Worker-96: Launching PadreHijo - PadreHijoApplication] INFO  o.e.m.c.i.p.WorkspaceClassifierResolverManager - Resolving P/Vehiculo: com.example.Vehiculo:Vehiculo:0.0.1-SNAPSHOT with classifier null to /Vehiculo/target/classes
2025-06-03 09:53:20,743 [Worker-96: Launching PadreHijo - PadreHijoApplication] INFO  o.e.m.c.i.p.WorkspaceClassifierResolverManager - Resolving P/Vehiculo: com.example.Vehiculo:Vehiculo:0.0.1-SNAPSHOT with classifier null to /Vehiculo/target/classes
2025-06-03 09:53:21,444 [Worker-96: Launching PadreHijo - PadreHijoApplication] INFO  o.e.m.c.i.p.WorkspaceClassifierResolverManager - Resolving P/Vehiculo: com.example.Vehiculo:Vehiculo:0.0.1-SNAPSHOT with classifier null to /Vehiculo/target/classes
2025-06-03 09:58:39,323 [Worker-96: Building] INFO  o.a.m.s.f.DefaultMavenResourcesFiltering - Copying 0 resource from src\main\resources to target\classes
2025-06-03 09:58:39,349 [Worker-96: Building] INFO  o.a.m.s.f.DefaultMavenResourcesFiltering - Copying 0 resource from src\main\resources to target\classes
2025-06-03 09:58:39,364 [Worker-96: Building] INFO  o.a.m.s.f.DefaultMavenResourcesFiltering - skip non existing resourceDirectory C:\Users\antma\Desktop\curso_carpeta\semana3_Spring Boot y Angular\WorkSpace\PadreHijo\src\test\resources
2025-06-03 10:03:26,636 [Worker-106: Building] INFO  o.a.m.s.f.DefaultMavenResourcesFiltering - Copying 0 resource from src\main\resources to target\classes
2025-06-03 10:03:26,640 [Worker-106: Building] INFO  o.a.m.s.f.DefaultMavenResourcesFiltering - Copying 0 resource from src\main\resources to target\classes
2025-06-03 10:03:26,645 [Worker-106: Building] INFO  o.a.m.s.f.DefaultMavenResourcesFiltering - skip non existing resourceDirectory C:\Users\antma\Desktop\curso_carpeta\semana3_Spring Boot y Angular\WorkSpace\PadreHijo\src\test\resources
2025-06-03 10:06:09,781 [Worker-95: Building] ERROR o.e.m.c.i.p.r.ProjectRegistryManager - Could not read pom.xml
org.eclipse.core.runtime.CoreException: Could not read pom.xml
	at org.eclipse.m2e.core.internal.IMavenToolbox.readModel(IMavenToolbox.java:245)
	at org.eclipse.m2e.core.internal.project.registry.ProjectRegistryManager.refreshPhase2(ProjectRegistryManager.java:591)
	at org.eclipse.m2e.core.internal.project.registry.ProjectRegistryManager.refresh(ProjectRegistryManager.java:491)
	at org.eclipse.m2e.core.internal.project.registry.ProjectRegistryManager.refresh(ProjectRegistryManager.java:370)
	at org.eclipse.m2e.core.internal.project.registry.ProjectRegistryManager.refresh(ProjectRegistryManager.java:322)
	at org.eclipse.m2e.core.internal.builder.MavenBuilder$BuildMethod.getProjectFacade(MavenBuilder.java:146)
	at org.eclipse.m2e.core.internal.builder.MavenBuilder$BuildMethod.lambda$0(MavenBuilder.java:84)
	at org.eclipse.m2e.core.internal.embedder.MavenExecutionContext.executeBare(MavenExecutionContext.java:458)
	at org.eclipse.m2e.core.internal.embedder.MavenExecutionContext.execute(MavenExecutionContext.java:339)
	at org.eclipse.m2e.core.internal.embedder.MavenExecutionContext.execute(MavenExecutionContext.java:278)
	at org.eclipse.m2e.core.internal.builder.MavenBuilder$BuildMethod.execute(MavenBuilder.java:83)
	at org.eclipse.m2e.core.internal.builder.MavenBuilder.build(MavenBuilder.java:192)
	at org.eclipse.core.internal.events.BuildManager$2.run(BuildManager.java:1077)
	at org.eclipse.core.runtime.SafeRunner.run(SafeRunner.java:47)
	at org.eclipse.core.internal.events.BuildManager.basicBuild(BuildManager.java:296)
	at org.eclipse.core.internal.events.BuildManager.basicBuild(BuildManager.java:352)
	at org.eclipse.core.internal.events.BuildManager$1.run(BuildManager.java:441)
	at org.eclipse.core.runtime.SafeRunner.run(SafeRunner.java:47)
	at org.eclipse.core.internal.events.BuildManager.basicBuild(BuildManager.java:444)
	at org.eclipse.core.internal.events.BuildManager.basicBuildLoop(BuildManager.java:555)
	at org.eclipse.core.internal.events.BuildManager.basicBuildLoop(BuildManager.java:503)
	at org.eclipse.core.internal.events.BuildManager.build(BuildManager.java:585)
	at org.eclipse.core.internal.events.AutoBuildJob.doBuild(AutoBuildJob.java:207)
	at org.eclipse.core.internal.events.AutoBuildJob.run(AutoBuildJob.java:300)
	at org.eclipse.core.internal.jobs.Worker.run(Worker.java:63)
Caused by: org.apache.maven.model.io.ModelParseException: start tag not allowed in epilog but got m (position: END_TAG seen ...0.0 https://maven.apache.org/xsd/maven-4.0.0.xsd"> </project>\n\n\t<m... @5:4) 
	at org.apache.maven.model.io.DefaultModelReader.read(DefaultModelReader.java:96)
	at org.apache.maven.model.io.DefaultModelReader.read(DefaultModelReader.java:74)
	at org.eclipse.m2e.core.internal.IMavenToolbox.readModel(IMavenToolbox.java:243)
	... 24 common frames omitted
Caused by: org.codehaus.plexus.util.xml.pull.XmlPullParserException: start tag not allowed in epilog but got m (position: END_TAG seen ...0.0 https://maven.apache.org/xsd/maven-4.0.0.xsd"> </project>\n\n\t<m... @5:4) 
	at org.codehaus.plexus.util.xml.pull.MXParser.parseEpilog(MXParser.java:2028)
	at org.codehaus.plexus.util.xml.pull.MXParser.nextImpl(MXParser.java:1753)
	at org.codehaus.plexus.util.xml.pull.MXParser.next(MXParser.java:1375)
	at org.apache.maven.model.io.xpp3.MavenXpp3Reader.read(MavenXpp3Reader.java:627)
	at org.apache.maven.model.io.xpp3.MavenXpp3Reader.read(MavenXpp3Reader.java:654)
	at org.apache.maven.model.io.DefaultModelReader.read(DefaultModelReader.java:93)
	... 26 common frames omitted
2025-06-03 10:06:12,596 [Worker-95: Building] INFO  o.e.m.c.i.l.LifecycleMappingFactory - Using org.eclipse.m2e.jdt.JarLifecycleMapping lifecycle mapping for MavenProject: com.example.Vehiculo:Vehiculo:0.0.1-SNAPSHOT @ C:\Users\antma\Desktop\curso_carpeta\semana3_Spring Boot y Angular\WorkSpace\Vehiculo\pom.xml.
2025-06-03 10:06:17,666 [Worker-95: Building] WARN  o.e.m.c.i.embedder.EclipseLogger - The POM for com.mx.PadreHijo:PadreHijo:jar:0.0.1-SNAPSHOT is missing, no dependency information available
2025-06-03 10:06:19,995 [Worker-98: Download sources and javadoc] ERROR o.e.m.j.internal.DownloadSourcesJob - Could not download sources for com.mx.PadreHijo:PadreHijo:0.0.1-SNAPSHOT
org.eclipse.core.runtime.CoreException: Could not resolve artifact com.mx.PadreHijo:PadreHijo:jar:sources:0.0.1-SNAPSHOT
	at org.eclipse.m2e.core.internal.embedder.MavenImpl.lambda$7(MavenImpl.java:540)
	at org.eclipse.m2e.core.internal.embedder.MavenExecutionContext.executeBare(MavenExecutionContext.java:458)
	at org.eclipse.m2e.core.internal.embedder.MavenExecutionContext.execute(MavenExecutionContext.java:292)
	at org.eclipse.m2e.core.internal.embedder.MavenExecutionContext.execute(MavenExecutionContext.java:278)
	at org.eclipse.m2e.core.internal.embedder.MavenImpl.resolve(MavenImpl.java:509)
	at org.eclipse.m2e.core.internal.embedder.MavenImpl.resolve(MavenImpl.java:494)
	at org.eclipse.m2e.jdt.internal.DownloadSourcesJob.download(DownloadSourcesJob.java:308)
	at org.eclipse.m2e.jdt.internal.DownloadSourcesJob.downloadAttachments(DownloadSourcesJob.java:282)
	at org.eclipse.m2e.jdt.internal.DownloadSourcesJob.downloadMaven(DownloadSourcesJob.java:252)
	at org.eclipse.m2e.jdt.internal.DownloadSourcesJob.downloadFilesAndPopulateToUpdate(DownloadSourcesJob.java:220)
	at org.eclipse.m2e.jdt.internal.DownloadSourcesJob.lambda$0(DownloadSourcesJob.java:149)
	at org.eclipse.m2e.core.internal.embedder.MavenExecutionContext.executeBare(MavenExecutionContext.java:458)
	at org.eclipse.m2e.core.internal.embedder.MavenExecutionContext.execute(MavenExecutionContext.java:339)
	at org.eclipse.m2e.core.internal.embedder.MavenExecutionContext.execute(MavenExecutionContext.java:278)
	at org.eclipse.m2e.core.embedder.IMaven.execute(IMaven.java:300)
	at org.eclipse.m2e.jdt.internal.DownloadSourcesJob.run(DownloadSourcesJob.java:149)
	at org.eclipse.core.internal.jobs.Worker.run(Worker.java:63)
2025-06-03 10:06:30,387 [Worker-97: reload maven project] WARN  o.e.m.c.i.embedder.EclipseLogger - The POM for com.mx.PadreHijo:PadreHijo:jar:0.0.1-SNAPSHOT is missing, no dependency information available
2025-06-03 10:06:30,678 [Worker-97: reload maven project] INFO  o.e.m.c.i.p.WorkspaceClassifierResolverManager - Resolving P/Vehiculo: com.example.Vehiculo:Vehiculo:0.0.1-SNAPSHOT with classifier  to /Vehiculo/target/classes
2025-06-03 10:06:30,826 [Worker-109: Building] INFO  o.e.m.c.i.l.LifecycleMappingFactory - Using org.eclipse.m2e.jdt.JarLifecycleMapping lifecycle mapping for MavenProject: com.mx.PadreHijo:PadreHijo:0.0.1-SNAPSHOT @ C:\Users\antma\Desktop\curso_carpeta\semana3_Spring Boot y Angular\WorkSpace\PadreHijo\pom.xml.
2025-06-03 10:06:38,105 [Worker-109: Building] INFO  o.e.m.c.i.p.WorkspaceClassifierResolverManager - Resolving P/Vehiculo: com.example.Vehiculo:Vehiculo:0.0.1-SNAPSHOT with classifier  to /Vehiculo/target/classes
2025-06-03 10:06:39,484 [Worker-109: Building] INFO  o.e.m.c.i.l.LifecycleMappingFactory - Using org.eclipse.m2e.jdt.JarLifecycleMapping lifecycle mapping for MavenProject: com.example.Vehiculo:Vehiculo:0.0.1-SNAPSHOT @ C:\Users\antma\Desktop\curso_carpeta\semana3_Spring Boot y Angular\WorkSpace\Vehiculo\pom.xml.
2025-06-03 10:06:39,739 [Worker-109: Building] INFO  o.e.m.c.i.p.WorkspaceClassifierResolverManager - Resolving P/PadreHijo: com.mx.PadreHijo:PadreHijo:0.0.1-SNAPSHOT with classifier  to /PadreHijo/target/classes
2025-06-03 10:06:43,182 [Worker-109: Building] INFO  o.a.m.s.f.DefaultMavenResourcesFiltering - Copying 1 resource from src\main\resources to target\classes
2025-06-03 10:06:43,250 [Worker-109: Building] INFO  o.a.m.s.f.DefaultMavenResourcesFiltering - Copying 0 resource from src\main\resources to target\classes
2025-06-03 10:06:43,260 [Worker-109: Building] INFO  o.a.m.s.f.DefaultMavenResourcesFiltering - skip non existing resourceDirectory C:\Users\antma\Desktop\curso_carpeta\semana3_Spring Boot y Angular\WorkSpace\PadreHijo\src\test\resources
2025-06-03 10:06:43,790 [Worker-109: Building] INFO  o.a.m.s.f.DefaultMavenResourcesFiltering - Copying 1 resource from src\main\resources to target\classes
2025-06-03 10:06:43,805 [Worker-109: Building] INFO  o.a.m.s.f.DefaultMavenResourcesFiltering - Copying 0 resource from src\main\resources to target\classes
2025-06-03 10:06:43,811 [Worker-109: Building] INFO  o.a.m.s.f.DefaultMavenResourcesFiltering - skip non existing resourceDirectory C:\Users\antma\Desktop\curso_carpeta\semana3_Spring Boot y Angular\WorkSpace\Vehiculo\src\test\resources
2025-06-03 10:06:49,990 [Worker-100: Building] INFO  o.a.m.s.f.DefaultMavenResourcesFiltering - Copying 1 resource from src\main\resources to target\classes
2025-06-03 10:06:50,066 [Worker-100: Building] INFO  o.a.m.s.f.DefaultMavenResourcesFiltering - Copying 0 resource from src\main\resources to target\classes
2025-06-03 10:06:50,069 [Worker-100: Building] INFO  o.a.m.s.f.DefaultMavenResourcesFiltering - skip non existing resourceDirectory C:\Users\antma\Desktop\curso_carpeta\semana3_Spring Boot y Angular\WorkSpace\PadreHijo\src\test\resources
2025-06-03 10:07:41,256 [Worker-36: Launching PadreHijo - PadreHijoApplication] INFO  o.e.m.c.i.l.LifecycleMappingFactory - Using org.eclipse.m2e.jdt.JarLifecycleMapping lifecycle mapping for MavenProject: com.mx.PadreHijo:PadreHijo:0.0.1-SNAPSHOT @ C:\Users\antma\Desktop\curso_carpeta\semana3_Spring Boot y Angular\WorkSpace\PadreHijo\pom.xml.
2025-06-03 10:07:42,026 [Worker-36: Launching PadreHijo - PadreHijoApplication] INFO  o.e.m.c.i.p.WorkspaceClassifierResolverManager - Resolving P/Vehiculo: com.example.Vehiculo:Vehiculo:0.0.1-SNAPSHOT with classifier  to /Vehiculo/target/classes
2025-06-03 10:07:42,962 [Worker-36: Launching PadreHijo - PadreHijoApplication] INFO  o.a.m.s.f.DefaultMavenResourcesFiltering - Copying 0 resource from src\main\resources to target\classes
2025-06-03 10:07:42,966 [Worker-36: Launching PadreHijo - PadreHijoApplication] INFO  o.a.m.s.f.DefaultMavenResourcesFiltering - Copying 0 resource from src\main\resources to target\classes
2025-06-03 10:07:42,976 [Worker-36: Launching PadreHijo - PadreHijoApplication] INFO  o.a.m.s.f.DefaultMavenResourcesFiltering - skip non existing resourceDirectory C:\Users\antma\Desktop\curso_carpeta\semana3_Spring Boot y Angular\WorkSpace\PadreHijo\src\test\resources
2025-06-03 10:09:03,367 [Worker-92: Building] INFO  o.e.m.c.i.l.LifecycleMappingFactory - Using org.eclipse.m2e.jdt.JarLifecycleMapping lifecycle mapping for MavenProject: com.mx.PadreHijo:PadreHijo:0.0.1-SNAPSHOT @ C:\Users\antma\Desktop\curso_carpeta\semana3_Spring Boot y Angular\WorkSpace\PadreHijo\pom.xml.
2025-06-03 10:09:03,972 [Worker-92: Building] WARN  o.e.m.c.i.embedder.EclipseLogger - The POM for com.example.PadreHijo:PadreHijo:jar:0.0.1-SNAPSHOT is missing, no dependency information available
2025-06-03 10:09:04,968 [Worker-92: Building] INFO  o.e.m.c.i.l.LifecycleMappingFactory - Using org.eclipse.m2e.jdt.JarLifecycleMapping lifecycle mapping for MavenProject: com.example.Vehiculo:Vehiculo:0.0.1-SNAPSHOT @ C:\Users\antma\Desktop\curso_carpeta\semana3_Spring Boot y Angular\WorkSpace\Vehiculo\pom.xml.
2025-06-03 10:09:05,255 [Worker-92: Building] INFO  o.e.m.c.i.p.WorkspaceClassifierResolverManager - Resolving P/PadreHijo: com.mx.PadreHijo:PadreHijo:0.0.1-SNAPSHOT with classifier  to /PadreHijo/target/classes
2025-06-03 10:09:06,857 [Worker-92: Building] INFO  o.a.m.s.f.DefaultMavenResourcesFiltering - Copying 0 resource from src\main\resources to target\classes
2025-06-03 10:09:06,859 [Worker-92: Building] INFO  o.a.m.s.f.DefaultMavenResourcesFiltering - Copying 0 resource from src\main\resources to target\classes
2025-06-03 10:09:06,874 [Worker-92: Building] INFO  o.a.m.s.f.DefaultMavenResourcesFiltering - skip non existing resourceDirectory C:\Users\antma\Desktop\curso_carpeta\semana3_Spring Boot y Angular\WorkSpace\PadreHijo\src\test\resources
2025-06-03 10:09:07,110 [Worker-104: Download sources and javadoc] ERROR o.e.m.j.internal.DownloadSourcesJob - Could not download sources for com.example.PadreHijo:PadreHijo:0.0.1-SNAPSHOT
org.eclipse.core.runtime.CoreException: Could not resolve artifact com.example.PadreHijo:PadreHijo:jar:sources:0.0.1-SNAPSHOT
	at org.eclipse.m2e.core.internal.embedder.MavenImpl.lambda$7(MavenImpl.java:540)
	at org.eclipse.m2e.core.internal.embedder.MavenExecutionContext.executeBare(MavenExecutionContext.java:458)
	at org.eclipse.m2e.core.internal.embedder.MavenExecutionContext.execute(MavenExecutionContext.java:292)
	at org.eclipse.m2e.core.internal.embedder.MavenExecutionContext.execute(MavenExecutionContext.java:278)
	at org.eclipse.m2e.core.internal.embedder.MavenImpl.resolve(MavenImpl.java:509)
	at org.eclipse.m2e.core.internal.embedder.MavenImpl.resolve(MavenImpl.java:494)
	at org.eclipse.m2e.jdt.internal.DownloadSourcesJob.download(DownloadSourcesJob.java:308)
	at org.eclipse.m2e.jdt.internal.DownloadSourcesJob.downloadAttachments(DownloadSourcesJob.java:282)
	at org.eclipse.m2e.jdt.internal.DownloadSourcesJob.downloadMaven(DownloadSourcesJob.java:252)
	at org.eclipse.m2e.jdt.internal.DownloadSourcesJob.downloadFilesAndPopulateToUpdate(DownloadSourcesJob.java:220)
	at org.eclipse.m2e.jdt.internal.DownloadSourcesJob.lambda$0(DownloadSourcesJob.java:149)
	at org.eclipse.m2e.core.internal.embedder.MavenExecutionContext.executeBare(MavenExecutionContext.java:458)
	at org.eclipse.m2e.core.internal.embedder.MavenExecutionContext.execute(MavenExecutionContext.java:339)
	at org.eclipse.m2e.core.internal.embedder.MavenExecutionContext.execute(MavenExecutionContext.java:278)
	at org.eclipse.m2e.core.embedder.IMaven.execute(IMaven.java:300)
	at org.eclipse.m2e.jdt.internal.DownloadSourcesJob.run(DownloadSourcesJob.java:149)
	at org.eclipse.core.internal.jobs.Worker.run(Worker.java:63)
2025-06-03 10:09:07,195 [Worker-104: Download sources and javadoc] ERROR o.e.m.j.internal.DownloadSourcesJob - Could not download javadoc for com.example.PadreHijo:PadreHijo:0.0.1-SNAPSHOT
org.eclipse.core.runtime.CoreException: Could not resolve artifact com.example.PadreHijo:PadreHijo:jar:javadoc:0.0.1-SNAPSHOT
	at org.eclipse.m2e.core.internal.embedder.MavenImpl.lambda$7(MavenImpl.java:540)
	at org.eclipse.m2e.core.internal.embedder.MavenExecutionContext.executeBare(MavenExecutionContext.java:458)
	at org.eclipse.m2e.core.internal.embedder.MavenExecutionContext.execute(MavenExecutionContext.java:292)
	at org.eclipse.m2e.core.internal.embedder.MavenExecutionContext.execute(MavenExecutionContext.java:278)
	at org.eclipse.m2e.core.internal.embedder.MavenImpl.resolve(MavenImpl.java:509)
	at org.eclipse.m2e.core.internal.embedder.MavenImpl.resolve(MavenImpl.java:494)
	at org.eclipse.m2e.jdt.internal.DownloadSourcesJob.download(DownloadSourcesJob.java:308)
	at org.eclipse.m2e.jdt.internal.DownloadSourcesJob.downloadAttachments(DownloadSourcesJob.java:294)
	at org.eclipse.m2e.jdt.internal.DownloadSourcesJob.downloadMaven(DownloadSourcesJob.java:252)
	at org.eclipse.m2e.jdt.internal.DownloadSourcesJob.downloadFilesAndPopulateToUpdate(DownloadSourcesJob.java:220)
	at org.eclipse.m2e.jdt.internal.DownloadSourcesJob.lambda$0(DownloadSourcesJob.java:149)
	at org.eclipse.m2e.core.internal.embedder.MavenExecutionContext.executeBare(MavenExecutionContext.java:458)
	at org.eclipse.m2e.core.internal.embedder.MavenExecutionContext.execute(MavenExecutionContext.java:339)
	at org.eclipse.m2e.core.internal.embedder.MavenExecutionContext.execute(MavenExecutionContext.java:278)
	at org.eclipse.m2e.core.embedder.IMaven.execute(IMaven.java:300)
	at org.eclipse.m2e.jdt.internal.DownloadSourcesJob.run(DownloadSourcesJob.java:149)
	at org.eclipse.core.internal.jobs.Worker.run(Worker.java:63)
2025-06-03 10:09:23,910 [Worker-106: Building] INFO  o.e.m.c.i.l.LifecycleMappingFactory - Using org.eclipse.m2e.jdt.JarLifecycleMapping lifecycle mapping for MavenProject: com.mx.PadreHijo:PadreHijo:0.0.1-SNAPSHOT @ C:\Users\antma\Desktop\curso_carpeta\semana3_Spring Boot y Angular\WorkSpace\PadreHijo\pom.xml.
2025-06-03 10:09:25,512 [Worker-106: Building] INFO  o.e.m.c.i.l.LifecycleMappingFactory - Using org.eclipse.m2e.jdt.JarLifecycleMapping lifecycle mapping for MavenProject: com.example.Vehiculo:Vehiculo:0.0.1-SNAPSHOT @ C:\Users\antma\Desktop\curso_carpeta\semana3_Spring Boot y Angular\WorkSpace\Vehiculo\pom.xml.
2025-06-03 10:09:25,687 [Worker-106: Building] INFO  o.e.m.c.i.p.WorkspaceClassifierResolverManager - Resolving P/PadreHijo: com.mx.PadreHijo:PadreHijo:0.0.1-SNAPSHOT with classifier  to /PadreHijo/target/classes
2025-06-03 10:09:27,681 [Worker-106: Building] INFO  o.a.m.s.f.DefaultMavenResourcesFiltering - Copying 0 resource from src\main\resources to target\classes
2025-06-03 10:09:27,683 [Worker-106: Building] INFO  o.a.m.s.f.DefaultMavenResourcesFiltering - Copying 0 resource from src\main\resources to target\classes
2025-06-03 10:09:27,704 [Worker-106: Building] INFO  o.a.m.s.f.DefaultMavenResourcesFiltering - skip non existing resourceDirectory C:\Users\antma\Desktop\curso_carpeta\semana3_Spring Boot y Angular\WorkSpace\PadreHijo\src\test\resources
2025-06-03 10:09:29,367 [Worker-93: Building] INFO  o.a.m.s.f.DefaultMavenResourcesFiltering - Copying 1 resource from src\main\resources to target\classes
2025-06-03 10:09:29,399 [Worker-93: Building] INFO  o.a.m.s.f.DefaultMavenResourcesFiltering - Copying 0 resource from src\main\resources to target\classes
2025-06-03 10:09:29,406 [Worker-93: Building] INFO  o.a.m.s.f.DefaultMavenResourcesFiltering - skip non existing resourceDirectory C:\Users\antma\Desktop\curso_carpeta\semana3_Spring Boot y Angular\WorkSpace\PadreHijo\src\test\resources
2025-06-03 10:09:29,953 [Worker-93: Building] INFO  o.a.m.s.f.DefaultMavenResourcesFiltering - Copying 1 resource from src\main\resources to target\classes
2025-06-03 10:09:29,958 [Worker-93: Building] INFO  o.a.m.s.f.DefaultMavenResourcesFiltering - Copying 0 resource from src\main\resources to target\classes
2025-06-03 10:09:29,970 [Worker-93: Building] INFO  o.a.m.s.f.DefaultMavenResourcesFiltering - skip non existing resourceDirectory C:\Users\antma\Desktop\curso_carpeta\semana3_Spring Boot y Angular\WorkSpace\Vehiculo\src\test\resources
2025-06-03 10:09:59,883 [Worker-104: Building] INFO  o.a.m.s.f.DefaultMavenResourcesFiltering - Copying 1 resource from src\main\resources to target\classes
2025-06-03 10:09:59,963 [Worker-104: Building] INFO  o.a.m.s.f.DefaultMavenResourcesFiltering - Copying 0 resource from src\main\resources to target\classes
2025-06-03 10:09:59,969 [Worker-104: Building] INFO  o.a.m.s.f.DefaultMavenResourcesFiltering - skip non existing resourceDirectory C:\Users\antma\Desktop\curso_carpeta\semana3_Spring Boot y Angular\WorkSpace\PadreHijo\src\test\resources
2025-06-03 10:10:07,032 [Worker-92: Building] INFO  o.a.m.s.f.DefaultMavenResourcesFiltering - Copying 1 resource from src\main\resources to target\classes
2025-06-03 10:10:07,087 [Worker-92: Building] INFO  o.a.m.s.f.DefaultMavenResourcesFiltering - Copying 0 resource from src\main\resources to target\classes
2025-06-03 10:10:07,090 [Worker-92: Building] INFO  o.a.m.s.f.DefaultMavenResourcesFiltering - skip non existing resourceDirectory C:\Users\antma\Desktop\curso_carpeta\semana3_Spring Boot y Angular\WorkSpace\PadreHijo\src\test\resources
2025-06-03 10:10:18,837 [Worker-111: Building] INFO  o.a.m.s.f.DefaultMavenResourcesFiltering - Copying 1 resource from src\main\resources to target\classes
2025-06-03 10:10:18,867 [Worker-111: Building] INFO  o.a.m.s.f.DefaultMavenResourcesFiltering - Copying 0 resource from src\main\resources to target\classes
2025-06-03 10:10:18,872 [Worker-111: Building] INFO  o.a.m.s.f.DefaultMavenResourcesFiltering - skip non existing resourceDirectory C:\Users\antma\Desktop\curso_carpeta\semana3_Spring Boot y Angular\WorkSpace\PadreHijo\src\test\resources
2025-06-03 10:11:13,898 [Worker-103: Building] INFO  o.e.m.c.i.l.LifecycleMappingFactory - Using org.eclipse.m2e.jdt.JarLifecycleMapping lifecycle mapping for MavenProject: com.mx.PadreHijo:PadreHijo:0.0.1-SNAPSHOT @ C:\Users\antma\Desktop\curso_carpeta\semana3_Spring Boot y Angular\WorkSpace\PadreHijo\pom.xml.
2025-06-03 10:11:17,001 [Worker-103: Building] INFO  o.e.m.c.i.l.LifecycleMappingFactory - Using org.eclipse.m2e.jdt.JarLifecycleMapping lifecycle mapping for MavenProject: com.example.Vehiculo:Vehiculo:0.0.1-SNAPSHOT @ C:\Users\antma\Desktop\curso_carpeta\semana3_Spring Boot y Angular\WorkSpace\Vehiculo\pom.xml.
2025-06-03 10:11:17,395 [Worker-103: Building] INFO  o.e.m.c.i.p.WorkspaceClassifierResolverManager - Resolving P/PadreHijo: com.mx.PadreHijo:PadreHijo:0.0.1-SNAPSHOT with classifier  to /PadreHijo/target/classes
2025-06-03 10:11:19,242 [Worker-103: Building] INFO  o.a.m.s.f.DefaultMavenResourcesFiltering - Copying 0 resource from src\main\resources to target\classes
2025-06-03 10:11:19,244 [Worker-103: Building] INFO  o.a.m.s.f.DefaultMavenResourcesFiltering - Copying 0 resource from src\main\resources to target\classes
2025-06-03 10:11:19,280 [Worker-103: Building] INFO  o.a.m.s.f.DefaultMavenResourcesFiltering - skip non existing resourceDirectory C:\Users\antma\Desktop\curso_carpeta\semana3_Spring Boot y Angular\WorkSpace\PadreHijo\src\test\resources
2025-06-03 11:07:31,556 [Worker-104: Building] INFO  o.a.m.s.f.DefaultMavenResourcesFiltering - Copying 1 resource from src\main\resources to target\classes
2025-06-03 11:07:31,718 [Worker-104: Building] INFO  o.a.m.s.f.DefaultMavenResourcesFiltering - Copying 0 resource from src\main\resources to target\classes
2025-06-03 11:07:31,726 [Worker-104: Building] INFO  o.a.m.s.f.DefaultMavenResourcesFiltering - skip non existing resourceDirectory C:\Users\antma\Desktop\curso_carpeta\semana3_Spring Boot y Angular\WorkSpace\PadreHijo\src\test\resources
2025-06-03 11:18:30,427 [Worker-113: Building] INFO  o.a.m.s.f.DefaultMavenResourcesFiltering - Copying 1 resource from src\main\resources to target\classes
2025-06-03 11:18:30,535 [Worker-113: Building] INFO  o.a.m.s.f.DefaultMavenResourcesFiltering - Copying 0 resource from src\main\resources to target\classes
2025-06-03 11:18:30,541 [Worker-113: Building] INFO  o.a.m.s.f.DefaultMavenResourcesFiltering - skip non existing resourceDirectory C:\Users\antma\Desktop\curso_carpeta\semana3_Spring Boot y Angular\WorkSpace\PadreHijo\src\test\resources
2025-06-03 11:25:39,220 [Worker-117: Building] INFO  o.a.m.s.f.DefaultMavenResourcesFiltering - Copying 1 resource from src\main\resources to target\classes
2025-06-03 11:25:39,340 [Worker-117: Building] INFO  o.a.m.s.f.DefaultMavenResourcesFiltering - Copying 0 resource from src\main\resources to target\classes
2025-06-03 11:25:39,344 [Worker-117: Building] INFO  o.a.m.s.f.DefaultMavenResourcesFiltering - skip non existing resourceDirectory C:\Users\antma\Desktop\curso_carpeta\semana3_Spring Boot y Angular\WorkSpace\PadreHijo\src\test\resources
2025-06-03 11:26:05,366 [Worker-119: Building] INFO  o.a.m.s.f.DefaultMavenResourcesFiltering - Copying 1 resource from src\main\resources to target\classes
2025-06-03 11:26:05,438 [Worker-119: Building] INFO  o.a.m.s.f.DefaultMavenResourcesFiltering - Copying 0 resource from src\main\resources to target\classes
2025-06-03 11:26:05,441 [Worker-119: Building] INFO  o.a.m.s.f.DefaultMavenResourcesFiltering - skip non existing resourceDirectory C:\Users\antma\Desktop\curso_carpeta\semana3_Spring Boot y Angular\WorkSpace\PadreHijo\src\test\resources
2025-06-03 11:30:32,284 [Worker-100: Building] INFO  o.a.m.s.f.DefaultMavenResourcesFiltering - Copying 1 resource from src\main\resources to target\classes
2025-06-03 11:30:32,296 [Worker-100: Building] INFO  o.a.m.s.f.DefaultMavenResourcesFiltering - Copying 0 resource from src\main\resources to target\classes
2025-06-03 11:30:32,307 [Worker-100: Building] INFO  o.a.m.s.f.DefaultMavenResourcesFiltering - skip non existing resourceDirectory C:\Users\antma\Desktop\curso_carpeta\semana3_Spring Boot y Angular\WorkSpace\PadreHijo\src\test\resources
2025-06-03 11:31:05,981 [Worker-112: Building] INFO  o.a.m.s.f.DefaultMavenResourcesFiltering - Copying 1 resource from src\main\resources to target\classes
2025-06-03 11:31:06,011 [Worker-112: Building] INFO  o.a.m.s.f.DefaultMavenResourcesFiltering - Copying 0 resource from src\main\resources to target\classes
2025-06-03 11:31:06,015 [Worker-112: Building] INFO  o.a.m.s.f.DefaultMavenResourcesFiltering - skip non existing resourceDirectory C:\Users\antma\Desktop\curso_carpeta\semana3_Spring Boot y Angular\WorkSpace\PadreHijo\src\test\resources
2025-06-03 11:35:31,390 [Worker-113: Building] INFO  o.a.m.s.f.DefaultMavenResourcesFiltering - Copying 1 resource from src\main\resources to target\classes
2025-06-03 11:35:31,626 [Worker-113: Building] INFO  o.a.m.s.f.DefaultMavenResourcesFiltering - Copying 0 resource from src\main\resources to target\classes
2025-06-03 11:35:31,634 [Worker-113: Building] INFO  o.a.m.s.f.DefaultMavenResourcesFiltering - skip non existing resourceDirectory C:\Users\antma\Desktop\curso_carpeta\semana3_Spring Boot y Angular\WorkSpace\PadreHijo\src\test\resources
2025-06-03 11:43:40,450 [Worker-120: Building] INFO  o.a.m.s.f.DefaultMavenResourcesFiltering - Copying 1 resource from src\main\resources to target\classes
2025-06-03 11:43:40,497 [Worker-120: Building] INFO  o.a.m.s.f.DefaultMavenResourcesFiltering - Copying 0 resource from src\main\resources to target\classes
2025-06-03 11:43:40,500 [Worker-120: Building] INFO  o.a.m.s.f.DefaultMavenResourcesFiltering - skip non existing resourceDirectory C:\Users\antma\Desktop\curso_carpeta\semana3_Spring Boot y Angular\WorkSpace\PadreHijo\src\test\resources
2025-06-03 11:44:08,363 [Worker-109: Building] INFO  o.a.m.s.f.DefaultMavenResourcesFiltering - Copying 1 resource from src\main\resources to target\classes
2025-06-03 11:44:08,417 [Worker-109: Building] INFO  o.a.m.s.f.DefaultMavenResourcesFiltering - Copying 0 resource from src\main\resources to target\classes
2025-06-03 11:44:08,421 [Worker-109: Building] INFO  o.a.m.s.f.DefaultMavenResourcesFiltering - skip non existing resourceDirectory C:\Users\antma\Desktop\curso_carpeta\semana3_Spring Boot y Angular\WorkSpace\PadreHijo\src\test\resources
2025-06-03 11:59:35,473 [Worker-112: Building] INFO  o.a.m.s.f.DefaultMavenResourcesFiltering - Copying 1 resource from src\main\resources to target\classes
2025-06-03 11:59:35,558 [Worker-112: Building] INFO  o.a.m.s.f.DefaultMavenResourcesFiltering - Copying 0 resource from src\main\resources to target\classes
2025-06-03 11:59:35,561 [Worker-112: Building] INFO  o.a.m.s.f.DefaultMavenResourcesFiltering - skip non existing resourceDirectory C:\Users\antma\Desktop\curso_carpeta\semana3_Spring Boot y Angular\WorkSpace\PadreHijo\src\test\resources
2025-06-03 12:08:45,257 [Worker-116: Building] INFO  o.a.m.s.f.DefaultMavenResourcesFiltering - Copying 1 resource from src\main\resources to target\classes
2025-06-03 12:08:45,322 [Worker-116: Building] INFO  o.a.m.s.f.DefaultMavenResourcesFiltering - Copying 0 resource from src\main\resources to target\classes
2025-06-03 12:08:45,343 [Worker-116: Building] INFO  o.a.m.s.f.DefaultMavenResourcesFiltering - skip non existing resourceDirectory C:\Users\antma\Desktop\curso_carpeta\semana3_Spring Boot y Angular\WorkSpace\PadreHijo\src\test\resources
2025-06-03 12:09:20,458 [Worker-96: Building] INFO  o.a.m.s.f.DefaultMavenResourcesFiltering - Copying 1 resource from src\main\resources to target\classes
2025-06-03 12:09:20,472 [Worker-96: Building] INFO  o.a.m.s.f.DefaultMavenResourcesFiltering - Copying 0 resource from src\main\resources to target\classes
2025-06-03 12:09:20,474 [Worker-96: Building] INFO  o.a.m.s.f.DefaultMavenResourcesFiltering - skip non existing resourceDirectory C:\Users\antma\Desktop\curso_carpeta\semana3_Spring Boot y Angular\WorkSpace\PadreHijo\src\test\resources
2025-06-03 12:09:32,031 [Worker-124: Building] INFO  o.a.m.s.f.DefaultMavenResourcesFiltering - Copying 1 resource from src\main\resources to target\classes
2025-06-03 12:09:32,346 [Worker-124: Building] INFO  o.a.m.s.f.DefaultMavenResourcesFiltering - Copying 0 resource from src\main\resources to target\classes
2025-06-03 12:09:32,360 [Worker-124: Building] INFO  o.a.m.s.f.DefaultMavenResourcesFiltering - skip non existing resourceDirectory C:\Users\antma\Desktop\curso_carpeta\semana3_Spring Boot y Angular\WorkSpace\PadreHijo\src\test\resources
2025-06-03 12:09:44,818 [Worker-120: Building] INFO  o.a.m.s.f.DefaultMavenResourcesFiltering - Copying 1 resource from src\main\resources to target\classes
2025-06-03 12:09:44,900 [Worker-120: Building] INFO  o.a.m.s.f.DefaultMavenResourcesFiltering - Copying 0 resource from src\main\resources to target\classes
2025-06-03 12:09:44,909 [Worker-120: Building] INFO  o.a.m.s.f.DefaultMavenResourcesFiltering - skip non existing resourceDirectory C:\Users\antma\Desktop\curso_carpeta\semana3_Spring Boot y Angular\WorkSpace\PadreHijo\src\test\resources
2025-06-03 12:10:24,246 [Worker-115: Building] INFO  o.a.m.s.f.DefaultMavenResourcesFiltering - Copying 1 resource from src\main\resources to target\classes
2025-06-03 12:10:24,294 [Worker-115: Building] INFO  o.a.m.s.f.DefaultMavenResourcesFiltering - Copying 0 resource from src\main\resources to target\classes
2025-06-03 12:10:24,298 [Worker-115: Building] INFO  o.a.m.s.f.DefaultMavenResourcesFiltering - skip non existing resourceDirectory C:\Users\antma\Desktop\curso_carpeta\semana3_Spring Boot y Angular\WorkSpace\PadreHijo\src\test\resources
2025-06-03 12:11:36,872 [Worker-116: Building] INFO  o.a.m.s.f.DefaultMavenResourcesFiltering - Copying 1 resource from src\main\resources to target\classes
2025-06-03 12:11:36,884 [Worker-116: Building] INFO  o.a.m.s.f.DefaultMavenResourcesFiltering - Copying 0 resource from src\main\resources to target\classes
2025-06-03 12:11:36,889 [Worker-116: Building] INFO  o.a.m.s.f.DefaultMavenResourcesFiltering - skip non existing resourceDirectory C:\Users\antma\Desktop\curso_carpeta\semana3_Spring Boot y Angular\WorkSpace\PadreHijo\src\test\resources
2025-06-03 12:11:58,064 [Worker-96: Building] INFO  o.a.m.s.f.DefaultMavenResourcesFiltering - Copying 1 resource from src\main\resources to target\classes
2025-06-03 12:11:58,078 [Worker-96: Building] INFO  o.a.m.s.f.DefaultMavenResourcesFiltering - Copying 0 resource from src\main\resources to target\classes
2025-06-03 12:11:58,084 [Worker-96: Building] INFO  o.a.m.s.f.DefaultMavenResourcesFiltering - skip non existing resourceDirectory C:\Users\antma\Desktop\curso_carpeta\semana3_Spring Boot y Angular\WorkSpace\PadreHijo\src\test\resources
2025-06-03 12:31:35,095 [Worker-96: Import Getting Started Content] INFO  o.e.m.c.i.l.LifecycleMappingFactory - Using org.eclipse.m2e.jdt.JarLifecycleMapping lifecycle mapping for MavenProject: com.mx.EmpresaTrabajador:EmpresaTrabajador:0.0.1-SNAPSHOT @ C:\Users\antma\Desktop\curso_carpeta\semana3_Spring Boot y Angular\WorkSpace\EmpresaTrabajador\pom.xml.
2025-06-03 12:31:42,247 [Worker-96: Import Getting Started Content] INFO  o.e.m.j.i.AbstractJavaProjectConfigurator - Adding source folder /EmpresaTrabajador/src/main/java
2025-06-03 12:31:42,249 [Worker-96: Import Getting Started Content] INFO  o.e.m.j.i.AbstractJavaProjectConfigurator - Adding resource folder /EmpresaTrabajador/src/main/resources
2025-06-03 12:31:42,258 [Worker-96: Import Getting Started Content] INFO  o.e.m.j.i.AbstractJavaProjectConfigurator - Adding resource folder /EmpresaTrabajador/src/main/resources
2025-06-03 12:31:42,275 [Worker-96: Import Getting Started Content] INFO  o.e.m.j.i.AbstractJavaProjectConfigurator - Adding source folder /EmpresaTrabajador/src/test/java
2025-06-03 12:31:42,277 [Worker-96: Import Getting Started Content] INFO  o.e.m.j.i.AbstractJavaProjectConfigurator - Adding resource folder /EmpresaTrabajador/src/test/resources
2025-06-03 12:31:44,893 [Worker-96: Import Getting Started Content] INFO  o.e.m.c.i.p.ProjectConfigurationManager - Imported and configured 1 project(s) in 16 sec
2025-06-03 12:31:44,904 [Worker-96: Import Getting Started Content] INFO  o.e.m.c.i.p.ProjectConfigurationManager - Update started
2025-06-03 12:31:47,985 [Worker-96: Import Getting Started Content] INFO  o.e.m.c.i.l.LifecycleMappingFactory - Using org.eclipse.m2e.jdt.JarLifecycleMapping lifecycle mapping for MavenProject: com.mx.EmpresaTrabajador:EmpresaTrabajador:0.0.1-SNAPSHOT @ C:\Users\antma\Desktop\curso_carpeta\semana3_Spring Boot y Angular\WorkSpace\EmpresaTrabajador\pom.xml.
2025-06-03 12:31:54,705 [Worker-96: Import Getting Started Content] INFO  o.e.m.j.i.AbstractJavaProjectConfigurator - Adding source folder /EmpresaTrabajador/src/main/java
2025-06-03 12:31:54,707 [Worker-96: Import Getting Started Content] INFO  o.e.m.j.i.AbstractJavaProjectConfigurator - Adding resource folder /EmpresaTrabajador/src/main/resources
2025-06-03 12:31:54,709 [Worker-96: Import Getting Started Content] INFO  o.e.m.j.i.AbstractJavaProjectConfigurator - Adding resource folder /EmpresaTrabajador/src/main/resources
2025-06-03 12:31:54,713 [Worker-96: Import Getting Started Content] INFO  o.e.m.j.i.AbstractJavaProjectConfigurator - Adding source folder /EmpresaTrabajador/src/test/java
2025-06-03 12:31:54,720 [Worker-96: Import Getting Started Content] INFO  o.e.m.j.i.AbstractJavaProjectConfigurator - Adding resource folder /EmpresaTrabajador/src/test/resources
2025-06-03 12:31:56,482 [Worker-96: Import Getting Started Content] INFO  o.e.m.c.i.p.ProjectConfigurationManager - Update completed for 1 poms: local refresh takes 0.00 sec, refresh facades takes 8.00 sec, update config takes 3.00 sec 
2025-06-03 12:31:58,798 [Worker-122: Building] INFO  o.a.m.s.f.DefaultMavenResourcesFiltering - Copying 1 resource from src\main\resources to target\classes
2025-06-03 12:31:58,840 [Worker-122: Building] INFO  o.a.m.s.f.DefaultMavenResourcesFiltering - Copying 0 resource from src\main\resources to target\classes
2025-06-03 12:31:58,845 [Worker-122: Building] INFO  o.a.m.s.f.DefaultMavenResourcesFiltering - skip non existing resourceDirectory C:\Users\antma\Desktop\curso_carpeta\semana3_Spring Boot y Angular\WorkSpace\EmpresaTrabajador\src\test\resources
2025-06-03 12:34:13,159 [Worker-125: Building] INFO  o.a.m.s.f.DefaultMavenResourcesFiltering - Copying 1 resource from src\main\resources to target\classes
2025-06-03 12:34:13,234 [Worker-125: Building] INFO  o.a.m.s.f.DefaultMavenResourcesFiltering - Copying 0 resource from src\main\resources to target\classes
2025-06-03 12:34:13,237 [Worker-125: Building] INFO  o.a.m.s.f.DefaultMavenResourcesFiltering - skip non existing resourceDirectory C:\Users\antma\Desktop\curso_carpeta\semana3_Spring Boot y Angular\WorkSpace\EmpresaTrabajador\src\test\resources
2025-06-03 12:36:29,744 [Worker-114: Building] INFO  o.a.m.s.f.DefaultMavenResourcesFiltering - Copying 1 resource from src\main\resources to target\classes
2025-06-03 12:36:29,878 [Worker-114: Building] INFO  o.a.m.s.f.DefaultMavenResourcesFiltering - Copying 0 resource from src\main\resources to target\classes
2025-06-03 12:36:29,882 [Worker-114: Building] INFO  o.a.m.s.f.DefaultMavenResourcesFiltering - skip non existing resourceDirectory C:\Users\antma\Desktop\curso_carpeta\semana3_Spring Boot y Angular\WorkSpace\EmpresaTrabajador\src\test\resources
2025-06-03 12:38:20,551 [Worker-112: Building] INFO  o.a.m.s.f.DefaultMavenResourcesFiltering - Copying 1 resource from src\main\resources to target\classes
2025-06-03 12:38:20,581 [Worker-112: Building] INFO  o.a.m.s.f.DefaultMavenResourcesFiltering - Copying 0 resource from src\main\resources to target\classes
2025-06-03 12:38:20,591 [Worker-112: Building] INFO  o.a.m.s.f.DefaultMavenResourcesFiltering - skip non existing resourceDirectory C:\Users\antma\Desktop\curso_carpeta\semana3_Spring Boot y Angular\WorkSpace\EmpresaTrabajador\src\test\resources
2025-06-03 12:40:48,092 [Worker-113: Building] INFO  o.a.m.s.f.DefaultMavenResourcesFiltering - Copying 1 resource from src\main\resources to target\classes
2025-06-03 12:40:48,124 [Worker-113: Building] INFO  o.a.m.s.f.DefaultMavenResourcesFiltering - Copying 0 resource from src\main\resources to target\classes
2025-06-03 12:40:48,129 [Worker-113: Building] INFO  o.a.m.s.f.DefaultMavenResourcesFiltering - skip non existing resourceDirectory C:\Users\antma\Desktop\curso_carpeta\semana3_Spring Boot y Angular\WorkSpace\EmpresaTrabajador\src\test\resources
2025-06-03 12:43:56,941 [Worker-100: Building] INFO  o.a.m.s.f.DefaultMavenResourcesFiltering - Copying 1 resource from src\main\resources to target\classes
2025-06-03 12:43:56,982 [Worker-100: Building] INFO  o.a.m.s.f.DefaultMavenResourcesFiltering - Copying 0 resource from src\main\resources to target\classes
2025-06-03 12:43:56,986 [Worker-100: Building] INFO  o.a.m.s.f.DefaultMavenResourcesFiltering - skip non existing resourceDirectory C:\Users\antma\Desktop\curso_carpeta\semana3_Spring Boot y Angular\WorkSpace\EmpresaTrabajador\src\test\resources
2025-06-03 12:45:15,470 [Worker-130: Building] INFO  o.a.m.s.f.DefaultMavenResourcesFiltering - Copying 1 resource from src\main\resources to target\classes
2025-06-03 12:45:15,519 [Worker-130: Building] INFO  o.a.m.s.f.DefaultMavenResourcesFiltering - Copying 0 resource from src\main\resources to target\classes
2025-06-03 12:45:15,523 [Worker-130: Building] INFO  o.a.m.s.f.DefaultMavenResourcesFiltering - skip non existing resourceDirectory C:\Users\antma\Desktop\curso_carpeta\semana3_Spring Boot y Angular\WorkSpace\EmpresaTrabajador\src\test\resources
2025-06-03 12:46:04,803 [Worker-119: Building] INFO  o.a.m.s.f.DefaultMavenResourcesFiltering - Copying 1 resource from src\main\resources to target\classes
2025-06-03 12:46:04,871 [Worker-119: Building] INFO  o.a.m.s.f.DefaultMavenResourcesFiltering - Copying 0 resource from src\main\resources to target\classes
2025-06-03 12:46:04,874 [Worker-119: Building] INFO  o.a.m.s.f.DefaultMavenResourcesFiltering - skip non existing resourceDirectory C:\Users\antma\Desktop\curso_carpeta\semana3_Spring Boot y Angular\WorkSpace\EmpresaTrabajador\src\test\resources
2025-06-03 12:47:38,762 [Worker-100: Building] INFO  o.a.m.s.f.DefaultMavenResourcesFiltering - Copying 1 resource from src\main\resources to target\classes
2025-06-03 12:47:38,921 [Worker-100: Building] INFO  o.a.m.s.f.DefaultMavenResourcesFiltering - Copying 0 resource from src\main\resources to target\classes
2025-06-03 12:47:38,924 [Worker-100: Building] INFO  o.a.m.s.f.DefaultMavenResourcesFiltering - skip non existing resourceDirectory C:\Users\antma\Desktop\curso_carpeta\semana3_Spring Boot y Angular\WorkSpace\EmpresaTrabajador\src\test\resources
2025-06-03 12:49:38,277 [Worker-129: Building] INFO  o.a.m.s.f.DefaultMavenResourcesFiltering - Copying 1 resource from src\main\resources to target\classes
2025-06-03 12:49:38,314 [Worker-129: Building] INFO  o.a.m.s.f.DefaultMavenResourcesFiltering - Copying 0 resource from src\main\resources to target\classes
2025-06-03 12:49:38,317 [Worker-129: Building] INFO  o.a.m.s.f.DefaultMavenResourcesFiltering - skip non existing resourceDirectory C:\Users\antma\Desktop\curso_carpeta\semana3_Spring Boot y Angular\WorkSpace\EmpresaTrabajador\src\test\resources
2025-06-03 12:50:20,126 [Worker-127: Building] INFO  o.a.m.s.f.DefaultMavenResourcesFiltering - Copying 1 resource from src\main\resources to target\classes
2025-06-03 12:50:20,236 [Worker-127: Building] INFO  o.a.m.s.f.DefaultMavenResourcesFiltering - Copying 0 resource from src\main\resources to target\classes
2025-06-03 12:50:20,240 [Worker-127: Building] INFO  o.a.m.s.f.DefaultMavenResourcesFiltering - skip non existing resourceDirectory C:\Users\antma\Desktop\curso_carpeta\semana3_Spring Boot y Angular\WorkSpace\EmpresaTrabajador\src\test\resources
2025-06-03 12:52:25,167 [Worker-124: Building] INFO  o.a.m.s.f.DefaultMavenResourcesFiltering - Copying 1 resource from src\main\resources to target\classes
2025-06-03 12:52:25,204 [Worker-124: Building] INFO  o.a.m.s.f.DefaultMavenResourcesFiltering - Copying 0 resource from src\main\resources to target\classes
2025-06-03 12:52:25,220 [Worker-124: Building] INFO  o.a.m.s.f.DefaultMavenResourcesFiltering - skip non existing resourceDirectory C:\Users\antma\Desktop\curso_carpeta\semana3_Spring Boot y Angular\WorkSpace\EmpresaTrabajador\src\test\resources
2025-06-03 12:52:53,365 [Worker-119: Building] INFO  o.a.m.s.f.DefaultMavenResourcesFiltering - Copying 1 resource from src\main\resources to target\classes
2025-06-03 12:52:53,466 [Worker-119: Building] INFO  o.a.m.s.f.DefaultMavenResourcesFiltering - Copying 0 resource from src\main\resources to target\classes
2025-06-03 12:52:53,476 [Worker-119: Building] INFO  o.a.m.s.f.DefaultMavenResourcesFiltering - skip non existing resourceDirectory C:\Users\antma\Desktop\curso_carpeta\semana3_Spring Boot y Angular\WorkSpace\EmpresaTrabajador\src\test\resources
2025-06-03 12:54:01,612 [Worker-115: Building] INFO  o.a.m.s.f.DefaultMavenResourcesFiltering - Copying 1 resource from src\main\resources to target\classes
2025-06-03 12:54:01,638 [Worker-115: Building] INFO  o.a.m.s.f.DefaultMavenResourcesFiltering - Copying 0 resource from src\main\resources to target\classes
2025-06-03 12:54:01,641 [Worker-115: Building] INFO  o.a.m.s.f.DefaultMavenResourcesFiltering - skip non existing resourceDirectory C:\Users\antma\Desktop\curso_carpeta\semana3_Spring Boot y Angular\WorkSpace\EmpresaTrabajador\src\test\resources
2025-06-03 12:55:07,559 [Worker-127: Building] INFO  o.a.m.s.f.DefaultMavenResourcesFiltering - Copying 1 resource from src\main\resources to target\classes
2025-06-03 12:55:07,585 [Worker-127: Building] INFO  o.a.m.s.f.DefaultMavenResourcesFiltering - Copying 0 resource from src\main\resources to target\classes
2025-06-03 12:55:07,589 [Worker-127: Building] INFO  o.a.m.s.f.DefaultMavenResourcesFiltering - skip non existing resourceDirectory C:\Users\antma\Desktop\curso_carpeta\semana3_Spring Boot y Angular\WorkSpace\EmpresaTrabajador\src\test\resources
2025-06-03 12:55:41,890 [Worker-116: Building] INFO  o.a.m.s.f.DefaultMavenResourcesFiltering - Copying 1 resource from src\main\resources to target\classes
2025-06-03 12:55:41,930 [Worker-116: Building] INFO  o.a.m.s.f.DefaultMavenResourcesFiltering - Copying 0 resource from src\main\resources to target\classes
2025-06-03 12:55:41,935 [Worker-116: Building] INFO  o.a.m.s.f.DefaultMavenResourcesFiltering - skip non existing resourceDirectory C:\Users\antma\Desktop\curso_carpeta\semana3_Spring Boot y Angular\WorkSpace\EmpresaTrabajador\src\test\resources
2025-06-03 12:56:43,568 [Worker-96: Building] INFO  o.a.m.s.f.DefaultMavenResourcesFiltering - Copying 1 resource from src\main\resources to target\classes
2025-06-03 12:56:43,577 [Worker-96: Building] INFO  o.a.m.s.f.DefaultMavenResourcesFiltering - Copying 0 resource from src\main\resources to target\classes
2025-06-03 12:56:43,579 [Worker-96: Building] INFO  o.a.m.s.f.DefaultMavenResourcesFiltering - skip non existing resourceDirectory C:\Users\antma\Desktop\curso_carpeta\semana3_Spring Boot y Angular\WorkSpace\EmpresaTrabajador\src\test\resources
2025-06-03 12:57:17,236 [Worker-123: Building] INFO  o.a.m.s.f.DefaultMavenResourcesFiltering - Copying 1 resource from src\main\resources to target\classes
2025-06-03 12:57:17,278 [Worker-123: Building] INFO  o.a.m.s.f.DefaultMavenResourcesFiltering - Copying 0 resource from src\main\resources to target\classes
2025-06-03 12:57:17,281 [Worker-123: Building] INFO  o.a.m.s.f.DefaultMavenResourcesFiltering - skip non existing resourceDirectory C:\Users\antma\Desktop\curso_carpeta\semana3_Spring Boot y Angular\WorkSpace\EmpresaTrabajador\src\test\resources
2025-06-03 12:58:18,166 [Worker-104: Building] INFO  o.a.m.s.f.DefaultMavenResourcesFiltering - Copying 1 resource from src\main\resources to target\classes
2025-06-03 12:58:18,178 [Worker-104: Building] INFO  o.a.m.s.f.DefaultMavenResourcesFiltering - Copying 0 resource from src\main\resources to target\classes
2025-06-03 12:58:18,181 [Worker-104: Building] INFO  o.a.m.s.f.DefaultMavenResourcesFiltering - skip non existing resourceDirectory C:\Users\antma\Desktop\curso_carpeta\semana3_Spring Boot y Angular\WorkSpace\EmpresaTrabajador\src\test\resources
2025-06-03 12:59:47,226 [Worker-113: Building] INFO  o.a.m.s.f.DefaultMavenResourcesFiltering - Copying 1 resource from src\main\resources to target\classes
2025-06-03 12:59:47,236 [Worker-113: Building] INFO  o.a.m.s.f.DefaultMavenResourcesFiltering - Copying 0 resource from src\main\resources to target\classes
2025-06-03 12:59:47,239 [Worker-113: Building] INFO  o.a.m.s.f.DefaultMavenResourcesFiltering - skip non existing resourceDirectory C:\Users\antma\Desktop\curso_carpeta\semana3_Spring Boot y Angular\WorkSpace\EmpresaTrabajador\src\test\resources
2025-06-03 13:00:55,085 [Worker-119: Building] INFO  o.a.m.s.f.DefaultMavenResourcesFiltering - Copying 1 resource from src\main\resources to target\classes
2025-06-03 13:00:55,104 [Worker-119: Building] INFO  o.a.m.s.f.DefaultMavenResourcesFiltering - Copying 0 resource from src\main\resources to target\classes
2025-06-03 13:00:55,107 [Worker-119: Building] INFO  o.a.m.s.f.DefaultMavenResourcesFiltering - skip non existing resourceDirectory C:\Users\antma\Desktop\curso_carpeta\semana3_Spring Boot y Angular\WorkSpace\EmpresaTrabajador\src\test\resources
2025-06-03 13:01:35,554 [Worker-119: Building] INFO  o.a.m.s.f.DefaultMavenResourcesFiltering - Copying 1 resource from src\main\resources to target\classes
2025-06-03 13:01:35,565 [Worker-119: Building] INFO  o.a.m.s.f.DefaultMavenResourcesFiltering - Copying 0 resource from src\main\resources to target\classes
2025-06-03 13:01:35,567 [Worker-119: Building] INFO  o.a.m.s.f.DefaultMavenResourcesFiltering - skip non existing resourceDirectory C:\Users\antma\Desktop\curso_carpeta\semana3_Spring Boot y Angular\WorkSpace\EmpresaTrabajador\src\test\resources
2025-06-03 13:02:40,791 [Worker-126: Building] INFO  o.a.m.s.f.DefaultMavenResourcesFiltering - Copying 1 resource from src\main\resources to target\classes
2025-06-03 13:02:40,801 [Worker-126: Building] INFO  o.a.m.s.f.DefaultMavenResourcesFiltering - Copying 0 resource from src\main\resources to target\classes
2025-06-03 13:02:40,812 [Worker-126: Building] INFO  o.a.m.s.f.DefaultMavenResourcesFiltering - skip non existing resourceDirectory C:\Users\antma\Desktop\curso_carpeta\semana3_Spring Boot y Angular\WorkSpace\EmpresaTrabajador\src\test\resources
2025-06-03 13:02:48,484 [Worker-129: Building] INFO  o.a.m.s.f.DefaultMavenResourcesFiltering - Copying 1 resource from src\main\resources to target\classes
2025-06-03 13:02:48,496 [Worker-129: Building] INFO  o.a.m.s.f.DefaultMavenResourcesFiltering - Copying 0 resource from src\main\resources to target\classes
2025-06-03 13:02:48,499 [Worker-129: Building] INFO  o.a.m.s.f.DefaultMavenResourcesFiltering - skip non existing resourceDirectory C:\Users\antma\Desktop\curso_carpeta\semana3_Spring Boot y Angular\WorkSpace\EmpresaTrabajador\src\test\resources
2025-06-03 13:03:06,790 [Worker-116: Building] INFO  o.a.m.s.f.DefaultMavenResourcesFiltering - Copying 1 resource from src\main\resources to target\classes
2025-06-03 13:03:06,835 [Worker-116: Building] INFO  o.a.m.s.f.DefaultMavenResourcesFiltering - Copying 0 resource from src\main\resources to target\classes
2025-06-03 13:03:06,874 [Worker-116: Building] INFO  o.a.m.s.f.DefaultMavenResourcesFiltering - skip non existing resourceDirectory C:\Users\antma\Desktop\curso_carpeta\semana3_Spring Boot y Angular\WorkSpace\EmpresaTrabajador\src\test\resources
2025-06-03 13:06:21,690 [Worker-96: Building] INFO  o.a.m.s.f.DefaultMavenResourcesFiltering - Copying 1 resource from src\main\resources to target\classes
2025-06-03 13:06:21,830 [Worker-96: Building] INFO  o.a.m.s.f.DefaultMavenResourcesFiltering - Copying 0 resource from src\main\resources to target\classes
2025-06-03 13:06:21,834 [Worker-96: Building] INFO  o.a.m.s.f.DefaultMavenResourcesFiltering - skip non existing resourceDirectory C:\Users\antma\Desktop\curso_carpeta\semana3_Spring Boot y Angular\WorkSpace\EmpresaTrabajador\src\test\resources
2025-06-03 13:07:36,000 [Worker-122: Building] INFO  o.a.m.s.f.DefaultMavenResourcesFiltering - Copying 1 resource from src\main\resources to target\classes
2025-06-03 13:07:36,026 [Worker-122: Building] INFO  o.a.m.s.f.DefaultMavenResourcesFiltering - Copying 0 resource from src\main\resources to target\classes
2025-06-03 13:07:36,029 [Worker-122: Building] INFO  o.a.m.s.f.DefaultMavenResourcesFiltering - skip non existing resourceDirectory C:\Users\antma\Desktop\curso_carpeta\semana3_Spring Boot y Angular\WorkSpace\EmpresaTrabajador\src\test\resources
2025-06-03 13:07:45,185 [Worker-114: Building] INFO  o.a.m.s.f.DefaultMavenResourcesFiltering - Copying 1 resource from src\main\resources to target\classes
2025-06-03 13:07:45,200 [Worker-114: Building] INFO  o.a.m.s.f.DefaultMavenResourcesFiltering - Copying 0 resource from src\main\resources to target\classes
2025-06-03 13:07:45,230 [Worker-114: Building] INFO  o.a.m.s.f.DefaultMavenResourcesFiltering - skip non existing resourceDirectory C:\Users\antma\Desktop\curso_carpeta\semana3_Spring Boot y Angular\WorkSpace\EmpresaTrabajador\src\test\resources
2025-06-03 13:11:12,864 [Worker-114: Building] INFO  o.a.m.s.f.DefaultMavenResourcesFiltering - Copying 1 resource from src\main\resources to target\classes
2025-06-03 13:11:12,909 [Worker-114: Building] INFO  o.a.m.s.f.DefaultMavenResourcesFiltering - Copying 0 resource from src\main\resources to target\classes
2025-06-03 13:11:12,916 [Worker-114: Building] INFO  o.a.m.s.f.DefaultMavenResourcesFiltering - skip non existing resourceDirectory C:\Users\antma\Desktop\curso_carpeta\semana3_Spring Boot y Angular\WorkSpace\EmpresaTrabajador\src\test\resources
2025-06-03 13:11:35,446 [Worker-129: Building] INFO  o.a.m.s.f.DefaultMavenResourcesFiltering - Copying 1 resource from src\main\resources to target\classes
2025-06-03 13:11:35,455 [Worker-129: Building] INFO  o.a.m.s.f.DefaultMavenResourcesFiltering - Copying 0 resource from src\main\resources to target\classes
2025-06-03 13:11:35,461 [Worker-129: Building] INFO  o.a.m.s.f.DefaultMavenResourcesFiltering - skip non existing resourceDirectory C:\Users\antma\Desktop\curso_carpeta\semana3_Spring Boot y Angular\WorkSpace\EmpresaTrabajador\src\test\resources
2025-06-03 13:12:45,004 [Worker-115: Building] INFO  o.a.m.s.f.DefaultMavenResourcesFiltering - Copying 1 resource from src\main\resources to target\classes
2025-06-03 13:12:45,016 [Worker-115: Building] INFO  o.a.m.s.f.DefaultMavenResourcesFiltering - Copying 0 resource from src\main\resources to target\classes
2025-06-03 13:12:45,022 [Worker-115: Building] INFO  o.a.m.s.f.DefaultMavenResourcesFiltering - skip non existing resourceDirectory C:\Users\antma\Desktop\curso_carpeta\semana3_Spring Boot y Angular\WorkSpace\EmpresaTrabajador\src\test\resources
2025-06-03 13:13:17,621 [Worker-119: Building] INFO  o.a.m.s.f.DefaultMavenResourcesFiltering - Copying 1 resource from src\main\resources to target\classes
2025-06-03 13:13:17,630 [Worker-119: Building] INFO  o.a.m.s.f.DefaultMavenResourcesFiltering - Copying 0 resource from src\main\resources to target\classes
2025-06-03 13:13:17,637 [Worker-119: Building] INFO  o.a.m.s.f.DefaultMavenResourcesFiltering - skip non existing resourceDirectory C:\Users\antma\Desktop\curso_carpeta\semana3_Spring Boot y Angular\WorkSpace\EmpresaTrabajador\src\test\resources
2025-06-03 13:16:19,834 [Worker-96: Building] INFO  o.a.m.s.f.DefaultMavenResourcesFiltering - Copying 1 resource from src\main\resources to target\classes
2025-06-03 13:16:19,911 [Worker-96: Building] INFO  o.a.m.s.f.DefaultMavenResourcesFiltering - Copying 0 resource from src\main\resources to target\classes
2025-06-03 13:16:19,914 [Worker-96: Building] INFO  o.a.m.s.f.DefaultMavenResourcesFiltering - skip non existing resourceDirectory C:\Users\antma\Desktop\curso_carpeta\semana3_Spring Boot y Angular\WorkSpace\EmpresaTrabajador\src\test\resources
2025-06-03 13:18:48,123 [Worker-130: Building] INFO  o.a.m.s.f.DefaultMavenResourcesFiltering - Copying 1 resource from src\main\resources to target\classes
2025-06-03 13:18:48,132 [Worker-130: Building] INFO  o.a.m.s.f.DefaultMavenResourcesFiltering - Copying 0 resource from src\main\resources to target\classes
2025-06-03 13:18:48,136 [Worker-130: Building] INFO  o.a.m.s.f.DefaultMavenResourcesFiltering - skip non existing resourceDirectory C:\Users\antma\Desktop\curso_carpeta\semana3_Spring Boot y Angular\WorkSpace\EmpresaTrabajador\src\test\resources
2025-06-03 13:21:30,806 [Worker-131: Building] INFO  o.a.m.s.f.DefaultMavenResourcesFiltering - Copying 1 resource from src\main\resources to target\classes
2025-06-03 13:21:30,826 [Worker-131: Building] INFO  o.a.m.s.f.DefaultMavenResourcesFiltering - Copying 0 resource from src\main\resources to target\classes
2025-06-03 13:21:30,830 [Worker-131: Building] INFO  o.a.m.s.f.DefaultMavenResourcesFiltering - skip non existing resourceDirectory C:\Users\antma\Desktop\curso_carpeta\semana3_Spring Boot y Angular\WorkSpace\EmpresaTrabajador\src\test\resources
2025-06-03 13:22:45,279 [Worker-130: Building] INFO  o.a.m.s.f.DefaultMavenResourcesFiltering - Copying 1 resource from src\main\resources to target\classes
2025-06-03 13:22:45,435 [Worker-130: Building] INFO  o.a.m.s.f.DefaultMavenResourcesFiltering - Copying 0 resource from src\main\resources to target\classes
2025-06-03 13:22:45,439 [Worker-130: Building] INFO  o.a.m.s.f.DefaultMavenResourcesFiltering - skip non existing resourceDirectory C:\Users\antma\Desktop\curso_carpeta\semana3_Spring Boot y Angular\WorkSpace\EmpresaTrabajador\src\test\resources
2025-06-03 13:26:24,299 [Worker-122: Building] INFO  o.a.m.s.f.DefaultMavenResourcesFiltering - Copying 1 resource from src\main\resources to target\classes
2025-06-03 13:26:24,419 [Worker-122: Building] INFO  o.a.m.s.f.DefaultMavenResourcesFiltering - Copying 0 resource from src\main\resources to target\classes
2025-06-03 13:26:24,423 [Worker-122: Building] INFO  o.a.m.s.f.DefaultMavenResourcesFiltering - skip non existing resourceDirectory C:\Users\antma\Desktop\curso_carpeta\semana3_Spring Boot y Angular\WorkSpace\EmpresaTrabajador\src\test\resources
2025-06-03 13:31:59,855 [Worker-132: Building] INFO  o.a.m.s.f.DefaultMavenResourcesFiltering - Copying 1 resource from src\main\resources to target\classes
2025-06-03 13:31:59,955 [Worker-132: Building] INFO  o.a.m.s.f.DefaultMavenResourcesFiltering - Copying 0 resource from src\main\resources to target\classes
2025-06-03 13:31:59,963 [Worker-132: Building] INFO  o.a.m.s.f.DefaultMavenResourcesFiltering - skip non existing resourceDirectory C:\Users\antma\Desktop\curso_carpeta\semana3_Spring Boot y Angular\WorkSpace\EmpresaTrabajador\src\test\resources
2025-06-03 13:45:44,828 [Worker-104: Building] INFO  o.a.m.s.f.DefaultMavenResourcesFiltering - Copying 1 resource from src\main\resources to target\classes
2025-06-03 13:45:44,883 [Worker-104: Building] INFO  o.a.m.s.f.DefaultMavenResourcesFiltering - Copying 0 resource from src\main\resources to target\classes
2025-06-03 13:45:44,887 [Worker-104: Building] INFO  o.a.m.s.f.DefaultMavenResourcesFiltering - skip non existing resourceDirectory C:\Users\antma\Desktop\curso_carpeta\semana3_Spring Boot y Angular\WorkSpace\EmpresaTrabajador\src\test\resources
2025-06-03 13:45:59,594 [Worker-109: Building] INFO  o.a.m.s.f.DefaultMavenResourcesFiltering - Copying 1 resource from src\main\resources to target\classes
2025-06-03 13:45:59,607 [Worker-109: Building] INFO  o.a.m.s.f.DefaultMavenResourcesFiltering - Copying 0 resource from src\main\resources to target\classes
2025-06-03 13:45:59,610 [Worker-109: Building] INFO  o.a.m.s.f.DefaultMavenResourcesFiltering - skip non existing resourceDirectory C:\Users\antma\Desktop\curso_carpeta\semana3_Spring Boot y Angular\WorkSpace\EmpresaTrabajador\src\test\resources
2025-06-03 13:49:13,633 [Worker-100: Building] INFO  o.a.m.s.f.DefaultMavenResourcesFiltering - Copying 1 resource from src\main\resources to target\classes
2025-06-03 13:49:13,681 [Worker-100: Building] INFO  o.a.m.s.f.DefaultMavenResourcesFiltering - Copying 0 resource from src\main\resources to target\classes
2025-06-03 13:49:13,685 [Worker-100: Building] INFO  o.a.m.s.f.DefaultMavenResourcesFiltering - skip non existing resourceDirectory C:\Users\antma\Desktop\curso_carpeta\semana3_Spring Boot y Angular\WorkSpace\EmpresaTrabajador\src\test\resources
2025-06-03 13:50:29,651 [Worker-121: Building] INFO  o.a.m.s.f.DefaultMavenResourcesFiltering - Copying 1 resource from src\main\resources to target\classes
2025-06-03 13:50:29,768 [Worker-121: Building] INFO  o.a.m.s.f.DefaultMavenResourcesFiltering - Copying 0 resource from src\main\resources to target\classes
2025-06-03 13:50:29,779 [Worker-121: Building] INFO  o.a.m.s.f.DefaultMavenResourcesFiltering - skip non existing resourceDirectory C:\Users\antma\Desktop\curso_carpeta\semana3_Spring Boot y Angular\WorkSpace\PadreHijo\src\test\resources
2025-06-03 13:51:28,069 [Worker-126: Building] INFO  o.a.m.s.f.DefaultMavenResourcesFiltering - Copying 1 resource from src\main\resources to target\classes
2025-06-03 13:51:28,079 [Worker-126: Building] INFO  o.a.m.s.f.DefaultMavenResourcesFiltering - Copying 0 resource from src\main\resources to target\classes
2025-06-03 13:51:28,082 [Worker-126: Building] INFO  o.a.m.s.f.DefaultMavenResourcesFiltering - skip non existing resourceDirectory C:\Users\antma\Desktop\curso_carpeta\semana3_Spring Boot y Angular\WorkSpace\EmpresaTrabajador\src\test\resources
2025-06-03 13:54:04,063 [Worker-108: Building] INFO  o.a.m.s.f.DefaultMavenResourcesFiltering - Copying 1 resource from src\main\resources to target\classes
2025-06-03 13:54:04,100 [Worker-108: Building] INFO  o.a.m.s.f.DefaultMavenResourcesFiltering - Copying 0 resource from src\main\resources to target\classes
2025-06-03 13:54:04,105 [Worker-108: Building] INFO  o.a.m.s.f.DefaultMavenResourcesFiltering - skip non existing resourceDirectory C:\Users\antma\Desktop\curso_carpeta\semana3_Spring Boot y Angular\WorkSpace\EmpresaTrabajador\src\test\resources
2025-06-03 13:55:56,161 [Worker-116: Building] INFO  o.a.m.s.f.DefaultMavenResourcesFiltering - Copying 1 resource from src\main\resources to target\classes
2025-06-03 13:55:56,170 [Worker-116: Building] INFO  o.a.m.s.f.DefaultMavenResourcesFiltering - Copying 0 resource from src\main\resources to target\classes
2025-06-03 13:55:56,174 [Worker-116: Building] INFO  o.a.m.s.f.DefaultMavenResourcesFiltering - skip non existing resourceDirectory C:\Users\antma\Desktop\curso_carpeta\semana3_Spring Boot y Angular\WorkSpace\EmpresaTrabajador\src\test\resources
2025-06-03 13:56:03,373 [Worker-127: Building] INFO  o.a.m.s.f.DefaultMavenResourcesFiltering - Copying 1 resource from src\main\resources to target\classes
2025-06-03 13:56:03,395 [Worker-127: Building] INFO  o.a.m.s.f.DefaultMavenResourcesFiltering - Copying 0 resource from src\main\resources to target\classes
2025-06-03 13:56:03,397 [Worker-127: Building] INFO  o.a.m.s.f.DefaultMavenResourcesFiltering - skip non existing resourceDirectory C:\Users\antma\Desktop\curso_carpeta\semana3_Spring Boot y Angular\WorkSpace\EmpresaTrabajador\src\test\resources
2025-06-03 13:56:37,436 [Worker-100: Building] INFO  o.a.m.s.f.DefaultMavenResourcesFiltering - Copying 1 resource from src\main\resources to target\classes
2025-06-03 13:56:37,453 [Worker-100: Building] INFO  o.a.m.s.f.DefaultMavenResourcesFiltering - Copying 0 resource from src\main\resources to target\classes
2025-06-03 13:56:37,456 [Worker-100: Building] INFO  o.a.m.s.f.DefaultMavenResourcesFiltering - skip non existing resourceDirectory C:\Users\antma\Desktop\curso_carpeta\semana3_Spring Boot y Angular\WorkSpace\EmpresaTrabajador\src\test\resources
2025-06-03 13:58:18,002 [Worker-122: Building] INFO  o.a.m.s.f.DefaultMavenResourcesFiltering - Copying 1 resource from src\main\resources to target\classes
2025-06-03 13:58:18,011 [Worker-122: Building] INFO  o.a.m.s.f.DefaultMavenResourcesFiltering - Copying 0 resource from src\main\resources to target\classes
2025-06-03 13:58:18,014 [Worker-122: Building] INFO  o.a.m.s.f.DefaultMavenResourcesFiltering - skip non existing resourceDirectory C:\Users\antma\Desktop\curso_carpeta\semana3_Spring Boot y Angular\WorkSpace\EmpresaTrabajador\src\test\resources
2025-06-03 13:58:34,472 [Worker-133: Building] INFO  o.a.m.s.f.DefaultMavenResourcesFiltering - Copying 1 resource from src\main\resources to target\classes
2025-06-03 13:58:34,495 [Worker-133: Building] INFO  o.a.m.s.f.DefaultMavenResourcesFiltering - Copying 0 resource from src\main\resources to target\classes
2025-06-03 13:58:34,500 [Worker-133: Building] INFO  o.a.m.s.f.DefaultMavenResourcesFiltering - skip non existing resourceDirectory C:\Users\antma\Desktop\curso_carpeta\semana3_Spring Boot y Angular\WorkSpace\EmpresaTrabajador\src\test\resources
2025-06-03 13:58:42,220 [Worker-119: Building] INFO  o.a.m.s.f.DefaultMavenResourcesFiltering - Copying 1 resource from src\main\resources to target\classes
2025-06-03 13:58:42,233 [Worker-119: Building] INFO  o.a.m.s.f.DefaultMavenResourcesFiltering - Copying 0 resource from src\main\resources to target\classes
2025-06-03 13:58:42,235 [Worker-119: Building] INFO  o.a.m.s.f.DefaultMavenResourcesFiltering - skip non existing resourceDirectory C:\Users\antma\Desktop\curso_carpeta\semana3_Spring Boot y Angular\WorkSpace\EmpresaTrabajador\src\test\resources
2025-06-03 13:58:47,401 [Worker-122: Building] INFO  o.a.m.s.f.DefaultMavenResourcesFiltering - Copying 1 resource from src\main\resources to target\classes
2025-06-03 13:58:47,422 [Worker-122: Building] INFO  o.a.m.s.f.DefaultMavenResourcesFiltering - Copying 0 resource from src\main\resources to target\classes
2025-06-03 13:58:47,427 [Worker-122: Building] INFO  o.a.m.s.f.DefaultMavenResourcesFiltering - skip non existing resourceDirectory C:\Users\antma\Desktop\curso_carpeta\semana3_Spring Boot y Angular\WorkSpace\EmpresaTrabajador\src\test\resources
2025-06-03 13:59:43,854 [Worker-96: Building] INFO  o.a.m.s.f.DefaultMavenResourcesFiltering - Copying 1 resource from src\main\resources to target\classes
2025-06-03 13:59:43,874 [Worker-96: Building] INFO  o.a.m.s.f.DefaultMavenResourcesFiltering - Copying 0 resource from src\main\resources to target\classes
2025-06-03 13:59:43,877 [Worker-96: Building] INFO  o.a.m.s.f.DefaultMavenResourcesFiltering - skip non existing resourceDirectory C:\Users\antma\Desktop\curso_carpeta\semana3_Spring Boot y Angular\WorkSpace\EmpresaTrabajador\src\test\resources
2025-06-03 14:03:20,749 [Worker-112: Building] INFO  o.a.m.s.f.DefaultMavenResourcesFiltering - Copying 1 resource from src\main\resources to target\classes
2025-06-03 14:03:20,777 [Worker-112: Building] INFO  o.a.m.s.f.DefaultMavenResourcesFiltering - Copying 0 resource from src\main\resources to target\classes
2025-06-03 14:03:20,781 [Worker-112: Building] INFO  o.a.m.s.f.DefaultMavenResourcesFiltering - skip non existing resourceDirectory C:\Users\antma\Desktop\curso_carpeta\semana3_Spring Boot y Angular\WorkSpace\EmpresaTrabajador\src\test\resources
2025-06-03 14:03:27,683 [Worker-130: Building] INFO  o.a.m.s.f.DefaultMavenResourcesFiltering - Copying 1 resource from src\main\resources to target\classes
2025-06-03 14:03:27,709 [Worker-130: Building] INFO  o.a.m.s.f.DefaultMavenResourcesFiltering - Copying 0 resource from src\main\resources to target\classes
2025-06-03 14:03:27,713 [Worker-130: Building] INFO  o.a.m.s.f.DefaultMavenResourcesFiltering - skip non existing resourceDirectory C:\Users\antma\Desktop\curso_carpeta\semana3_Spring Boot y Angular\WorkSpace\EmpresaTrabajador\src\test\resources
2025-06-03 14:03:32,574 [Worker-122: Building] INFO  o.a.m.s.f.DefaultMavenResourcesFiltering - Copying 1 resource from src\main\resources to target\classes
2025-06-03 14:03:32,595 [Worker-122: Building] INFO  o.a.m.s.f.DefaultMavenResourcesFiltering - Copying 0 resource from src\main\resources to target\classes
2025-06-03 14:03:32,599 [Worker-122: Building] INFO  o.a.m.s.f.DefaultMavenResourcesFiltering - skip non existing resourceDirectory C:\Users\antma\Desktop\curso_carpeta\semana3_Spring Boot y Angular\WorkSpace\EmpresaTrabajador\src\test\resources
2025-06-03 14:05:50,252 [Worker-130: Building] INFO  o.a.m.s.f.DefaultMavenResourcesFiltering - Copying 1 resource from src\main\resources to target\classes
2025-06-03 14:05:50,284 [Worker-130: Building] INFO  o.a.m.s.f.DefaultMavenResourcesFiltering - Copying 0 resource from src\main\resources to target\classes
2025-06-03 14:05:50,290 [Worker-130: Building] INFO  o.a.m.s.f.DefaultMavenResourcesFiltering - skip non existing resourceDirectory C:\Users\antma\Desktop\curso_carpeta\semana3_Spring Boot y Angular\WorkSpace\EmpresaTrabajador\src\test\resources
2025-06-03 14:08:49,375 [Worker-119: Building] INFO  o.a.m.s.f.DefaultMavenResourcesFiltering - Copying 1 resource from src\main\resources to target\classes
2025-06-03 14:08:49,393 [Worker-119: Building] INFO  o.a.m.s.f.DefaultMavenResourcesFiltering - Copying 0 resource from src\main\resources to target\classes
2025-06-03 14:08:49,398 [Worker-119: Building] INFO  o.a.m.s.f.DefaultMavenResourcesFiltering - skip non existing resourceDirectory C:\Users\antma\Desktop\curso_carpeta\semana3_Spring Boot y Angular\WorkSpace\EmpresaTrabajador\src\test\resources
2025-06-03 14:11:43,064 [Worker-124: Building] INFO  o.a.m.s.f.DefaultMavenResourcesFiltering - Copying 1 resource from src\main\resources to target\classes
2025-06-03 14:11:43,131 [Worker-124: Building] INFO  o.a.m.s.f.DefaultMavenResourcesFiltering - Copying 0 resource from src\main\resources to target\classes
2025-06-03 14:11:43,134 [Worker-124: Building] INFO  o.a.m.s.f.DefaultMavenResourcesFiltering - skip non existing resourceDirectory C:\Users\antma\Desktop\curso_carpeta\semana3_Spring Boot y Angular\WorkSpace\EmpresaTrabajador\src\test\resources
2025-06-03 14:13:11,382 [Worker-124: Building] INFO  o.a.m.s.f.DefaultMavenResourcesFiltering - Copying 1 resource from src\main\resources to target\classes
2025-06-03 14:13:11,395 [Worker-124: Building] INFO  o.a.m.s.f.DefaultMavenResourcesFiltering - Copying 0 resource from src\main\resources to target\classes
2025-06-03 14:13:11,399 [Worker-124: Building] INFO  o.a.m.s.f.DefaultMavenResourcesFiltering - skip non existing resourceDirectory C:\Users\antma\Desktop\curso_carpeta\semana3_Spring Boot y Angular\WorkSpace\EmpresaTrabajador\src\test\resources
2025-06-03 14:20:30,072 [Worker-121: Building] INFO  o.a.m.s.f.DefaultMavenResourcesFiltering - Copying 1 resource from src\main\resources to target\classes
2025-06-03 14:20:30,241 [Worker-121: Building] INFO  o.a.m.s.f.DefaultMavenResourcesFiltering - Copying 0 resource from src\main\resources to target\classes
2025-06-03 14:20:30,249 [Worker-121: Building] INFO  o.a.m.s.f.DefaultMavenResourcesFiltering - skip non existing resourceDirectory C:\Users\antma\Desktop\curso_carpeta\semana3_Spring Boot y Angular\WorkSpace\EmpresaTrabajador\src\test\resources
2025-06-03 14:43:59,162 [Worker-129: Building] INFO  o.a.m.s.f.DefaultMavenResourcesFiltering - Copying 1 resource from src\main\resources to target\classes
2025-06-03 14:43:59,252 [Worker-129: Building] INFO  o.a.m.s.f.DefaultMavenResourcesFiltering - Copying 0 resource from src\main\resources to target\classes
2025-06-03 14:43:59,262 [Worker-129: Building] INFO  o.a.m.s.f.DefaultMavenResourcesFiltering - skip non existing resourceDirectory C:\Users\antma\Desktop\curso_carpeta\semana3_Spring Boot y Angular\WorkSpace\EmpresaTrabajador\src\test\resources
2025-06-03 16:03:01,296 [Worker-119: Building] INFO  o.a.m.s.f.DefaultMavenResourcesFiltering - Copying 1 resource from src\main\resources to target\classes
2025-06-03 16:03:01,908 [Worker-119: Building] INFO  o.a.m.s.f.DefaultMavenResourcesFiltering - Copying 0 resource from src\main\resources to target\classes
2025-06-03 16:03:01,921 [Worker-119: Building] INFO  o.a.m.s.f.DefaultMavenResourcesFiltering - skip non existing resourceDirectory C:\Users\antma\Desktop\curso_carpeta\semana3_Spring Boot y Angular\WorkSpace\EmpresaTrabajador\src\test\resources
2025-06-04 14:12:27,135 [Worker-2: Loading available Gradle versions] INFO  o.e.b.c.i.u.g.PublishedGradleVersions - Gradle version information cache is out-of-date. Trying to update.
2025-06-04 15:36:24,728 [Worker-15: Launching Vehiculo - VehiculoApplication] INFO  o.e.m.c.i.p.WorkspaceClassifierResolverManager - Resolving P/PadreHijo: com.mx.PadreHijo:PadreHijo:0.0.1-SNAPSHOT with classifier  to /PadreHijo/target/classes
2025-06-04 15:36:29,681 [Worker-15: Launching Vehiculo - VehiculoApplication] INFO  o.e.m.c.i.p.WorkspaceClassifierResolverManager - Resolving P/PadreHijo: com.mx.PadreHijo:PadreHijo:0.0.1-SNAPSHOT with classifier null to /PadreHijo/target/classes
2025-06-04 15:36:29,984 [Worker-15: Launching Vehiculo - VehiculoApplication] INFO  o.e.m.c.i.p.WorkspaceClassifierResolverManager - Resolving P/PadreHijo: com.mx.PadreHijo:PadreHijo:0.0.1-SNAPSHOT with classifier null to /PadreHijo/target/classes
2025-06-04 15:36:30,284 [Worker-15: Launching Vehiculo - VehiculoApplication] INFO  o.e.m.c.i.p.WorkspaceClassifierResolverManager - Resolving P/PadreHijo: com.mx.PadreHijo:PadreHijo:0.0.1-SNAPSHOT with classifier null to /PadreHijo/target/classes
2025-06-04 15:56:45,874 [Worker-25: Building] INFO  o.a.m.s.f.DefaultMavenResourcesFiltering - Copying 1 resource from src\main\resources to target\classes
2025-06-04 15:56:46,060 [Worker-25: Building] INFO  o.a.m.s.f.DefaultMavenResourcesFiltering - Copying 0 resource from src\main\resources to target\classes
2025-06-04 15:56:46,088 [Worker-25: Building] INFO  o.a.m.s.f.DefaultMavenResourcesFiltering - skip non existing resourceDirectory C:\Users\antma\Desktop\curso_carpeta\semana3_Spring Boot y Angular\WorkSpace\Vehiculo\src\test\resources
2025-06-04 23:09:40,338 [Worker-26: Building] INFO  o.a.m.s.f.DefaultMavenResourcesFiltering - Copying 1 resource from src\main\resources to target\classes
2025-06-04 23:09:40,732 [Worker-26: Building] INFO  o.a.m.s.f.DefaultMavenResourcesFiltering - Copying 0 resource from src\main\resources to target\classes
2025-06-04 23:09:40,749 [Worker-26: Building] INFO  o.a.m.s.f.DefaultMavenResourcesFiltering - skip non existing resourceDirectory C:\Users\antma\Desktop\curso_carpeta\semana3_Spring Boot y Angular\WorkSpace\Vehiculo\src\test\resources
2025-06-04 23:09:53,677 [Worker-32: Building] INFO  o.a.m.s.f.DefaultMavenResourcesFiltering - Copying 1 resource from src\main\resources to target\classes
2025-06-04 23:09:53,704 [Worker-32: Building] INFO  o.a.m.s.f.DefaultMavenResourcesFiltering - Copying 0 resource from src\main\resources to target\classes
2025-06-04 23:09:53,720 [Worker-32: Building] INFO  o.a.m.s.f.DefaultMavenResourcesFiltering - skip non existing resourceDirectory C:\Users\antma\Desktop\curso_carpeta\semana3_Spring Boot y Angular\WorkSpace\Vehiculo\src\test\resources
2025-06-05 00:08:37,870 [Worker-15: Building] INFO  o.a.m.s.f.DefaultMavenResourcesFiltering - Copying 1 resource from src\main\resources to target\classes
2025-06-05 00:08:37,987 [Worker-15: Building] INFO  o.a.m.s.f.DefaultMavenResourcesFiltering - Copying 0 resource from src\main\resources to target\classes
2025-06-05 00:08:38,017 [Worker-15: Building] INFO  o.a.m.s.f.DefaultMavenResourcesFiltering - skip non existing resourceDirectory C:\Users\antma\Desktop\curso_carpeta\semana3_Spring Boot y Angular\WorkSpace\Vehiculo\src\test\resources
2025-06-05 00:08:44,215 [Worker-15: Building] INFO  o.a.m.s.f.DefaultMavenResourcesFiltering - Copying 1 resource from src\main\resources to target\classes
2025-06-05 00:08:44,319 [Worker-15: Building] INFO  o.a.m.s.f.DefaultMavenResourcesFiltering - Copying 0 resource from src\main\resources to target\classes
2025-06-05 00:08:44,326 [Worker-15: Building] INFO  o.a.m.s.f.DefaultMavenResourcesFiltering - skip non existing resourceDirectory C:\Users\antma\Desktop\curso_carpeta\semana3_Spring Boot y Angular\WorkSpace\Vehiculo\src\test\resources
2025-06-05 14:34:37,865 [Worker-44: Building] INFO  o.a.m.s.f.DefaultMavenResourcesFiltering - Copying 1 resource from src\main\resources to target\classes
2025-06-05 14:34:38,088 [Worker-44: Building] INFO  o.a.m.s.f.DefaultMavenResourcesFiltering - Copying 0 resource from src\main\resources to target\classes
2025-06-05 14:34:38,178 [Worker-44: Building] INFO  o.a.m.s.f.DefaultMavenResourcesFiltering - skip non existing resourceDirectory C:\Users\antma\Desktop\curso_carpeta\semana3_Spring Boot y Angular\WorkSpace\PadreHijo\src\test\resources
2025-06-05 14:38:54,708 [Worker-58: Building] INFO  o.a.m.s.f.DefaultMavenResourcesFiltering - Copying 1 resource from src\main\resources to target\classes
2025-06-05 14:38:54,801 [Worker-58: Building] INFO  o.a.m.s.f.DefaultMavenResourcesFiltering - Copying 0 resource from src\main\resources to target\classes
2025-06-05 14:38:54,832 [Worker-58: Building] INFO  o.a.m.s.f.DefaultMavenResourcesFiltering - skip non existing resourceDirectory C:\Users\antma\Desktop\curso_carpeta\semana3_Spring Boot y Angular\WorkSpace\PadreHijo\src\test\resources
2025-06-05 14:39:13,861 [Worker-61: Building] INFO  o.a.m.s.f.DefaultMavenResourcesFiltering - Copying 1 resource from src\main\resources to target\classes
2025-06-05 14:39:13,888 [Worker-61: Building] INFO  o.a.m.s.f.DefaultMavenResourcesFiltering - Copying 0 resource from src\main\resources to target\classes
2025-06-05 14:39:13,918 [Worker-61: Building] INFO  o.a.m.s.f.DefaultMavenResourcesFiltering - skip non existing resourceDirectory C:\Users\antma\Desktop\curso_carpeta\semana3_Spring Boot y Angular\WorkSpace\PadreHijo\src\test\resources
2025-06-05 15:06:04,916 [Worker-44: Building] INFO  o.a.m.s.f.DefaultMavenResourcesFiltering - Copying 1 resource from src\main\resources to target\classes
2025-06-05 15:06:05,032 [Worker-44: Building] INFO  o.a.m.s.f.DefaultMavenResourcesFiltering - Copying 0 resource from src\main\resources to target\classes
2025-06-05 15:06:05,057 [Worker-44: Building] INFO  o.a.m.s.f.DefaultMavenResourcesFiltering - skip non existing resourceDirectory C:\Users\antma\Desktop\curso_carpeta\semana3_Spring Boot y Angular\WorkSpace\PadreHijo\src\test\resources
2025-06-05 15:08:07,646 [Worker-59: Building] INFO  o.a.m.s.f.DefaultMavenResourcesFiltering - Copying 1 resource from src\main\resources to target\classes
2025-06-05 15:08:08,067 [Worker-59: Building] INFO  o.a.m.s.f.DefaultMavenResourcesFiltering - Copying 0 resource from src\main\resources to target\classes
2025-06-05 15:08:08,120 [Worker-59: Building] INFO  o.a.m.s.f.DefaultMavenResourcesFiltering - skip non existing resourceDirectory C:\Users\antma\Desktop\curso_carpeta\semana3_Spring Boot y Angular\WorkSpace\PadreHijo\src\test\resources
2025-06-05 15:08:28,486 [Worker-30: Building] INFO  o.a.m.s.f.DefaultMavenResourcesFiltering - Copying 1 resource from src\main\resources to target\classes
2025-06-05 15:08:28,508 [Worker-30: Building] INFO  o.a.m.s.f.DefaultMavenResourcesFiltering - Copying 0 resource from src\main\resources to target\classes
2025-06-05 15:08:28,532 [Worker-30: Building] INFO  o.a.m.s.f.DefaultMavenResourcesFiltering - skip non existing resourceDirectory C:\Users\antma\Desktop\curso_carpeta\semana3_Spring Boot y Angular\WorkSpace\PadreHijo\src\test\resources
2025-06-05 15:16:51,002 [Worker-22: Building] INFO  o.a.m.s.f.DefaultMavenResourcesFiltering - Copying 1 resource from src\main\resources to target\classes
2025-06-05 15:16:51,459 [Worker-22: Building] INFO  o.a.m.s.f.DefaultMavenResourcesFiltering - Copying 0 resource from src\main\resources to target\classes
2025-06-05 15:16:52,353 [Worker-22: Building] INFO  o.a.m.s.f.DefaultMavenResourcesFiltering - skip non existing resourceDirectory C:\Users\antma\Desktop\curso_carpeta\semana3_Spring Boot y Angular\WorkSpace\PadreHijo\src\test\resources
2025-06-05 15:17:15,454 [Worker-30: Building] INFO  o.a.m.s.f.DefaultMavenResourcesFiltering - Copying 1 resource from src\main\resources to target\classes
2025-06-05 15:17:15,567 [Worker-30: Building] INFO  o.a.m.s.f.DefaultMavenResourcesFiltering - Copying 0 resource from src\main\resources to target\classes
2025-06-05 15:17:15,577 [Worker-30: Building] INFO  o.a.m.s.f.DefaultMavenResourcesFiltering - skip non existing resourceDirectory C:\Users\antma\Desktop\curso_carpeta\semana3_Spring Boot y Angular\WorkSpace\PadreHijo\src\test\resources
2025-06-05 15:19:02,544 [Worker-66: Building] INFO  o.a.m.s.f.DefaultMavenResourcesFiltering - Copying 1 resource from src\main\resources to target\classes
2025-06-05 15:19:02,612 [Worker-66: Building] INFO  o.a.m.s.f.DefaultMavenResourcesFiltering - Copying 0 resource from src\main\resources to target\classes
2025-06-05 15:19:02,634 [Worker-66: Building] INFO  o.a.m.s.f.DefaultMavenResourcesFiltering - skip non existing resourceDirectory C:\Users\antma\Desktop\curso_carpeta\semana3_Spring Boot y Angular\WorkSpace\PadreHijo\src\test\resources
2025-06-05 15:24:07,709 [Worker-78: Building] INFO  o.a.m.s.f.DefaultMavenResourcesFiltering - Copying 1 resource from src\main\resources to target\classes
2025-06-05 15:24:07,797 [Worker-78: Building] INFO  o.a.m.s.f.DefaultMavenResourcesFiltering - Copying 0 resource from src\main\resources to target\classes
2025-06-05 15:24:07,806 [Worker-78: Building] INFO  o.a.m.s.f.DefaultMavenResourcesFiltering - skip non existing resourceDirectory C:\Users\antma\Desktop\curso_carpeta\semana3_Spring Boot y Angular\WorkSpace\PadreHijo\src\test\resources
2025-06-05 15:24:52,892 [Worker-71: Building] INFO  o.a.m.s.f.DefaultMavenResourcesFiltering - Copying 1 resource from src\main\resources to target\classes
2025-06-05 15:24:52,913 [Worker-71: Building] INFO  o.a.m.s.f.DefaultMavenResourcesFiltering - Copying 0 resource from src\main\resources to target\classes
2025-06-05 15:24:52,929 [Worker-71: Building] INFO  o.a.m.s.f.DefaultMavenResourcesFiltering - skip non existing resourceDirectory C:\Users\antma\Desktop\curso_carpeta\semana3_Spring Boot y Angular\WorkSpace\PadreHijo\src\test\resources
2025-06-05 15:26:00,327 [Worker-75: Building] INFO  o.a.m.s.f.DefaultMavenResourcesFiltering - Copying 1 resource from src\main\resources to target\classes
2025-06-05 15:26:00,354 [Worker-75: Building] INFO  o.a.m.s.f.DefaultMavenResourcesFiltering - Copying 0 resource from src\main\resources to target\classes
2025-06-05 15:26:00,364 [Worker-75: Building] INFO  o.a.m.s.f.DefaultMavenResourcesFiltering - skip non existing resourceDirectory C:\Users\antma\Desktop\curso_carpeta\semana3_Spring Boot y Angular\WorkSpace\PadreHijo\src\test\resources
2025-06-05 15:32:41,459 [Worker-78: Building] INFO  o.a.m.s.f.DefaultMavenResourcesFiltering - Copying 1 resource from src\main\resources to target\classes
2025-06-05 15:32:43,105 [Worker-78: Building] INFO  o.a.m.s.f.DefaultMavenResourcesFiltering - Copying 0 resource from src\main\resources to target\classes
2025-06-05 15:32:43,140 [Worker-78: Building] INFO  o.a.m.s.f.DefaultMavenResourcesFiltering - skip non existing resourceDirectory C:\Users\antma\Desktop\curso_carpeta\semana3_Spring Boot y Angular\WorkSpace\PadreHijo\src\test\resources
2025-06-05 15:32:56,918 [Worker-74: Building] INFO  o.a.m.s.f.DefaultMavenResourcesFiltering - Copying 1 resource from src\main\resources to target\classes
2025-06-05 15:32:56,929 [Worker-74: Building] INFO  o.a.m.s.f.DefaultMavenResourcesFiltering - Copying 0 resource from src\main\resources to target\classes
2025-06-05 15:32:57,253 [Worker-74: Building] INFO  o.a.m.s.f.DefaultMavenResourcesFiltering - skip non existing resourceDirectory C:\Users\antma\Desktop\curso_carpeta\semana3_Spring Boot y Angular\WorkSpace\PadreHijo\src\test\resources
2025-06-05 15:37:19,447 [Worker-77: Building] INFO  o.a.m.s.f.DefaultMavenResourcesFiltering - Copying 1 resource from src\main\resources to target\classes
2025-06-05 15:37:19,467 [Worker-77: Building] INFO  o.a.m.s.f.DefaultMavenResourcesFiltering - Copying 0 resource from src\main\resources to target\classes
2025-06-05 15:37:19,516 [Worker-77: Building] INFO  o.a.m.s.f.DefaultMavenResourcesFiltering - skip non existing resourceDirectory C:\Users\antma\Desktop\curso_carpeta\semana3_Spring Boot y Angular\WorkSpace\PadreHijo\src\test\resources
2025-06-05 15:38:33,462 [Worker-76: Building] INFO  o.a.m.s.f.DefaultMavenResourcesFiltering - Copying 1 resource from src\main\resources to target\classes
2025-06-05 15:38:33,494 [Worker-76: Building] INFO  o.a.m.s.f.DefaultMavenResourcesFiltering - Copying 0 resource from src\main\resources to target\classes
2025-06-05 15:38:33,505 [Worker-76: Building] INFO  o.a.m.s.f.DefaultMavenResourcesFiltering - skip non existing resourceDirectory C:\Users\antma\Desktop\curso_carpeta\semana3_Spring Boot y Angular\WorkSpace\PadreHijo\src\test\resources
2025-06-06 11:39:33,649 [Worker-93: Import Getting Started Content] INFO  o.e.m.c.i.l.LifecycleMappingFactory - Using org.eclipse.m2e.jdt.JarLifecycleMapping lifecycle mapping for MavenProject: com..mx.Tarea:Tarea:0.0.1-SNAPSHOT @ C:\Users\antma\Desktop\curso_carpeta\semana3_Spring Boot y Angular\WorkSpace\Tarea\pom.xml.
2025-06-06 11:39:44,663 [Worker-93: Import Getting Started Content] INFO  o.e.m.c.i.e.AbstractTransferListenerAdapter - Downloading https://repo.maven.apache.org/maven2/org/springframework/boot/spring-boot-starter-web-services/3.5.0/spring-boot-starter-web-services-3.5.0.pom
2025-06-06 11:39:44,780 [Worker-93: Import Getting Started Content] INFO  o.e.m.c.i.e.AbstractTransferListenerAdapter - Downloaded https://repo.maven.apache.org/maven2/org/springframework/boot/spring-boot-starter-web-services/3.5.0/spring-boot-starter-web-services-3.5.0.pom
2025-06-06 11:39:44,902 [Worker-93: Import Getting Started Content] INFO  o.e.m.c.i.e.AbstractTransferListenerAdapter - Downloading https://repo.maven.apache.org/maven2/com/sun/xml/messaging/saaj/saaj-impl/3.0.4/saaj-impl-3.0.4.pom
2025-06-06 11:39:45,034 [Worker-93: Import Getting Started Content] INFO  o.e.m.c.i.e.AbstractTransferListenerAdapter - Downloaded https://repo.maven.apache.org/maven2/com/sun/xml/messaging/saaj/saaj-impl/3.0.4/saaj-impl-3.0.4.pom
2025-06-06 11:39:45,163 [Worker-93: Import Getting Started Content] INFO  o.e.m.c.i.e.AbstractTransferListenerAdapter - Downloading https://repo.maven.apache.org/maven2/com/sun/xml/messaging/saaj/metro-saaj/3.0.4/metro-saaj-3.0.4.pom
2025-06-06 11:39:45,382 [Worker-93: Import Getting Started Content] INFO  o.e.m.c.i.e.AbstractTransferListenerAdapter - Downloaded https://repo.maven.apache.org/maven2/com/sun/xml/messaging/saaj/metro-saaj/3.0.4/metro-saaj-3.0.4.pom
2025-06-06 11:39:45,552 [Worker-93: Import Getting Started Content] INFO  o.e.m.c.i.e.AbstractTransferListenerAdapter - Downloading https://repo.maven.apache.org/maven2/jakarta/xml/soap/jakarta.xml.soap-api/3.0.2/jakarta.xml.soap-api-3.0.2.pom
2025-06-06 11:39:45,724 [Worker-93: Import Getting Started Content] INFO  o.e.m.c.i.e.AbstractTransferListenerAdapter - Downloaded https://repo.maven.apache.org/maven2/jakarta/xml/soap/jakarta.xml.soap-api/3.0.2/jakarta.xml.soap-api-3.0.2.pom
2025-06-06 11:39:45,879 [Worker-93: Import Getting Started Content] INFO  o.e.m.c.i.e.AbstractTransferListenerAdapter - Downloading https://repo.maven.apache.org/maven2/org/jvnet/staxex/stax-ex/2.1.0/stax-ex-2.1.0.pom
2025-06-06 11:39:45,988 [Worker-93: Import Getting Started Content] INFO  o.e.m.c.i.e.AbstractTransferListenerAdapter - Downloaded https://repo.maven.apache.org/maven2/org/jvnet/staxex/stax-ex/2.1.0/stax-ex-2.1.0.pom
2025-06-06 11:39:46,138 [Worker-93: Import Getting Started Content] INFO  o.e.m.c.i.e.AbstractTransferListenerAdapter - Downloading https://repo.maven.apache.org/maven2/jakarta/xml/ws/jakarta.xml.ws-api/4.0.2/jakarta.xml.ws-api-4.0.2.pom
2025-06-06 11:39:46,280 [Worker-93: Import Getting Started Content] INFO  o.e.m.c.i.e.AbstractTransferListenerAdapter - Downloaded https://repo.maven.apache.org/maven2/jakarta/xml/ws/jakarta.xml.ws-api/4.0.2/jakarta.xml.ws-api-4.0.2.pom
2025-06-06 11:39:46,554 [Worker-93: Import Getting Started Content] INFO  o.e.m.c.i.e.AbstractTransferListenerAdapter - Downloading https://repo.maven.apache.org/maven2/org/springframework/spring-oxm/6.2.7/spring-oxm-6.2.7.pom
2025-06-06 11:39:46,663 [Worker-93: Import Getting Started Content] INFO  o.e.m.c.i.e.AbstractTransferListenerAdapter - Downloaded https://repo.maven.apache.org/maven2/org/springframework/spring-oxm/6.2.7/spring-oxm-6.2.7.pom
2025-06-06 11:39:47,083 [Worker-93: Import Getting Started Content] INFO  o.e.m.c.i.e.AbstractTransferListenerAdapter - Downloading https://repo.maven.apache.org/maven2/org/springframework/ws/spring-ws-core/4.1.0/spring-ws-core-4.1.0.pom
2025-06-06 11:39:47,200 [Worker-93: Import Getting Started Content] INFO  o.e.m.c.i.e.AbstractTransferListenerAdapter - Downloaded https://repo.maven.apache.org/maven2/org/springframework/ws/spring-ws-core/4.1.0/spring-ws-core-4.1.0.pom
2025-06-06 11:39:47,304 [Worker-93: Import Getting Started Content] INFO  o.e.m.c.i.e.AbstractTransferListenerAdapter - Downloading https://repo.maven.apache.org/maven2/org/springframework/ws/spring-xml/4.1.0/spring-xml-4.1.0.pom
2025-06-06 11:39:47,383 [Worker-93: Import Getting Started Content] INFO  o.e.m.c.i.e.AbstractTransferListenerAdapter - Downloaded https://repo.maven.apache.org/maven2/org/springframework/ws/spring-xml/4.1.0/spring-xml-4.1.0.pom
2025-06-06 11:39:50,131 [Worker-93: Import Getting Started Content] INFO  o.e.m.c.i.e.AbstractTransferListenerAdapter - Downloading https://repo.maven.apache.org/maven2/org/springframework/boot/spring-boot-starter-web-services/3.5.0/spring-boot-starter-web-services-3.5.0.jar
2025-06-06 11:39:50,303 [Worker-93: Import Getting Started Content] INFO  o.e.m.c.i.e.AbstractTransferListenerAdapter - Downloaded https://repo.maven.apache.org/maven2/org/springframework/boot/spring-boot-starter-web-services/3.5.0/spring-boot-starter-web-services-3.5.0.jar
2025-06-06 11:39:50,400 [BasicRepositoryConnector-repo.maven.apache.org-0-0] INFO  o.e.m.c.i.e.AbstractTransferListenerAdapter - Downloading https://repo.maven.apache.org/maven2/com/sun/xml/messaging/saaj/saaj-impl/3.0.4/saaj-impl-3.0.4.jar
2025-06-06 11:39:50,629 [BasicRepositoryConnector-repo.maven.apache.org-0-1] INFO  o.e.m.c.i.e.AbstractTransferListenerAdapter - Downloading https://repo.maven.apache.org/maven2/jakarta/xml/soap/jakarta.xml.soap-api/3.0.2/jakarta.xml.soap-api-3.0.2.jar
2025-06-06 11:39:50,814 [BasicRepositoryConnector-repo.maven.apache.org-0-4] INFO  o.e.m.c.i.e.AbstractTransferListenerAdapter - Downloading https://repo.maven.apache.org/maven2/org/springframework/spring-oxm/6.2.7/spring-oxm-6.2.7.jar
2025-06-06 11:39:50,855 [BasicRepositoryConnector-repo.maven.apache.org-0-3] INFO  o.e.m.c.i.e.AbstractTransferListenerAdapter - Downloading https://repo.maven.apache.org/maven2/jakarta/xml/ws/jakarta.xml.ws-api/4.0.2/jakarta.xml.ws-api-4.0.2.jar
2025-06-06 11:39:50,859 [BasicRepositoryConnector-repo.maven.apache.org-0-2] INFO  o.e.m.c.i.e.AbstractTransferListenerAdapter - Downloading https://repo.maven.apache.org/maven2/org/jvnet/staxex/stax-ex/2.1.0/stax-ex-2.1.0.jar
2025-06-06 11:39:51,210 [BasicRepositoryConnector-repo.maven.apache.org-0-0] INFO  o.e.m.c.i.e.AbstractTransferListenerAdapter - Downloaded https://repo.maven.apache.org/maven2/com/sun/xml/messaging/saaj/saaj-impl/3.0.4/saaj-impl-3.0.4.jar
2025-06-06 11:39:51,305 [BasicRepositoryConnector-repo.maven.apache.org-0-4] INFO  o.e.m.c.i.e.AbstractTransferListenerAdapter - Downloaded https://repo.maven.apache.org/maven2/org/springframework/spring-oxm/6.2.7/spring-oxm-6.2.7.jar
2025-06-06 11:39:51,395 [BasicRepositoryConnector-repo.maven.apache.org-0-3] INFO  o.e.m.c.i.e.AbstractTransferListenerAdapter - Downloaded https://repo.maven.apache.org/maven2/jakarta/xml/ws/jakarta.xml.ws-api/4.0.2/jakarta.xml.ws-api-4.0.2.jar
2025-06-06 11:39:51,471 [BasicRepositoryConnector-repo.maven.apache.org-0-0] INFO  o.e.m.c.i.e.AbstractTransferListenerAdapter - Downloading https://repo.maven.apache.org/maven2/org/springframework/ws/spring-ws-core/4.1.0/spring-ws-core-4.1.0.jar
2025-06-06 11:39:51,525 [BasicRepositoryConnector-repo.maven.apache.org-0-4] INFO  o.e.m.c.i.e.AbstractTransferListenerAdapter - Downloading https://repo.maven.apache.org/maven2/org/springframework/ws/spring-xml/4.1.0/spring-xml-4.1.0.jar
2025-06-06 11:39:52,091 [BasicRepositoryConnector-repo.maven.apache.org-0-4] INFO  o.e.m.c.i.e.AbstractTransferListenerAdapter - Downloaded https://repo.maven.apache.org/maven2/org/springframework/ws/spring-xml/4.1.0/spring-xml-4.1.0.jar
2025-06-06 11:39:52,596 [BasicRepositoryConnector-repo.maven.apache.org-0-0] INFO  o.e.m.c.i.e.AbstractTransferListenerAdapter - Downloaded https://repo.maven.apache.org/maven2/org/springframework/ws/spring-ws-core/4.1.0/spring-ws-core-4.1.0.jar
2025-06-06 11:39:53,220 [BasicRepositoryConnector-repo.maven.apache.org-0-2] INFO  o.e.m.c.i.e.AbstractTransferListenerAdapter - Downloaded https://repo.maven.apache.org/maven2/org/jvnet/staxex/stax-ex/2.1.0/stax-ex-2.1.0.jar
2025-06-06 11:39:53,326 [BasicRepositoryConnector-repo.maven.apache.org-0-1] INFO  o.e.m.c.i.e.AbstractTransferListenerAdapter - Downloaded https://repo.maven.apache.org/maven2/jakarta/xml/soap/jakarta.xml.soap-api/3.0.2/jakarta.xml.soap-api-3.0.2.jar
2025-06-06 11:40:00,808 [Worker-95: Download sources and javadoc] INFO  o.e.m.c.i.e.AbstractTransferListenerAdapter - Downloading https://repo.maven.apache.org/maven2/org/springframework/boot/spring-boot-starter-web-services/3.5.0/spring-boot-starter-web-services-3.5.0-sources.jar
2025-06-06 11:40:00,990 [Worker-95: Download sources and javadoc] INFO  o.e.m.c.i.e.AbstractTransferListenerAdapter - Downloaded https://repo.maven.apache.org/maven2/org/springframework/boot/spring-boot-starter-web-services/3.5.0/spring-boot-starter-web-services-3.5.0-sources.jar
2025-06-06 11:40:01,012 [Worker-95: Download sources and javadoc] INFO  o.e.m.j.internal.DownloadSourcesJob - Downloaded sources for org.springframework.boot:spring-boot-starter-web-services:3.5.0
2025-06-06 11:40:01,161 [Worker-93: Import Getting Started Content] INFO  o.e.m.j.i.AbstractJavaProjectConfigurator - Adding source folder /Tarea/src/main/java
2025-06-06 11:40:01,221 [Worker-93: Import Getting Started Content] INFO  o.e.m.j.i.AbstractJavaProjectConfigurator - Adding resource folder /Tarea/src/main/resources
2025-06-06 11:40:01,278 [Worker-93: Import Getting Started Content] INFO  o.e.m.j.i.AbstractJavaProjectConfigurator - Adding resource folder /Tarea/src/main/resources
2025-06-06 11:40:01,294 [Worker-93: Import Getting Started Content] INFO  o.e.m.j.i.AbstractJavaProjectConfigurator - Adding source folder /Tarea/src/test/java
2025-06-06 11:40:01,331 [Worker-93: Import Getting Started Content] INFO  o.e.m.j.i.AbstractJavaProjectConfigurator - Adding resource folder /Tarea/src/test/resources
2025-06-06 11:40:01,382 [Worker-95: Download sources and javadoc] INFO  o.e.m.c.i.e.AbstractTransferListenerAdapter - Downloading https://repo.maven.apache.org/maven2/com/sun/xml/messaging/saaj/saaj-impl/3.0.4/saaj-impl-3.0.4-sources.jar
2025-06-06 11:40:02,391 [Worker-95: Download sources and javadoc] INFO  o.e.m.c.i.e.AbstractTransferListenerAdapter - Downloaded https://repo.maven.apache.org/maven2/com/sun/xml/messaging/saaj/saaj-impl/3.0.4/saaj-impl-3.0.4-sources.jar
2025-06-06 11:40:02,440 [Worker-95: Download sources and javadoc] INFO  o.e.m.j.internal.DownloadSourcesJob - Downloaded sources for com.sun.xml.messaging.saaj:saaj-impl:3.0.4
2025-06-06 11:40:02,718 [Worker-95: Download sources and javadoc] INFO  o.e.m.c.i.e.AbstractTransferListenerAdapter - Downloading https://repo.maven.apache.org/maven2/jakarta/xml/soap/jakarta.xml.soap-api/3.0.2/jakarta.xml.soap-api-3.0.2-sources.jar
2025-06-06 11:40:02,882 [Worker-95: Download sources and javadoc] INFO  o.e.m.c.i.e.AbstractTransferListenerAdapter - Downloaded https://repo.maven.apache.org/maven2/jakarta/xml/soap/jakarta.xml.soap-api/3.0.2/jakarta.xml.soap-api-3.0.2-sources.jar
2025-06-06 11:40:02,895 [Worker-95: Download sources and javadoc] INFO  o.e.m.j.internal.DownloadSourcesJob - Downloaded sources for jakarta.xml.soap:jakarta.xml.soap-api:3.0.2
2025-06-06 11:40:03,111 [Worker-95: Download sources and javadoc] INFO  o.e.m.c.i.e.AbstractTransferListenerAdapter - Downloading https://repo.maven.apache.org/maven2/org/jvnet/staxex/stax-ex/2.1.0/stax-ex-2.1.0-sources.jar
2025-06-06 11:40:04,564 [Worker-95: Download sources and javadoc] INFO  o.e.m.c.i.e.AbstractTransferListenerAdapter - Downloaded https://repo.maven.apache.org/maven2/org/jvnet/staxex/stax-ex/2.1.0/stax-ex-2.1.0-sources.jar
2025-06-06 11:40:04,616 [Worker-95: Download sources and javadoc] INFO  o.e.m.j.internal.DownloadSourcesJob - Downloaded sources for org.jvnet.staxex:stax-ex:2.1.0
2025-06-06 11:40:04,974 [Worker-95: Download sources and javadoc] INFO  o.e.m.c.i.e.AbstractTransferListenerAdapter - Downloading https://repo.maven.apache.org/maven2/jakarta/xml/ws/jakarta.xml.ws-api/4.0.2/jakarta.xml.ws-api-4.0.2-sources.jar
2025-06-06 11:40:05,196 [Worker-95: Download sources and javadoc] INFO  o.e.m.c.i.e.AbstractTransferListenerAdapter - Downloaded https://repo.maven.apache.org/maven2/jakarta/xml/ws/jakarta.xml.ws-api/4.0.2/jakarta.xml.ws-api-4.0.2-sources.jar
2025-06-06 11:40:05,234 [Worker-95: Download sources and javadoc] INFO  o.e.m.j.internal.DownloadSourcesJob - Downloaded sources for jakarta.xml.ws:jakarta.xml.ws-api:4.0.2
2025-06-06 11:40:05,352 [Worker-93: Import Getting Started Content] INFO  o.e.m.c.i.p.ProjectConfigurationManager - Imported and configured 1 project(s) in 76 sec
2025-06-06 11:40:05,394 [Worker-93: Import Getting Started Content] INFO  o.e.m.c.i.p.ProjectConfigurationManager - Update started
2025-06-06 11:40:05,517 [Worker-95: Download sources and javadoc] INFO  o.e.m.c.i.e.AbstractTransferListenerAdapter - Downloading https://repo.maven.apache.org/maven2/org/springframework/spring-oxm/6.2.7/spring-oxm-6.2.7-sources.jar
2025-06-06 11:40:07,026 [Worker-93: Import Getting Started Content] INFO  o.e.m.c.i.l.LifecycleMappingFactory - Using org.eclipse.m2e.jdt.JarLifecycleMapping lifecycle mapping for MavenProject: com..mx.Tarea:Tarea:0.0.1-SNAPSHOT @ C:\Users\antma\Desktop\curso_carpeta\semana3_Spring Boot y Angular\WorkSpace\Tarea\pom.xml.
2025-06-06 11:40:08,597 [Worker-95: Download sources and javadoc] INFO  o.e.m.c.i.e.AbstractTransferListenerAdapter - Downloaded https://repo.maven.apache.org/maven2/org/springframework/spring-oxm/6.2.7/spring-oxm-6.2.7-sources.jar
2025-06-06 11:40:08,878 [Worker-95: Download sources and javadoc] INFO  o.e.m.j.internal.DownloadSourcesJob - Downloaded sources for org.springframework:spring-oxm:6.2.7
2025-06-06 11:40:09,325 [Worker-95: Download sources and javadoc] INFO  o.e.m.c.i.e.AbstractTransferListenerAdapter - Downloading https://repo.maven.apache.org/maven2/org/springframework/ws/spring-ws-core/4.1.0/spring-ws-core-4.1.0-sources.jar
2025-06-06 11:40:09,801 [Worker-95: Download sources and javadoc] INFO  o.e.m.c.i.e.AbstractTransferListenerAdapter - Downloaded https://repo.maven.apache.org/maven2/org/springframework/ws/spring-ws-core/4.1.0/spring-ws-core-4.1.0-sources.jar
2025-06-06 11:40:09,814 [Worker-95: Download sources and javadoc] INFO  o.e.m.j.internal.DownloadSourcesJob - Downloaded sources for org.springframework.ws:spring-ws-core:4.1.0
2025-06-06 11:40:10,090 [Worker-95: Download sources and javadoc] INFO  o.e.m.c.i.e.AbstractTransferListenerAdapter - Downloading https://repo.maven.apache.org/maven2/org/springframework/ws/spring-xml/4.1.0/spring-xml-4.1.0-sources.jar
2025-06-06 11:40:10,244 [Worker-95: Download sources and javadoc] INFO  o.e.m.c.i.e.AbstractTransferListenerAdapter - Downloaded https://repo.maven.apache.org/maven2/org/springframework/ws/spring-xml/4.1.0/spring-xml-4.1.0-sources.jar
2025-06-06 11:40:10,330 [Worker-95: Download sources and javadoc] INFO  o.e.m.j.internal.DownloadSourcesJob - Downloaded sources for org.springframework.ws:spring-xml:4.1.0
2025-06-06 11:40:11,016 [Worker-93: Import Getting Started Content] INFO  o.e.m.j.i.AbstractJavaProjectConfigurator - Adding source folder /Tarea/src/main/java
2025-06-06 11:40:11,021 [Worker-93: Import Getting Started Content] INFO  o.e.m.j.i.AbstractJavaProjectConfigurator - Adding resource folder /Tarea/src/main/resources
2025-06-06 11:40:11,027 [Worker-93: Import Getting Started Content] INFO  o.e.m.j.i.AbstractJavaProjectConfigurator - Adding resource folder /Tarea/src/main/resources
2025-06-06 11:40:11,032 [Worker-93: Import Getting Started Content] INFO  o.e.m.j.i.AbstractJavaProjectConfigurator - Adding source folder /Tarea/src/test/java
2025-06-06 11:40:11,036 [Worker-93: Import Getting Started Content] INFO  o.e.m.j.i.AbstractJavaProjectConfigurator - Adding resource folder /Tarea/src/test/resources
2025-06-06 11:40:13,530 [Worker-93: Import Getting Started Content] INFO  o.e.m.c.i.p.ProjectConfigurationManager - Update completed for 1 poms: local refresh takes 0.00 sec, refresh facades takes 5.00 sec, update config takes 1.00 sec 
2025-06-06 11:40:18,122 [Worker-105: Building] INFO  o.a.m.s.f.DefaultMavenResourcesFiltering - Copying 1 resource from src\main\resources to target\classes
2025-06-06 11:40:18,175 [Worker-105: Building] INFO  o.a.m.s.f.DefaultMavenResourcesFiltering - Copying 0 resource from src\main\resources to target\classes
2025-06-06 11:40:18,218 [Worker-105: Building] INFO  o.a.m.s.f.DefaultMavenResourcesFiltering - skip non existing resourceDirectory C:\Users\antma\Desktop\curso_carpeta\semana3_Spring Boot y Angular\WorkSpace\Tarea\src\test\resources
2025-06-06 11:42:26,957 [Worker-100: Building] INFO  o.a.m.s.f.DefaultMavenResourcesFiltering - Copying 1 resource from src\main\resources to target\classes
2025-06-06 11:42:27,031 [Worker-100: Building] INFO  o.a.m.s.f.DefaultMavenResourcesFiltering - Copying 0 resource from src\main\resources to target\classes
2025-06-06 11:42:27,047 [Worker-100: Building] INFO  o.a.m.s.f.DefaultMavenResourcesFiltering - skip non existing resourceDirectory C:\Users\antma\Desktop\curso_carpeta\semana3_Spring Boot y Angular\WorkSpace\Tarea\src\test\resources
2025-06-06 11:44:14,911 [Worker-106: Building] INFO  o.a.m.s.f.DefaultMavenResourcesFiltering - Copying 1 resource from src\main\resources to target\classes
2025-06-06 11:44:14,992 [Worker-106: Building] INFO  o.a.m.s.f.DefaultMavenResourcesFiltering - Copying 0 resource from src\main\resources to target\classes
2025-06-06 11:44:15,204 [Worker-106: Building] INFO  o.a.m.s.f.DefaultMavenResourcesFiltering - skip non existing resourceDirectory C:\Users\antma\Desktop\curso_carpeta\semana3_Spring Boot y Angular\WorkSpace\Tarea\src\test\resources
2025-06-06 11:46:20,991 [Worker-91: Building] INFO  o.a.m.s.f.DefaultMavenResourcesFiltering - Copying 1 resource from src\main\resources to target\classes
2025-06-06 11:46:21,022 [Worker-91: Building] INFO  o.a.m.s.f.DefaultMavenResourcesFiltering - Copying 0 resource from src\main\resources to target\classes
2025-06-06 11:46:21,032 [Worker-91: Building] INFO  o.a.m.s.f.DefaultMavenResourcesFiltering - skip non existing resourceDirectory C:\Users\antma\Desktop\curso_carpeta\semana3_Spring Boot y Angular\WorkSpace\Tarea\src\test\resources
2025-06-06 11:47:30,093 [Worker-107: Building] INFO  o.a.m.s.f.DefaultMavenResourcesFiltering - Copying 1 resource from src\main\resources to target\classes
2025-06-06 11:47:30,109 [Worker-107: Building] INFO  o.a.m.s.f.DefaultMavenResourcesFiltering - Copying 0 resource from src\main\resources to target\classes
2025-06-06 11:47:30,119 [Worker-107: Building] INFO  o.a.m.s.f.DefaultMavenResourcesFiltering - skip non existing resourceDirectory C:\Users\antma\Desktop\curso_carpeta\semana3_Spring Boot y Angular\WorkSpace\Tarea\src\test\resources
2025-06-06 11:48:15,079 [Worker-97: Building] INFO  o.a.m.s.f.DefaultMavenResourcesFiltering - Copying 1 resource from src\main\resources to target\classes
2025-06-06 11:48:15,106 [Worker-97: Building] INFO  o.a.m.s.f.DefaultMavenResourcesFiltering - Copying 0 resource from src\main\resources to target\classes
2025-06-06 11:48:15,141 [Worker-97: Building] INFO  o.a.m.s.f.DefaultMavenResourcesFiltering - skip non existing resourceDirectory C:\Users\antma\Desktop\curso_carpeta\semana3_Spring Boot y Angular\WorkSpace\Tarea\src\test\resources
2025-06-06 11:48:32,225 [Worker-101: Building] INFO  o.a.m.s.f.DefaultMavenResourcesFiltering - Copying 1 resource from src\main\resources to target\classes
2025-06-06 11:48:32,291 [Worker-101: Building] INFO  o.a.m.s.f.DefaultMavenResourcesFiltering - Copying 0 resource from src\main\resources to target\classes
2025-06-06 11:48:32,314 [Worker-101: Building] INFO  o.a.m.s.f.DefaultMavenResourcesFiltering - skip non existing resourceDirectory C:\Users\antma\Desktop\curso_carpeta\semana3_Spring Boot y Angular\WorkSpace\Tarea\src\test\resources
2025-06-06 11:50:45,124 [Worker-102: Building] INFO  o.a.m.s.f.DefaultMavenResourcesFiltering - Copying 1 resource from src\main\resources to target\classes
2025-06-06 11:50:45,241 [Worker-102: Building] INFO  o.a.m.s.f.DefaultMavenResourcesFiltering - Copying 0 resource from src\main\resources to target\classes
2025-06-06 11:50:45,284 [Worker-102: Building] INFO  o.a.m.s.f.DefaultMavenResourcesFiltering - skip non existing resourceDirectory C:\Users\antma\Desktop\curso_carpeta\semana3_Spring Boot y Angular\WorkSpace\Tarea\src\test\resources
2025-06-06 11:52:02,806 [Worker-101: Building] INFO  o.a.m.s.f.DefaultMavenResourcesFiltering - Copying 1 resource from src\main\resources to target\classes
2025-06-06 11:52:02,835 [Worker-101: Building] INFO  o.a.m.s.f.DefaultMavenResourcesFiltering - Copying 0 resource from src\main\resources to target\classes
2025-06-06 11:52:02,853 [Worker-101: Building] INFO  o.a.m.s.f.DefaultMavenResourcesFiltering - skip non existing resourceDirectory C:\Users\antma\Desktop\curso_carpeta\semana3_Spring Boot y Angular\WorkSpace\Tarea\src\test\resources
2025-06-06 11:54:47,793 [Worker-91: Building] INFO  o.a.m.s.f.DefaultMavenResourcesFiltering - Copying 1 resource from src\main\resources to target\classes
2025-06-06 11:54:47,836 [Worker-91: Building] INFO  o.a.m.s.f.DefaultMavenResourcesFiltering - Copying 0 resource from src\main\resources to target\classes
2025-06-06 11:54:47,869 [Worker-91: Building] INFO  o.a.m.s.f.DefaultMavenResourcesFiltering - skip non existing resourceDirectory C:\Users\antma\Desktop\curso_carpeta\semana3_Spring Boot y Angular\WorkSpace\Tarea\src\test\resources
2025-06-06 11:58:15,442 [Worker-96: Building] INFO  o.a.m.s.f.DefaultMavenResourcesFiltering - Copying 1 resource from src\main\resources to target\classes
2025-06-06 11:58:15,487 [Worker-96: Building] INFO  o.a.m.s.f.DefaultMavenResourcesFiltering - Copying 0 resource from src\main\resources to target\classes
2025-06-06 11:58:15,535 [Worker-96: Building] INFO  o.a.m.s.f.DefaultMavenResourcesFiltering - skip non existing resourceDirectory C:\Users\antma\Desktop\curso_carpeta\semana3_Spring Boot y Angular\WorkSpace\Tarea\src\test\resources
2025-06-06 11:58:27,745 [Worker-100: Building] INFO  o.a.m.s.f.DefaultMavenResourcesFiltering - Copying 1 resource from src\main\resources to target\classes
2025-06-06 11:58:27,766 [Worker-100: Building] INFO  o.a.m.s.f.DefaultMavenResourcesFiltering - Copying 0 resource from src\main\resources to target\classes
2025-06-06 11:58:27,779 [Worker-100: Building] INFO  o.a.m.s.f.DefaultMavenResourcesFiltering - skip non existing resourceDirectory C:\Users\antma\Desktop\curso_carpeta\semana3_Spring Boot y Angular\WorkSpace\Tarea\src\test\resources
2025-06-06 12:07:23,521 [Worker-106: Building] INFO  o.a.m.s.f.DefaultMavenResourcesFiltering - Copying 1 resource from src\main\resources to target\classes
2025-06-06 12:07:23,673 [Worker-106: Building] INFO  o.a.m.s.f.DefaultMavenResourcesFiltering - Copying 0 resource from src\main\resources to target\classes
2025-06-06 12:07:23,690 [Worker-106: Building] INFO  o.a.m.s.f.DefaultMavenResourcesFiltering - skip non existing resourceDirectory C:\Users\antma\Desktop\curso_carpeta\semana3_Spring Boot y Angular\WorkSpace\Tarea\src\test\resources
2025-06-06 12:08:57,149 [Worker-106: Building] INFO  o.a.m.s.f.DefaultMavenResourcesFiltering - Copying 1 resource from src\main\resources to target\classes
2025-06-06 12:08:57,281 [Worker-106: Building] INFO  o.a.m.s.f.DefaultMavenResourcesFiltering - Copying 0 resource from src\main\resources to target\classes
2025-06-06 12:08:57,300 [Worker-106: Building] INFO  o.a.m.s.f.DefaultMavenResourcesFiltering - skip non existing resourceDirectory C:\Users\antma\Desktop\curso_carpeta\semana3_Spring Boot y Angular\WorkSpace\Tarea\src\test\resources
2025-06-06 12:09:24,194 [Worker-106: Building] INFO  o.a.m.s.f.DefaultMavenResourcesFiltering - Copying 1 resource from src\main\resources to target\classes
2025-06-06 12:09:24,234 [Worker-106: Building] INFO  o.a.m.s.f.DefaultMavenResourcesFiltering - Copying 0 resource from src\main\resources to target\classes
2025-06-06 12:09:24,248 [Worker-106: Building] INFO  o.a.m.s.f.DefaultMavenResourcesFiltering - skip non existing resourceDirectory C:\Users\antma\Desktop\curso_carpeta\semana3_Spring Boot y Angular\WorkSpace\Tarea\src\test\resources
2025-06-06 12:10:22,690 [Worker-112: Building] INFO  o.a.m.s.f.DefaultMavenResourcesFiltering - Copying 1 resource from src\main\resources to target\classes
2025-06-06 12:10:22,714 [Worker-112: Building] INFO  o.a.m.s.f.DefaultMavenResourcesFiltering - Copying 0 resource from src\main\resources to target\classes
2025-06-06 12:10:22,740 [Worker-112: Building] INFO  o.a.m.s.f.DefaultMavenResourcesFiltering - skip non existing resourceDirectory C:\Users\antma\Desktop\curso_carpeta\semana3_Spring Boot y Angular\WorkSpace\Tarea\src\test\resources
2025-06-06 12:12:50,126 [Worker-110: Building] INFO  o.a.m.s.f.DefaultMavenResourcesFiltering - Copying 1 resource from src\main\resources to target\classes
2025-06-06 12:12:50,225 [Worker-110: Building] INFO  o.a.m.s.f.DefaultMavenResourcesFiltering - Copying 0 resource from src\main\resources to target\classes
2025-06-06 12:12:50,239 [Worker-110: Building] INFO  o.a.m.s.f.DefaultMavenResourcesFiltering - skip non existing resourceDirectory C:\Users\antma\Desktop\curso_carpeta\semana3_Spring Boot y Angular\WorkSpace\Tarea\src\test\resources
2025-06-06 12:13:09,978 [Worker-101: Building] INFO  o.a.m.s.f.DefaultMavenResourcesFiltering - Copying 1 resource from src\main\resources to target\classes
2025-06-06 12:13:10,000 [Worker-101: Building] INFO  o.a.m.s.f.DefaultMavenResourcesFiltering - Copying 0 resource from src\main\resources to target\classes
2025-06-06 12:13:10,016 [Worker-101: Building] INFO  o.a.m.s.f.DefaultMavenResourcesFiltering - skip non existing resourceDirectory C:\Users\antma\Desktop\curso_carpeta\semana3_Spring Boot y Angular\WorkSpace\Tarea\src\test\resources
2025-06-06 12:14:46,669 [Worker-112: Building] INFO  o.a.m.s.f.DefaultMavenResourcesFiltering - Copying 1 resource from src\main\resources to target\classes
2025-06-06 12:14:46,684 [Worker-112: Building] INFO  o.a.m.s.f.DefaultMavenResourcesFiltering - Copying 0 resource from src\main\resources to target\classes
2025-06-06 12:14:46,693 [Worker-112: Building] INFO  o.a.m.s.f.DefaultMavenResourcesFiltering - skip non existing resourceDirectory C:\Users\antma\Desktop\curso_carpeta\semana3_Spring Boot y Angular\WorkSpace\Tarea\src\test\resources
2025-06-06 12:17:19,062 [Worker-101: Building] INFO  o.a.m.s.f.DefaultMavenResourcesFiltering - Copying 1 resource from src\main\resources to target\classes
2025-06-06 12:17:19,098 [Worker-101: Building] INFO  o.a.m.s.f.DefaultMavenResourcesFiltering - Copying 0 resource from src\main\resources to target\classes
2025-06-06 12:17:19,124 [Worker-101: Building] INFO  o.a.m.s.f.DefaultMavenResourcesFiltering - skip non existing resourceDirectory C:\Users\antma\Desktop\curso_carpeta\semana3_Spring Boot y Angular\WorkSpace\Tarea\src\test\resources
2025-06-06 12:24:09,424 [Worker-116: Building] INFO  o.a.m.s.f.DefaultMavenResourcesFiltering - Copying 1 resource from src\main\resources to target\classes
2025-06-06 12:24:09,498 [Worker-116: Building] INFO  o.a.m.s.f.DefaultMavenResourcesFiltering - Copying 0 resource from src\main\resources to target\classes
2025-06-06 12:24:09,505 [Worker-116: Building] INFO  o.a.m.s.f.DefaultMavenResourcesFiltering - skip non existing resourceDirectory C:\Users\antma\Desktop\curso_carpeta\semana3_Spring Boot y Angular\WorkSpace\Tarea\src\test\resources
2025-06-06 12:26:44,511 [Worker-110: Building] INFO  o.a.m.s.f.DefaultMavenResourcesFiltering - Copying 1 resource from src\main\resources to target\classes
2025-06-06 12:26:44,630 [Worker-110: Building] INFO  o.a.m.s.f.DefaultMavenResourcesFiltering - Copying 0 resource from src\main\resources to target\classes
2025-06-06 12:26:44,638 [Worker-110: Building] INFO  o.a.m.s.f.DefaultMavenResourcesFiltering - skip non existing resourceDirectory C:\Users\antma\Desktop\curso_carpeta\semana3_Spring Boot y Angular\WorkSpace\Tarea\src\test\resources
2025-06-08 01:25:11,371 [Worker-142: Import Getting Started Content] INFO  o.e.m.c.i.l.LifecycleMappingFactory - Using org.eclipse.m2e.jdt.JarLifecycleMapping lifecycle mapping for MavenProject: com..mx.Cajero:CAJERO:0.0.1-SNAPSHOT @ C:\Users\antma\Desktop\curso_carpeta\semana3_Spring Boot y Angular\WorkSpace\CAJERO\pom.xml.
2025-06-08 01:25:22,874 [Worker-142: Import Getting Started Content] INFO  o.e.m.j.i.AbstractJavaProjectConfigurator - Adding source folder /CAJERO/src/main/java
2025-06-08 01:25:22,879 [Worker-142: Import Getting Started Content] INFO  o.e.m.j.i.AbstractJavaProjectConfigurator - Adding resource folder /CAJERO/src/main/resources
2025-06-08 01:25:22,910 [Worker-142: Import Getting Started Content] INFO  o.e.m.j.i.AbstractJavaProjectConfigurator - Adding resource folder /CAJERO/src/main/resources
2025-06-08 01:25:22,957 [Worker-142: Import Getting Started Content] INFO  o.e.m.j.i.AbstractJavaProjectConfigurator - Adding source folder /CAJERO/src/test/java
2025-06-08 01:25:22,959 [Worker-142: Import Getting Started Content] INFO  o.e.m.j.i.AbstractJavaProjectConfigurator - Adding resource folder /CAJERO/src/test/resources
2025-06-08 01:25:36,608 [Worker-142: Import Getting Started Content] INFO  o.e.m.c.i.p.ProjectConfigurationManager - Imported and configured 1 project(s) in 38 sec
2025-06-08 01:25:36,622 [Worker-142: Import Getting Started Content] INFO  o.e.m.c.i.p.ProjectConfigurationManager - Update started
2025-06-08 01:25:38,857 [Worker-142: Import Getting Started Content] INFO  o.e.m.c.i.l.LifecycleMappingFactory - Using org.eclipse.m2e.jdt.JarLifecycleMapping lifecycle mapping for MavenProject: com..mx.Cajero:CAJERO:0.0.1-SNAPSHOT @ C:\Users\antma\Desktop\curso_carpeta\semana3_Spring Boot y Angular\WorkSpace\CAJERO\pom.xml.
2025-06-08 01:25:42,211 [Worker-142: Import Getting Started Content] INFO  o.e.m.j.i.AbstractJavaProjectConfigurator - Adding source folder /CAJERO/src/main/java
2025-06-08 01:25:42,214 [Worker-142: Import Getting Started Content] INFO  o.e.m.j.i.AbstractJavaProjectConfigurator - Adding resource folder /CAJERO/src/main/resources
2025-06-08 01:25:42,218 [Worker-142: Import Getting Started Content] INFO  o.e.m.j.i.AbstractJavaProjectConfigurator - Adding resource folder /CAJERO/src/main/resources
2025-06-08 01:25:42,234 [Worker-142: Import Getting Started Content] INFO  o.e.m.j.i.AbstractJavaProjectConfigurator - Adding source folder /CAJERO/src/test/java
2025-06-08 01:25:42,240 [Worker-142: Import Getting Started Content] INFO  o.e.m.j.i.AbstractJavaProjectConfigurator - Adding resource folder /CAJERO/src/test/resources
2025-06-08 01:25:46,707 [Worker-142: Import Getting Started Content] INFO  o.e.m.c.i.p.ProjectConfigurationManager - Update completed for 1 poms: local refresh takes 0.00 sec, refresh facades takes 5.00 sec, update config takes 1.00 sec 
2025-06-08 01:25:50,583 [Worker-139: Building] INFO  o.a.m.s.f.DefaultMavenResourcesFiltering - Copying 1 resource from src\main\resources to target\classes
2025-06-08 01:25:50,762 [Worker-139: Building] INFO  o.a.m.s.f.DefaultMavenResourcesFiltering - Copying 0 resource from src\main\resources to target\classes
2025-06-08 01:25:50,801 [Worker-139: Building] INFO  o.a.m.s.f.DefaultMavenResourcesFiltering - skip non existing resourceDirectory C:\Users\antma\Desktop\curso_carpeta\semana3_Spring Boot y Angular\WorkSpace\CAJERO\src\test\resources
2025-06-08 01:27:34,352 [Worker-137: Building] INFO  o.a.m.s.f.DefaultMavenResourcesFiltering - Copying 1 resource from src\main\resources to target\classes
2025-06-08 01:27:34,454 [Worker-137: Building] INFO  o.a.m.s.f.DefaultMavenResourcesFiltering - Copying 0 resource from src\main\resources to target\classes
2025-06-08 01:27:34,471 [Worker-137: Building] INFO  o.a.m.s.f.DefaultMavenResourcesFiltering - skip non existing resourceDirectory C:\Users\antma\Desktop\curso_carpeta\semana3_Spring Boot y Angular\WorkSpace\CAJERO\src\test\resources
2025-06-08 01:29:04,839 [Worker-148: Building] INFO  o.a.m.s.f.DefaultMavenResourcesFiltering - Copying 1 resource from src\main\resources to target\classes
2025-06-08 01:29:04,863 [Worker-148: Building] INFO  o.a.m.s.f.DefaultMavenResourcesFiltering - Copying 0 resource from src\main\resources to target\classes
2025-06-08 01:29:04,991 [Worker-148: Building] INFO  o.a.m.s.f.DefaultMavenResourcesFiltering - skip non existing resourceDirectory C:\Users\antma\Desktop\curso_carpeta\semana3_Spring Boot y Angular\WorkSpace\CAJERO\src\test\resources
2025-06-08 01:32:09,213 [Worker-150: Building] INFO  o.a.m.s.f.DefaultMavenResourcesFiltering - Copying 1 resource from src\main\resources to target\classes
2025-06-08 01:32:09,270 [Worker-150: Building] INFO  o.a.m.s.f.DefaultMavenResourcesFiltering - Copying 0 resource from src\main\resources to target\classes
2025-06-08 01:32:09,317 [Worker-150: Building] INFO  o.a.m.s.f.DefaultMavenResourcesFiltering - skip non existing resourceDirectory C:\Users\antma\Desktop\curso_carpeta\semana3_Spring Boot y Angular\WorkSpace\CAJERO\src\test\resources
2025-06-08 01:33:21,424 [Worker-132: Building] INFO  o.a.m.s.f.DefaultMavenResourcesFiltering - Copying 1 resource from src\main\resources to target\classes
2025-06-08 01:33:21,449 [Worker-132: Building] INFO  o.a.m.s.f.DefaultMavenResourcesFiltering - Copying 0 resource from src\main\resources to target\classes
2025-06-08 01:33:21,466 [Worker-132: Building] INFO  o.a.m.s.f.DefaultMavenResourcesFiltering - skip non existing resourceDirectory C:\Users\antma\Desktop\curso_carpeta\semana3_Spring Boot y Angular\WorkSpace\CAJERO\src\test\resources
2025-06-08 01:34:03,983 [Worker-132: Building] INFO  o.a.m.s.f.DefaultMavenResourcesFiltering - Copying 1 resource from src\main\resources to target\classes
2025-06-08 01:34:04,034 [Worker-132: Building] INFO  o.a.m.s.f.DefaultMavenResourcesFiltering - Copying 0 resource from src\main\resources to target\classes
2025-06-08 01:34:04,046 [Worker-132: Building] INFO  o.a.m.s.f.DefaultMavenResourcesFiltering - skip non existing resourceDirectory C:\Users\antma\Desktop\curso_carpeta\semana3_Spring Boot y Angular\WorkSpace\CAJERO\src\test\resources
2025-06-08 01:34:45,533 [Worker-152: Building] INFO  o.a.m.s.f.DefaultMavenResourcesFiltering - Copying 1 resource from src\main\resources to target\classes
2025-06-08 01:34:45,609 [Worker-152: Building] INFO  o.a.m.s.f.DefaultMavenResourcesFiltering - Copying 0 resource from src\main\resources to target\classes
2025-06-08 01:34:45,618 [Worker-152: Building] INFO  o.a.m.s.f.DefaultMavenResourcesFiltering - skip non existing resourceDirectory C:\Users\antma\Desktop\curso_carpeta\semana3_Spring Boot y Angular\WorkSpace\CAJERO\src\test\resources
2025-06-08 01:35:14,639 [Worker-148: Building] INFO  o.a.m.s.f.DefaultMavenResourcesFiltering - Copying 1 resource from src\main\resources to target\classes
2025-06-08 01:35:14,716 [Worker-148: Building] INFO  o.a.m.s.f.DefaultMavenResourcesFiltering - Copying 0 resource from src\main\resources to target\classes
2025-06-08 01:35:14,728 [Worker-148: Building] INFO  o.a.m.s.f.DefaultMavenResourcesFiltering - skip non existing resourceDirectory C:\Users\antma\Desktop\curso_carpeta\semana3_Spring Boot y Angular\WorkSpace\CAJERO\src\test\resources
2025-06-08 01:35:36,548 [Worker-144: Building] INFO  o.a.m.s.f.DefaultMavenResourcesFiltering - Copying 1 resource from src\main\resources to target\classes
2025-06-08 01:35:36,681 [Worker-144: Building] INFO  o.a.m.s.f.DefaultMavenResourcesFiltering - Copying 0 resource from src\main\resources to target\classes
2025-06-08 01:35:36,696 [Worker-144: Building] INFO  o.a.m.s.f.DefaultMavenResourcesFiltering - skip non existing resourceDirectory C:\Users\antma\Desktop\curso_carpeta\semana3_Spring Boot y Angular\WorkSpace\CAJERO\src\test\resources
2025-06-08 01:39:47,746 [Worker-144: Building] INFO  o.a.m.s.f.DefaultMavenResourcesFiltering - Copying 1 resource from src\main\resources to target\classes
2025-06-08 01:39:47,764 [Worker-144: Building] INFO  o.a.m.s.f.DefaultMavenResourcesFiltering - Copying 0 resource from src\main\resources to target\classes
2025-06-08 01:39:47,771 [Worker-144: Building] INFO  o.a.m.s.f.DefaultMavenResourcesFiltering - skip non existing resourceDirectory C:\Users\antma\Desktop\curso_carpeta\semana3_Spring Boot y Angular\WorkSpace\CAJERO\src\test\resources
2025-06-08 01:41:39,816 [Worker-141: Building] INFO  o.a.m.s.f.DefaultMavenResourcesFiltering - Copying 1 resource from src\main\resources to target\classes
2025-06-08 01:41:39,889 [Worker-141: Building] INFO  o.a.m.s.f.DefaultMavenResourcesFiltering - Copying 0 resource from src\main\resources to target\classes
2025-06-08 01:41:39,993 [Worker-141: Building] INFO  o.a.m.s.f.DefaultMavenResourcesFiltering - skip non existing resourceDirectory C:\Users\antma\Desktop\curso_carpeta\semana3_Spring Boot y Angular\WorkSpace\CAJERO\src\test\resources
2025-06-08 01:41:49,058 [Worker-152: Building] INFO  o.a.m.s.f.DefaultMavenResourcesFiltering - Copying 1 resource from src\main\resources to target\classes
2025-06-08 01:41:49,109 [Worker-152: Building] INFO  o.a.m.s.f.DefaultMavenResourcesFiltering - Copying 0 resource from src\main\resources to target\classes
2025-06-08 01:41:49,119 [Worker-152: Building] INFO  o.a.m.s.f.DefaultMavenResourcesFiltering - skip non existing resourceDirectory C:\Users\antma\Desktop\curso_carpeta\semana3_Spring Boot y Angular\WorkSpace\CAJERO\src\test\resources
2025-06-08 01:42:50,644 [Worker-144: Building] INFO  o.a.m.s.f.DefaultMavenResourcesFiltering - Copying 1 resource from src\main\resources to target\classes
2025-06-08 01:42:50,673 [Worker-144: Building] INFO  o.a.m.s.f.DefaultMavenResourcesFiltering - Copying 0 resource from src\main\resources to target\classes
2025-06-08 01:42:50,717 [Worker-144: Building] INFO  o.a.m.s.f.DefaultMavenResourcesFiltering - skip non existing resourceDirectory C:\Users\antma\Desktop\curso_carpeta\semana3_Spring Boot y Angular\WorkSpace\CAJERO\src\test\resources
2025-06-08 01:45:49,550 [Worker-139: Building] INFO  o.a.m.s.f.DefaultMavenResourcesFiltering - Copying 1 resource from src\main\resources to target\classes
2025-06-08 01:45:49,597 [Worker-139: Building] INFO  o.a.m.s.f.DefaultMavenResourcesFiltering - Copying 0 resource from src\main\resources to target\classes
2025-06-08 01:45:49,626 [Worker-139: Building] INFO  o.a.m.s.f.DefaultMavenResourcesFiltering - skip non existing resourceDirectory C:\Users\antma\Desktop\curso_carpeta\semana3_Spring Boot y Angular\WorkSpace\CAJERO\src\test\resources
2025-06-08 01:46:30,458 [Worker-141: Building] INFO  o.a.m.s.f.DefaultMavenResourcesFiltering - Copying 1 resource from src\main\resources to target\classes
2025-06-08 01:46:30,614 [Worker-141: Building] INFO  o.a.m.s.f.DefaultMavenResourcesFiltering - Copying 0 resource from src\main\resources to target\classes
2025-06-08 01:46:30,639 [Worker-141: Building] INFO  o.a.m.s.f.DefaultMavenResourcesFiltering - skip non existing resourceDirectory C:\Users\antma\Desktop\curso_carpeta\semana3_Spring Boot y Angular\WorkSpace\CAJERO\src\test\resources
2025-06-08 01:47:21,046 [Worker-132: Building] INFO  o.a.m.s.f.DefaultMavenResourcesFiltering - Copying 1 resource from src\main\resources to target\classes
2025-06-08 01:47:21,085 [Worker-132: Building] INFO  o.a.m.s.f.DefaultMavenResourcesFiltering - Copying 0 resource from src\main\resources to target\classes
2025-06-08 01:47:22,448 [Worker-132: Building] INFO  o.a.m.s.f.DefaultMavenResourcesFiltering - skip non existing resourceDirectory C:\Users\antma\Desktop\curso_carpeta\semana3_Spring Boot y Angular\WorkSpace\CAJERO\src\test\resources
2025-06-08 01:48:50,706 [Worker-139: Building] INFO  o.a.m.s.f.DefaultMavenResourcesFiltering - Copying 1 resource from src\main\resources to target\classes
2025-06-08 01:48:50,725 [Worker-139: Building] INFO  o.a.m.s.f.DefaultMavenResourcesFiltering - Copying 0 resource from src\main\resources to target\classes
2025-06-08 01:48:50,736 [Worker-139: Building] INFO  o.a.m.s.f.DefaultMavenResourcesFiltering - skip non existing resourceDirectory C:\Users\antma\Desktop\curso_carpeta\semana3_Spring Boot y Angular\WorkSpace\CAJERO\src\test\resources
2025-06-08 01:49:55,183 [Worker-152: Building] INFO  o.a.m.s.f.DefaultMavenResourcesFiltering - Copying 1 resource from src\main\resources to target\classes
2025-06-08 01:49:55,202 [Worker-152: Building] INFO  o.a.m.s.f.DefaultMavenResourcesFiltering - Copying 0 resource from src\main\resources to target\classes
2025-06-08 01:49:55,238 [Worker-152: Building] INFO  o.a.m.s.f.DefaultMavenResourcesFiltering - skip non existing resourceDirectory C:\Users\antma\Desktop\curso_carpeta\semana3_Spring Boot y Angular\WorkSpace\CAJERO\src\test\resources
2025-06-08 02:00:44,974 [Worker-160: Building] INFO  o.a.m.s.f.DefaultMavenResourcesFiltering - Copying 1 resource from src\main\resources to target\classes
2025-06-08 02:00:45,090 [Worker-160: Building] INFO  o.a.m.s.f.DefaultMavenResourcesFiltering - Copying 0 resource from src\main\resources to target\classes
2025-06-08 02:00:45,110 [Worker-160: Building] INFO  o.a.m.s.f.DefaultMavenResourcesFiltering - skip non existing resourceDirectory C:\Users\antma\Desktop\curso_carpeta\semana3_Spring Boot y Angular\WorkSpace\CAJERO\src\test\resources
2025-06-08 02:02:36,035 [Worker-159: Building] INFO  o.a.m.s.f.DefaultMavenResourcesFiltering - Copying 1 resource from src\main\resources to target\classes
2025-06-08 02:02:36,047 [Worker-159: Building] INFO  o.a.m.s.f.DefaultMavenResourcesFiltering - Copying 0 resource from src\main\resources to target\classes
2025-06-08 02:02:36,057 [Worker-159: Building] INFO  o.a.m.s.f.DefaultMavenResourcesFiltering - skip non existing resourceDirectory C:\Users\antma\Desktop\curso_carpeta\semana3_Spring Boot y Angular\WorkSpace\CAJERO\src\test\resources
2025-06-08 02:02:47,947 [Worker-159: Building] INFO  o.a.m.s.f.DefaultMavenResourcesFiltering - Copying 1 resource from src\main\resources to target\classes
2025-06-08 02:02:47,984 [Worker-159: Building] INFO  o.a.m.s.f.DefaultMavenResourcesFiltering - Copying 0 resource from src\main\resources to target\classes
2025-06-08 02:02:47,991 [Worker-159: Building] INFO  o.a.m.s.f.DefaultMavenResourcesFiltering - skip non existing resourceDirectory C:\Users\antma\Desktop\curso_carpeta\semana3_Spring Boot y Angular\WorkSpace\CAJERO\src\test\resources
2025-06-08 02:05:15,659 [Worker-158: Building] INFO  o.a.m.s.f.DefaultMavenResourcesFiltering - Copying 1 resource from src\main\resources to target\classes
2025-06-08 02:05:15,671 [Worker-158: Building] INFO  o.a.m.s.f.DefaultMavenResourcesFiltering - Copying 0 resource from src\main\resources to target\classes
2025-06-08 02:05:15,679 [Worker-158: Building] INFO  o.a.m.s.f.DefaultMavenResourcesFiltering - skip non existing resourceDirectory C:\Users\antma\Desktop\curso_carpeta\semana3_Spring Boot y Angular\WorkSpace\CAJERO\src\test\resources
2025-06-08 02:06:37,519 [Worker-158: Building] INFO  o.a.m.s.f.DefaultMavenResourcesFiltering - Copying 1 resource from src\main\resources to target\classes
2025-06-08 02:06:37,540 [Worker-158: Building] INFO  o.a.m.s.f.DefaultMavenResourcesFiltering - Copying 0 resource from src\main\resources to target\classes
2025-06-08 02:06:37,544 [Worker-158: Building] INFO  o.a.m.s.f.DefaultMavenResourcesFiltering - skip non existing resourceDirectory C:\Users\antma\Desktop\curso_carpeta\semana3_Spring Boot y Angular\WorkSpace\CAJERO\src\test\resources
2025-06-08 02:07:39,055 [Worker-152: Building] INFO  o.a.m.s.f.DefaultMavenResourcesFiltering - Copying 1 resource from src\main\resources to target\classes
2025-06-08 02:07:39,148 [Worker-152: Building] INFO  o.a.m.s.f.DefaultMavenResourcesFiltering - Copying 0 resource from src\main\resources to target\classes
2025-06-08 02:07:39,152 [Worker-152: Building] INFO  o.a.m.s.f.DefaultMavenResourcesFiltering - skip non existing resourceDirectory C:\Users\antma\Desktop\curso_carpeta\semana3_Spring Boot y Angular\WorkSpace\CAJERO\src\test\resources
2025-06-08 02:07:50,852 [Worker-159: Building] INFO  o.a.m.s.f.DefaultMavenResourcesFiltering - Copying 1 resource from src\main\resources to target\classes
2025-06-08 02:07:50,875 [Worker-159: Building] INFO  o.a.m.s.f.DefaultMavenResourcesFiltering - Copying 0 resource from src\main\resources to target\classes
2025-06-08 02:07:50,881 [Worker-159: Building] INFO  o.a.m.s.f.DefaultMavenResourcesFiltering - skip non existing resourceDirectory C:\Users\antma\Desktop\curso_carpeta\semana3_Spring Boot y Angular\WorkSpace\CAJERO\src\test\resources
2025-06-08 02:15:25,778 [Worker-158: Building] INFO  o.a.m.s.f.DefaultMavenResourcesFiltering - Copying 1 resource from src\main\resources to target\classes
2025-06-08 02:15:25,952 [Worker-158: Building] INFO  o.a.m.s.f.DefaultMavenResourcesFiltering - Copying 0 resource from src\main\resources to target\classes
2025-06-08 02:15:25,963 [Worker-158: Building] INFO  o.a.m.s.f.DefaultMavenResourcesFiltering - skip non existing resourceDirectory C:\Users\antma\Desktop\curso_carpeta\semana3_Spring Boot y Angular\WorkSpace\CAJERO\src\test\resources
2025-06-08 02:15:57,547 [Worker-148: Building] INFO  o.a.m.s.f.DefaultMavenResourcesFiltering - Copying 1 resource from src\main\resources to target\classes
2025-06-08 02:15:57,557 [Worker-148: Building] INFO  o.a.m.s.f.DefaultMavenResourcesFiltering - Copying 0 resource from src\main\resources to target\classes
2025-06-08 02:15:57,561 [Worker-148: Building] INFO  o.a.m.s.f.DefaultMavenResourcesFiltering - skip non existing resourceDirectory C:\Users\antma\Desktop\curso_carpeta\semana3_Spring Boot y Angular\WorkSpace\CAJERO\src\test\resources
2025-06-08 02:16:15,122 [Worker-159: Building] INFO  o.a.m.s.f.DefaultMavenResourcesFiltering - Copying 1 resource from src\main\resources to target\classes
2025-06-08 02:16:15,153 [Worker-159: Building] INFO  o.a.m.s.f.DefaultMavenResourcesFiltering - Copying 0 resource from src\main\resources to target\classes
2025-06-08 02:16:15,158 [Worker-159: Building] INFO  o.a.m.s.f.DefaultMavenResourcesFiltering - skip non existing resourceDirectory C:\Users\antma\Desktop\curso_carpeta\semana3_Spring Boot y Angular\WorkSpace\CAJERO\src\test\resources
2025-06-08 02:19:21,950 [Worker-157: Building] INFO  o.a.m.s.f.DefaultMavenResourcesFiltering - Copying 1 resource from src\main\resources to target\classes
2025-06-08 02:19:22,164 [Worker-157: Building] INFO  o.a.m.s.f.DefaultMavenResourcesFiltering - Copying 0 resource from src\main\resources to target\classes
2025-06-08 02:19:22,175 [Worker-157: Building] INFO  o.a.m.s.f.DefaultMavenResourcesFiltering - skip non existing resourceDirectory C:\Users\antma\Desktop\curso_carpeta\semana3_Spring Boot y Angular\WorkSpace\CAJERO\src\test\resources
2025-06-08 02:21:34,068 [Worker-159: Building] INFO  o.a.m.s.f.DefaultMavenResourcesFiltering - Copying 1 resource from src\main\resources to target\classes
2025-06-08 02:21:34,260 [Worker-159: Building] INFO  o.a.m.s.f.DefaultMavenResourcesFiltering - Copying 0 resource from src\main\resources to target\classes
2025-06-08 02:21:34,265 [Worker-159: Building] INFO  o.a.m.s.f.DefaultMavenResourcesFiltering - skip non existing resourceDirectory C:\Users\antma\Desktop\curso_carpeta\semana3_Spring Boot y Angular\WorkSpace\CAJERO\src\test\resources
2025-06-08 02:22:00,067 [Worker-157: Building] INFO  o.a.m.s.f.DefaultMavenResourcesFiltering - Copying 1 resource from src\main\resources to target\classes
2025-06-08 02:22:00,198 [Worker-157: Building] INFO  o.a.m.s.f.DefaultMavenResourcesFiltering - Copying 0 resource from src\main\resources to target\classes
2025-06-08 02:22:00,203 [Worker-157: Building] INFO  o.a.m.s.f.DefaultMavenResourcesFiltering - skip non existing resourceDirectory C:\Users\antma\Desktop\curso_carpeta\semana3_Spring Boot y Angular\WorkSpace\CAJERO\src\test\resources
2025-06-09 03:09:03,589 [Worker-160: Building] INFO  o.a.m.s.f.DefaultMavenResourcesFiltering - Copying 1 resource from src\main\resources to target\classes
2025-06-09 03:09:04,252 [Worker-160: Building] INFO  o.a.m.s.f.DefaultMavenResourcesFiltering - Copying 0 resource from src\main\resources to target\classes
2025-06-09 03:09:04,350 [Worker-160: Building] INFO  o.a.m.s.f.DefaultMavenResourcesFiltering - skip non existing resourceDirectory C:\Users\antma\Desktop\curso_carpeta\semana3_Spring Boot y Angular\WorkSpace\CAJERO\src\test\resources
2025-06-09 03:10:02,503 [Worker-132: Building] INFO  o.a.m.s.f.DefaultMavenResourcesFiltering - Copying 1 resource from src\main\resources to target\classes
2025-06-09 03:10:02,745 [Worker-132: Building] INFO  o.a.m.s.f.DefaultMavenResourcesFiltering - Copying 0 resource from src\main\resources to target\classes
2025-06-09 03:10:02,793 [Worker-132: Building] INFO  o.a.m.s.f.DefaultMavenResourcesFiltering - skip non existing resourceDirectory C:\Users\antma\Desktop\curso_carpeta\semana3_Spring Boot y Angular\WorkSpace\CAJERO\src\test\resources
2025-06-09 03:27:54,022 [Worker-184: Building] INFO  o.a.m.s.f.DefaultMavenResourcesFiltering - Copying 1 resource from src\main\resources to target\classes
2025-06-09 03:27:55,290 [Worker-184: Building] INFO  o.a.m.s.f.DefaultMavenResourcesFiltering - Copying 0 resource from src\main\resources to target\classes
2025-06-09 03:27:55,951 [Worker-184: Building] INFO  o.a.m.s.f.DefaultMavenResourcesFiltering - skip non existing resourceDirectory C:\Users\antma\Desktop\curso_carpeta\semana3_Spring Boot y Angular\WorkSpace\CAJERO\src\test\resources
2025-06-09 03:28:12,270 [Worker-183: Building] INFO  o.a.m.s.f.DefaultMavenResourcesFiltering - Copying 1 resource from src\main\resources to target\classes
2025-06-09 03:28:12,290 [Worker-183: Building] INFO  o.a.m.s.f.DefaultMavenResourcesFiltering - Copying 0 resource from src\main\resources to target\classes
2025-06-09 03:28:12,297 [Worker-183: Building] INFO  o.a.m.s.f.DefaultMavenResourcesFiltering - skip non existing resourceDirectory C:\Users\antma\Desktop\curso_carpeta\semana3_Spring Boot y Angular\WorkSpace\CAJERO\src\test\resources
2025-06-09 03:40:56,751 [Worker-187: Building] INFO  o.a.m.s.f.DefaultMavenResourcesFiltering - Copying 1 resource from src\main\resources to target\classes
2025-06-09 03:40:56,826 [Worker-187: Building] INFO  o.a.m.s.f.DefaultMavenResourcesFiltering - Copying 0 resource from src\main\resources to target\classes
2025-06-09 03:40:56,856 [Worker-187: Building] INFO  o.a.m.s.f.DefaultMavenResourcesFiltering - skip non existing resourceDirectory C:\Users\antma\Desktop\curso_carpeta\semana3_Spring Boot y Angular\WorkSpace\CAJERO\src\test\resources
2025-06-09 03:42:30,543 [Worker-170: Building] INFO  o.a.m.s.f.DefaultMavenResourcesFiltering - Copying 1 resource from src\main\resources to target\classes
2025-06-09 03:42:30,595 [Worker-170: Building] INFO  o.a.m.s.f.DefaultMavenResourcesFiltering - Copying 0 resource from src\main\resources to target\classes
2025-06-09 03:42:30,619 [Worker-170: Building] INFO  o.a.m.s.f.DefaultMavenResourcesFiltering - skip non existing resourceDirectory C:\Users\antma\Desktop\curso_carpeta\semana3_Spring Boot y Angular\WorkSpace\CAJERO\src\test\resources
2025-06-09 03:43:03,125 [Worker-187: Building] INFO  o.a.m.s.f.DefaultMavenResourcesFiltering - Copying 1 resource from src\main\resources to target\classes
2025-06-09 03:43:03,185 [Worker-187: Building] INFO  o.a.m.s.f.DefaultMavenResourcesFiltering - Copying 0 resource from src\main\resources to target\classes
2025-06-09 03:43:03,206 [Worker-187: Building] INFO  o.a.m.s.f.DefaultMavenResourcesFiltering - skip non existing resourceDirectory C:\Users\antma\Desktop\curso_carpeta\semana3_Spring Boot y Angular\WorkSpace\CAJERO\src\test\resources
2025-06-09 03:43:28,253 [Worker-172: Building] INFO  o.a.m.s.f.DefaultMavenResourcesFiltering - Copying 1 resource from src\main\resources to target\classes
2025-06-09 03:43:28,497 [Worker-172: Building] INFO  o.a.m.s.f.DefaultMavenResourcesFiltering - Copying 0 resource from src\main\resources to target\classes
2025-06-09 03:43:28,512 [Worker-172: Building] INFO  o.a.m.s.f.DefaultMavenResourcesFiltering - skip non existing resourceDirectory C:\Users\antma\Desktop\curso_carpeta\semana3_Spring Boot y Angular\WorkSpace\CAJERO\src\test\resources
2025-06-09 05:23:14,133 [Worker-182: Building] INFO  o.a.m.s.f.DefaultMavenResourcesFiltering - Copying 1 resource from src\main\resources to target\classes
2025-06-09 05:23:14,368 [Worker-182: Building] INFO  o.a.m.s.f.DefaultMavenResourcesFiltering - Copying 0 resource from src\main\resources to target\classes
2025-06-09 05:23:14,416 [Worker-182: Building] INFO  o.a.m.s.f.DefaultMavenResourcesFiltering - skip non existing resourceDirectory C:\Users\antma\Desktop\curso_carpeta\semana3_Spring Boot y Angular\WorkSpace\CAJERO\src\test\resources
2025-06-09 05:23:53,944 [Worker-199: Building] INFO  o.a.m.s.f.DefaultMavenResourcesFiltering - Copying 1 resource from src\main\resources to target\classes
2025-06-09 05:23:53,961 [Worker-199: Building] INFO  o.a.m.s.f.DefaultMavenResourcesFiltering - Copying 0 resource from src\main\resources to target\classes
2025-06-09 05:23:53,970 [Worker-199: Building] INFO  o.a.m.s.f.DefaultMavenResourcesFiltering - skip non existing resourceDirectory C:\Users\antma\Desktop\curso_carpeta\semana3_Spring Boot y Angular\WorkSpace\CAJERO\src\test\resources
2025-06-16 11:40:49,978 [Worker-2: Loading available Gradle versions] INFO  o.e.b.c.i.u.g.PublishedGradleVersions - Gradle version information cache is out-of-date. Trying to update.
2025-06-16 11:42:14,362 [Worker-10: Building] INFO  o.a.m.s.f.DefaultMavenResourcesFiltering - Copying 1 resource from src\main\resources to target\classes
2025-06-16 11:42:14,469 [Worker-10: Building] INFO  o.a.m.s.f.DefaultMavenResourcesFiltering - Copying 1 resource from src\main\resources to target\classes
2025-06-16 11:42:14,550 [Worker-10: Building] INFO  o.a.m.s.f.DefaultMavenResourcesFiltering - skip non existing resourceDirectory C:\Users\antma\Desktop\curso_carpeta\semana3_Spring Boot y Angular\WorkSpace\Empleado\src\test\resources
2025-06-16 11:43:35,464 [Worker-9: Building] INFO  o.e.m.c.i.l.LifecycleMappingFactory - Using org.eclipse.m2e.jdt.JarLifecycleMapping lifecycle mapping for MavenProject: com.mx.Empleado:Empleado:0.0.1-SNAPSHOT @ C:\Users\antma\Desktop\curso_carpeta\semana3_Spring Boot y Angular\WorkSpace\Empleado\pom.xml.
2025-06-16 11:43:36,870 [Worker-9: Building] INFO  o.e.m.c.i.e.AbstractTransferListenerAdapter - Downloading https://repo.maven.apache.org/maven2/org/thymeleaf/thymeleaf/3.1.3.RELEASE/thymeleaf-3.1.3.RELEASE.pom
2025-06-16 11:43:37,037 [Worker-9: Building] INFO  o.e.m.c.i.e.AbstractTransferListenerAdapter - Downloaded https://repo.maven.apache.org/maven2/org/thymeleaf/thymeleaf/3.1.3.RELEASE/thymeleaf-3.1.3.RELEASE.pom
2025-06-16 11:43:37,268 [Worker-9: Building] INFO  o.e.m.c.i.e.AbstractTransferListenerAdapter - Downloading https://repo.maven.apache.org/maven2/org/thymeleaf/thymeleaf-lib/3.1.3.RELEASE/thymeleaf-lib-3.1.3.RELEASE.pom
2025-06-16 11:43:37,318 [Worker-9: Building] INFO  o.e.m.c.i.e.AbstractTransferListenerAdapter - Downloaded https://repo.maven.apache.org/maven2/org/thymeleaf/thymeleaf-lib/3.1.3.RELEASE/thymeleaf-lib-3.1.3.RELEASE.pom
2025-06-16 11:43:37,378 [Worker-9: Building] INFO  o.e.m.c.i.e.AbstractTransferListenerAdapter - Downloading https://repo.maven.apache.org/maven2/org/thymeleaf/thymeleaf-parent/3.1.3.RELEASE/thymeleaf-parent-3.1.3.RELEASE.pom
2025-06-16 11:43:37,450 [Worker-9: Building] INFO  o.e.m.c.i.e.AbstractTransferListenerAdapter - Downloaded https://repo.maven.apache.org/maven2/org/thymeleaf/thymeleaf-parent/3.1.3.RELEASE/thymeleaf-parent-3.1.3.RELEASE.pom
2025-06-16 11:43:37,542 [Worker-9: Building] INFO  o.e.m.c.i.e.AbstractTransferListenerAdapter - Downloading https://repo.maven.apache.org/maven2/com/fasterxml/jackson/jackson-bom/2.18.2/jackson-bom-2.18.2.pom
2025-06-16 11:43:37,597 [Worker-9: Building] INFO  o.e.m.c.i.e.AbstractTransferListenerAdapter - Downloaded https://repo.maven.apache.org/maven2/com/fasterxml/jackson/jackson-bom/2.18.2/jackson-bom-2.18.2.pom
2025-06-16 11:43:37,681 [Worker-9: Building] INFO  o.e.m.c.i.e.AbstractTransferListenerAdapter - Downloading https://repo.maven.apache.org/maven2/com/fasterxml/jackson/jackson-parent/2.18.1/jackson-parent-2.18.1.pom
2025-06-16 11:43:37,732 [Worker-9: Building] INFO  o.e.m.c.i.e.AbstractTransferListenerAdapter - Downloaded https://repo.maven.apache.org/maven2/com/fasterxml/jackson/jackson-parent/2.18.1/jackson-parent-2.18.1.pom
2025-06-16 11:43:37,841 [Worker-9: Building] INFO  o.e.m.c.i.e.AbstractTransferListenerAdapter - Downloading https://repo.maven.apache.org/maven2/io/projectreactor/reactor-bom/2024.0.0/reactor-bom-2024.0.0.pom
2025-06-16 11:43:37,895 [Worker-9: Building] INFO  o.e.m.c.i.e.AbstractTransferListenerAdapter - Downloaded https://repo.maven.apache.org/maven2/io/projectreactor/reactor-bom/2024.0.0/reactor-bom-2024.0.0.pom
2025-06-16 11:43:37,976 [Worker-9: Building] INFO  o.e.m.c.i.e.AbstractTransferListenerAdapter - Downloading https://repo.maven.apache.org/maven2/org/apache/logging/log4j/log4j-bom/2.24.2/log4j-bom-2.24.2.pom
2025-06-16 11:43:38,028 [Worker-9: Building] INFO  o.e.m.c.i.e.AbstractTransferListenerAdapter - Downloaded https://repo.maven.apache.org/maven2/org/apache/logging/log4j/log4j-bom/2.24.2/log4j-bom-2.24.2.pom
2025-06-16 11:43:38,104 [Worker-9: Building] INFO  o.e.m.c.i.e.AbstractTransferListenerAdapter - Downloading https://repo.maven.apache.org/maven2/org/junit/junit-bom/5.11.3/junit-bom-5.11.3.pom
2025-06-16 11:43:38,155 [Worker-9: Building] INFO  o.e.m.c.i.e.AbstractTransferListenerAdapter - Downloaded https://repo.maven.apache.org/maven2/org/junit/junit-bom/5.11.3/junit-bom-5.11.3.pom
2025-06-16 11:43:38,230 [Worker-9: Building] INFO  o.e.m.c.i.e.AbstractTransferListenerAdapter - Downloading https://repo.maven.apache.org/maven2/ognl/ognl/3.3.4/ognl-3.3.4.pom
2025-06-16 11:43:38,312 [Worker-9: Building] INFO  o.e.m.c.i.e.AbstractTransferListenerAdapter - Downloaded https://repo.maven.apache.org/maven2/ognl/ognl/3.3.4/ognl-3.3.4.pom
2025-06-16 11:43:38,396 [Worker-9: Building] INFO  o.e.m.c.i.e.AbstractTransferListenerAdapter - Downloading https://repo.maven.apache.org/maven2/org/javassist/javassist/3.29.0-GA/javassist-3.29.0-GA.pom
2025-06-16 11:43:38,452 [Worker-9: Building] INFO  o.e.m.c.i.e.AbstractTransferListenerAdapter - Downloaded https://repo.maven.apache.org/maven2/org/javassist/javassist/3.29.0-GA/javassist-3.29.0-GA.pom
2025-06-16 11:43:38,551 [Worker-9: Building] INFO  o.e.m.c.i.e.AbstractTransferListenerAdapter - Downloading https://repo.maven.apache.org/maven2/org/attoparser/attoparser/2.0.7.RELEASE/attoparser-2.0.7.RELEASE.pom
2025-06-16 11:43:38,675 [Worker-9: Building] INFO  o.e.m.c.i.e.AbstractTransferListenerAdapter - Downloaded https://repo.maven.apache.org/maven2/org/attoparser/attoparser/2.0.7.RELEASE/attoparser-2.0.7.RELEASE.pom
2025-06-16 11:43:38,764 [Worker-9: Building] INFO  o.e.m.c.i.e.AbstractTransferListenerAdapter - Downloading https://repo.maven.apache.org/maven2/org/unbescape/unbescape/1.1.6.RELEASE/unbescape-1.1.6.RELEASE.pom
2025-06-16 11:43:38,822 [Worker-9: Building] INFO  o.e.m.c.i.e.AbstractTransferListenerAdapter - Downloaded https://repo.maven.apache.org/maven2/org/unbescape/unbescape/1.1.6.RELEASE/unbescape-1.1.6.RELEASE.pom
2025-06-16 11:43:40,162 [Worker-9: Building] INFO  o.e.m.c.i.e.AbstractTransferListenerAdapter - Downloading https://repo.maven.apache.org/maven2/org/thymeleaf/thymeleaf/3.1.3.RELEASE/thymeleaf-3.1.3.RELEASE.jar
2025-06-16 11:43:40,486 [Worker-9: Building] INFO  o.e.m.c.i.e.AbstractTransferListenerAdapter - Downloaded https://repo.maven.apache.org/maven2/org/thymeleaf/thymeleaf/3.1.3.RELEASE/thymeleaf-3.1.3.RELEASE.jar
2025-06-16 11:43:40,557 [BasicRepositoryConnector-repo.maven.apache.org-0-3] INFO  o.e.m.c.i.e.AbstractTransferListenerAdapter - Downloading https://repo.maven.apache.org/maven2/org/unbescape/unbescape/1.1.6.RELEASE/unbescape-1.1.6.RELEASE.jar
2025-06-16 11:43:40,646 [BasicRepositoryConnector-repo.maven.apache.org-0-3] INFO  o.e.m.c.i.e.AbstractTransferListenerAdapter - Downloaded https://repo.maven.apache.org/maven2/org/unbescape/unbescape/1.1.6.RELEASE/unbescape-1.1.6.RELEASE.jar
2025-06-16 11:43:40,718 [BasicRepositoryConnector-repo.maven.apache.org-0-1] INFO  o.e.m.c.i.e.AbstractTransferListenerAdapter - Downloading https://repo.maven.apache.org/maven2/org/javassist/javassist/3.29.0-GA/javassist-3.29.0-GA.jar
2025-06-16 11:43:40,722 [BasicRepositoryConnector-repo.maven.apache.org-0-0] INFO  o.e.m.c.i.e.AbstractTransferListenerAdapter - Downloading https://repo.maven.apache.org/maven2/ognl/ognl/3.3.4/ognl-3.3.4.jar
2025-06-16 11:43:40,732 [BasicRepositoryConnector-repo.maven.apache.org-0-2] INFO  o.e.m.c.i.e.AbstractTransferListenerAdapter - Downloading https://repo.maven.apache.org/maven2/org/attoparser/attoparser/2.0.7.RELEASE/attoparser-2.0.7.RELEASE.jar
2025-06-16 11:43:41,040 [BasicRepositoryConnector-repo.maven.apache.org-0-2] INFO  o.e.m.c.i.e.AbstractTransferListenerAdapter - Downloaded https://repo.maven.apache.org/maven2/org/attoparser/attoparser/2.0.7.RELEASE/attoparser-2.0.7.RELEASE.jar
2025-06-16 11:43:41,019 [BasicRepositoryConnector-repo.maven.apache.org-0-0] INFO  o.e.m.c.i.e.AbstractTransferListenerAdapter - Downloaded https://repo.maven.apache.org/maven2/ognl/ognl/3.3.4/ognl-3.3.4.jar
2025-06-16 11:43:41,162 [BasicRepositoryConnector-repo.maven.apache.org-0-1] INFO  o.e.m.c.i.e.AbstractTransferListenerAdapter - Downloaded https://repo.maven.apache.org/maven2/org/javassist/javassist/3.29.0-GA/javassist-3.29.0-GA.jar
2025-06-16 11:43:49,732 [Worker-9: Building] INFO  o.e.m.c.i.l.LifecycleMappingFactory - Using org.eclipse.m2e.jdt.JarLifecycleMapping lifecycle mapping for MavenProject: com.mx.PadreHijo:PadreHijo:0.0.1-SNAPSHOT @ C:\Users\antma\Desktop\curso_carpeta\semana3_Spring Boot y Angular\WorkSpace\PadreHijo\pom.xml.
2025-06-16 11:43:53,153 [Worker-9: Building] INFO  o.e.m.c.i.p.WorkspaceClassifierResolverManager - Resolving P/PadreHijo: com.mx.PadreHijo:PadreHijo:0.0.1-SNAPSHOT with classifier  to /PadreHijo/target/classes
2025-06-16 11:43:53,494 [Worker-9: Building] INFO  o.e.m.c.i.l.LifecycleMappingFactory - Using org.eclipse.m2e.jdt.JarLifecycleMapping lifecycle mapping for MavenProject: com.example.Vehiculo:Vehiculo:0.0.1-SNAPSHOT @ C:\Users\antma\Desktop\curso_carpeta\semana3_Spring Boot y Angular\WorkSpace\Vehiculo\pom.xml.
2025-06-16 11:43:53,657 [Worker-9: Building] INFO  o.e.m.c.i.p.WorkspaceClassifierResolverManager - Resolving P/PadreHijo: com.mx.PadreHijo:PadreHijo:0.0.1-SNAPSHOT with classifier  to /PadreHijo/target/classes
2025-06-16 11:43:56,701 [Worker-9: Building] INFO  o.e.m.c.i.l.LifecycleMappingFactory - Using org.eclipse.m2e.jdt.JarLifecycleMapping lifecycle mapping for MavenProject: com.mx.EmpresaTrabajador:EmpresaTrabajador:0.0.1-SNAPSHOT @ C:\Users\antma\Desktop\curso_carpeta\semana3_Spring Boot y Angular\WorkSpace\EmpresaTrabajador\pom.xml.
2025-06-16 11:43:58,989 [Worker-9: Building] INFO  o.e.m.c.i.l.LifecycleMappingFactory - Using org.eclipse.m2e.jdt.JarLifecycleMapping lifecycle mapping for MavenProject: com..mx.Tarea:Tarea:0.0.1-SNAPSHOT @ C:\Users\antma\Desktop\curso_carpeta\semana3_Spring Boot y Angular\WorkSpace\Tarea\pom.xml.
2025-06-16 11:44:01,510 [Worker-9: Building] INFO  o.e.m.c.i.l.LifecycleMappingFactory - Using org.eclipse.m2e.jdt.JarLifecycleMapping lifecycle mapping for MavenProject: com..mx.Cajero:CAJERO:0.0.1-SNAPSHOT @ C:\Users\antma\Desktop\curso_carpeta\semana3_Spring Boot y Angular\WorkSpace\CAJERO\pom.xml.
2025-06-16 11:44:06,205 [Worker-7: Download sources and javadoc] INFO  o.e.m.c.i.e.AbstractTransferListenerAdapter - Downloading https://repo.maven.apache.org/maven2/org/thymeleaf/thymeleaf/3.1.3.RELEASE/thymeleaf-3.1.3.RELEASE-sources.jar
2025-06-16 11:44:07,004 [Worker-7: Download sources and javadoc] INFO  o.e.m.c.i.e.AbstractTransferListenerAdapter - Downloaded https://repo.maven.apache.org/maven2/org/thymeleaf/thymeleaf/3.1.3.RELEASE/thymeleaf-3.1.3.RELEASE-sources.jar
2025-06-16 11:44:07,038 [Worker-7: Download sources and javadoc] INFO  o.e.m.j.internal.DownloadSourcesJob - Downloaded sources for org.thymeleaf:thymeleaf:3.1.3.RELEASE
2025-06-16 11:44:07,548 [Worker-9: Building] INFO  o.a.m.s.f.DefaultMavenResourcesFiltering - Copying 0 resource from src\main\resources to target\classes
2025-06-16 11:44:07,557 [Worker-9: Building] INFO  o.a.m.s.f.DefaultMavenResourcesFiltering - Copying 0 resource from src\main\resources to target\classes
2025-06-16 11:44:07,569 [Worker-9: Building] INFO  o.a.m.s.f.DefaultMavenResourcesFiltering - skip non existing resourceDirectory C:\Users\antma\Desktop\curso_carpeta\semana3_Spring Boot y Angular\WorkSpace\Empleado\src\test\resources
2025-06-16 11:44:07,657 [Worker-7: Download sources and javadoc] INFO  o.e.m.c.i.e.AbstractTransferListenerAdapter - Downloading https://repo.maven.apache.org/maven2/ognl/ognl/3.3.4/ognl-3.3.4-sources.jar
2025-06-16 11:44:07,933 [Worker-7: Download sources and javadoc] INFO  o.e.m.c.i.e.AbstractTransferListenerAdapter - Downloaded https://repo.maven.apache.org/maven2/ognl/ognl/3.3.4/ognl-3.3.4-sources.jar
2025-06-16 11:44:08,000 [Worker-7: Download sources and javadoc] INFO  o.e.m.j.internal.DownloadSourcesJob - Downloaded sources for ognl:ognl:3.3.4
2025-06-16 11:44:08,236 [Worker-7: Download sources and javadoc] INFO  o.e.m.c.i.e.AbstractTransferListenerAdapter - Downloading https://repo.maven.apache.org/maven2/org/javassist/javassist/3.29.0-GA/javassist-3.29.0-GA-sources.jar
2025-06-16 11:44:08,505 [Worker-7: Download sources and javadoc] INFO  o.e.m.c.i.e.AbstractTransferListenerAdapter - Downloaded https://repo.maven.apache.org/maven2/org/javassist/javassist/3.29.0-GA/javassist-3.29.0-GA-sources.jar
2025-06-16 11:44:08,514 [Worker-7: Download sources and javadoc] INFO  o.e.m.j.internal.DownloadSourcesJob - Downloaded sources for org.javassist:javassist:3.29.0-GA
2025-06-16 11:44:08,707 [Worker-7: Download sources and javadoc] INFO  o.e.m.c.i.e.AbstractTransferListenerAdapter - Downloading https://repo.maven.apache.org/maven2/org/attoparser/attoparser/2.0.7.RELEASE/attoparser-2.0.7.RELEASE-sources.jar
2025-06-16 11:44:08,918 [Worker-7: Download sources and javadoc] INFO  o.e.m.c.i.e.AbstractTransferListenerAdapter - Downloaded https://repo.maven.apache.org/maven2/org/attoparser/attoparser/2.0.7.RELEASE/attoparser-2.0.7.RELEASE-sources.jar
2025-06-16 11:44:08,924 [Worker-7: Download sources and javadoc] INFO  o.e.m.j.internal.DownloadSourcesJob - Downloaded sources for org.attoparser:attoparser:2.0.7.RELEASE
2025-06-16 11:44:09,152 [Worker-7: Download sources and javadoc] INFO  o.e.m.c.i.e.AbstractTransferListenerAdapter - Downloading https://repo.maven.apache.org/maven2/org/unbescape/unbescape/1.1.6.RELEASE/unbescape-1.1.6.RELEASE-sources.jar
2025-06-16 11:44:09,315 [Worker-7: Download sources and javadoc] INFO  o.e.m.c.i.e.AbstractTransferListenerAdapter - Downloaded https://repo.maven.apache.org/maven2/org/unbescape/unbescape/1.1.6.RELEASE/unbescape-1.1.6.RELEASE-sources.jar
2025-06-16 11:44:09,335 [Worker-7: Download sources and javadoc] INFO  o.e.m.j.internal.DownloadSourcesJob - Downloaded sources for org.unbescape:unbescape:1.1.6.RELEASE
2025-06-16 11:44:17,063 [Worker-9: Building] INFO  o.a.m.s.f.DefaultMavenResourcesFiltering - Copying 1 resource from src\main\resources to target\classes
2025-06-16 11:44:17,131 [Worker-9: Building] INFO  o.a.m.s.f.DefaultMavenResourcesFiltering - Copying 1 resource from src\main\resources to target\classes
2025-06-16 11:44:17,143 [Worker-9: Building] INFO  o.a.m.s.f.DefaultMavenResourcesFiltering - skip non existing resourceDirectory C:\Users\antma\Desktop\curso_carpeta\semana3_Spring Boot y Angular\WorkSpace\Empleado\src\test\resources
2025-06-16 11:48:25,573 [Worker-13: Building] INFO  o.a.m.s.f.DefaultMavenResourcesFiltering - Copying 1 resource from src\main\resources to target\classes
2025-06-16 11:48:25,586 [Worker-13: Building] INFO  o.a.m.s.f.DefaultMavenResourcesFiltering - Copying 1 resource from src\main\resources to target\classes
2025-06-16 11:48:25,598 [Worker-13: Building] INFO  o.a.m.s.f.DefaultMavenResourcesFiltering - skip non existing resourceDirectory C:\Users\antma\Desktop\curso_carpeta\semana3_Spring Boot y Angular\WorkSpace\Empleado\src\test\resources
2025-06-16 11:48:45,849 [Worker-15: Building] INFO  o.a.m.s.f.DefaultMavenResourcesFiltering - Copying 1 resource from src\main\resources to target\classes
2025-06-16 11:48:45,870 [Worker-15: Building] INFO  o.a.m.s.f.DefaultMavenResourcesFiltering - Copying 1 resource from src\main\resources to target\classes
2025-06-16 11:48:45,882 [Worker-15: Building] INFO  o.a.m.s.f.DefaultMavenResourcesFiltering - skip non existing resourceDirectory C:\Users\antma\Desktop\curso_carpeta\semana3_Spring Boot y Angular\WorkSpace\Empleado\src\test\resources
2025-06-16 11:50:03,897 [Worker-10: Building] INFO  o.a.m.s.f.DefaultMavenResourcesFiltering - Copying 1 resource from src\main\resources to target\classes
2025-06-16 11:50:03,909 [Worker-10: Building] INFO  o.a.m.s.f.DefaultMavenResourcesFiltering - Copying 1 resource from src\main\resources to target\classes
2025-06-16 11:50:03,922 [Worker-10: Building] INFO  o.a.m.s.f.DefaultMavenResourcesFiltering - skip non existing resourceDirectory C:\Users\antma\Desktop\curso_carpeta\semana3_Spring Boot y Angular\WorkSpace\Empleado\src\test\resources
2025-06-16 11:55:05,350 [Worker-14: Building] INFO  o.a.m.s.f.DefaultMavenResourcesFiltering - Copying 1 resource from src\main\resources to target\classes
2025-06-16 11:55:05,375 [Worker-14: Building] INFO  o.a.m.s.f.DefaultMavenResourcesFiltering - Copying 1 resource from src\main\resources to target\classes
2025-06-16 11:55:05,383 [Worker-14: Building] INFO  o.a.m.s.f.DefaultMavenResourcesFiltering - skip non existing resourceDirectory C:\Users\antma\Desktop\curso_carpeta\semana3_Spring Boot y Angular\WorkSpace\Empleado\src\test\resources
2025-06-16 11:56:42,444 [Worker-15: Building] INFO  o.a.m.s.f.DefaultMavenResourcesFiltering - Copying 0 resource from src\main\resources to target\classes
2025-06-16 11:56:42,450 [Worker-15: Building] INFO  o.a.m.s.f.DefaultMavenResourcesFiltering - Copying 1 resource from src\main\resources to target\classes
2025-06-16 11:56:42,467 [Worker-15: Building] INFO  o.a.m.s.f.DefaultMavenResourcesFiltering - skip non existing resourceDirectory C:\Users\antma\Desktop\curso_carpeta\semana3_Spring Boot y Angular\WorkSpace\Empleado\src\test\resources
2025-06-16 11:57:39,685 [Worker-15: Building] INFO  o.a.m.s.f.DefaultMavenResourcesFiltering - Copying 1 resource from src\main\resources to target\classes
2025-06-16 11:57:39,714 [Worker-15: Building] INFO  o.a.m.s.f.DefaultMavenResourcesFiltering - Copying 1 resource from src\main\resources to target\classes
2025-06-16 11:57:39,719 [Worker-15: Building] INFO  o.a.m.s.f.DefaultMavenResourcesFiltering - skip non existing resourceDirectory C:\Users\antma\Desktop\curso_carpeta\semana3_Spring Boot y Angular\WorkSpace\Empleado\src\test\resources
2025-06-16 12:01:30,992 [Worker-11: Building] INFO  o.a.m.s.f.DefaultMavenResourcesFiltering - Copying 1 resource from src\main\resources to target\classes
2025-06-16 12:01:31,007 [Worker-11: Building] INFO  o.a.m.s.f.DefaultMavenResourcesFiltering - Copying 1 resource from src\main\resources to target\classes
2025-06-16 12:01:31,013 [Worker-11: Building] INFO  o.a.m.s.f.DefaultMavenResourcesFiltering - skip non existing resourceDirectory C:\Users\antma\Desktop\curso_carpeta\semana3_Spring Boot y Angular\WorkSpace\Empleado\src\test\resources
2025-06-16 12:10:36,208 [Worker-0: Building] INFO  o.e.m.c.i.l.LifecycleMappingFactory - Using org.eclipse.m2e.jdt.JarLifecycleMapping lifecycle mapping for MavenProject: com.mx.Empleado:Empleado:0.0.1-SNAPSHOT @ C:\Users\antma\Desktop\curso_carpeta\semana3_Spring Boot y Angular\WorkSpace\Empleado\pom.xml.
2025-06-16 12:10:37,276 [Worker-0: Building] INFO  o.e.m.c.i.e.AbstractTransferListenerAdapter - Downloading https://repo.maven.apache.org/maven2/org/springframework/boot/spring-boot-starter-thymeleaf/3.5.0/spring-boot-starter-thymeleaf-3.5.0.pom
2025-06-16 12:10:37,377 [Worker-0: Building] INFO  o.e.m.c.i.e.AbstractTransferListenerAdapter - Downloaded https://repo.maven.apache.org/maven2/org/springframework/boot/spring-boot-starter-thymeleaf/3.5.0/spring-boot-starter-thymeleaf-3.5.0.pom
2025-06-16 12:10:37,472 [Worker-0: Building] INFO  o.e.m.c.i.e.AbstractTransferListenerAdapter - Downloading https://repo.maven.apache.org/maven2/org/thymeleaf/thymeleaf-spring6/3.1.3.RELEASE/thymeleaf-spring6-3.1.3.RELEASE.pom
2025-06-16 12:10:37,551 [Worker-0: Building] INFO  o.e.m.c.i.e.AbstractTransferListenerAdapter - Downloaded https://repo.maven.apache.org/maven2/org/thymeleaf/thymeleaf-spring6/3.1.3.RELEASE/thymeleaf-spring6-3.1.3.RELEASE.pom
2025-06-16 12:10:37,668 [Worker-0: Building] INFO  o.e.m.c.i.e.AbstractTransferListenerAdapter - Downloading https://repo.maven.apache.org/maven2/org/springframework/spring-framework-bom/6.2.0/spring-framework-bom-6.2.0.pom
2025-06-16 12:10:37,754 [Worker-0: Building] INFO  o.e.m.c.i.e.AbstractTransferListenerAdapter - Downloaded https://repo.maven.apache.org/maven2/org/springframework/spring-framework-bom/6.2.0/spring-framework-bom-6.2.0.pom
2025-06-16 12:10:38,839 [Worker-0: Building] INFO  o.e.m.c.i.e.AbstractTransferListenerAdapter - Downloading https://repo.maven.apache.org/maven2/org/springframework/boot/spring-boot-starter-thymeleaf/3.5.0/spring-boot-starter-thymeleaf-3.5.0.jar
2025-06-16 12:10:39,034 [Worker-0: Building] INFO  o.e.m.c.i.e.AbstractTransferListenerAdapter - Downloaded https://repo.maven.apache.org/maven2/org/springframework/boot/spring-boot-starter-thymeleaf/3.5.0/spring-boot-starter-thymeleaf-3.5.0.jar
2025-06-16 12:10:39,101 [BasicRepositoryConnector-repo.maven.apache.org-1-0] INFO  o.e.m.c.i.e.AbstractTransferListenerAdapter - Downloading https://repo.maven.apache.org/maven2/org/thymeleaf/thymeleaf-spring6/3.1.3.RELEASE/thymeleaf-spring6-3.1.3.RELEASE.jar
2025-06-16 12:10:39,398 [BasicRepositoryConnector-repo.maven.apache.org-1-0] INFO  o.e.m.c.i.e.AbstractTransferListenerAdapter - Downloaded https://repo.maven.apache.org/maven2/org/thymeleaf/thymeleaf-spring6/3.1.3.RELEASE/thymeleaf-spring6-3.1.3.RELEASE.jar
2025-06-16 12:10:40,687 [Worker-0: Building] INFO  o.e.m.c.i.l.LifecycleMappingFactory - Using org.eclipse.m2e.jdt.JarLifecycleMapping lifecycle mapping for MavenProject: com.mx.PadreHijo:PadreHijo:0.0.1-SNAPSHOT @ C:\Users\antma\Desktop\curso_carpeta\semana3_Spring Boot y Angular\WorkSpace\PadreHijo\pom.xml.
2025-06-16 12:10:41,751 [Worker-0: Building] INFO  o.e.m.c.i.l.LifecycleMappingFactory - Using org.eclipse.m2e.jdt.JarLifecycleMapping lifecycle mapping for MavenProject: com.example.Vehiculo:Vehiculo:0.0.1-SNAPSHOT @ C:\Users\antma\Desktop\curso_carpeta\semana3_Spring Boot y Angular\WorkSpace\Vehiculo\pom.xml.
2025-06-16 12:10:42,089 [Worker-0: Building] INFO  o.e.m.c.i.p.WorkspaceClassifierResolverManager - Resolving P/PadreHijo: com.mx.PadreHijo:PadreHijo:0.0.1-SNAPSHOT with classifier  to /PadreHijo/target/classes
2025-06-16 12:10:46,431 [Worker-0: Building] INFO  o.e.m.c.i.l.LifecycleMappingFactory - Using org.eclipse.m2e.jdt.JarLifecycleMapping lifecycle mapping for MavenProject: com.mx.EmpresaTrabajador:EmpresaTrabajador:0.0.1-SNAPSHOT @ C:\Users\antma\Desktop\curso_carpeta\semana3_Spring Boot y Angular\WorkSpace\EmpresaTrabajador\pom.xml.
2025-06-16 12:10:47,614 [Worker-0: Building] INFO  o.e.m.c.i.l.LifecycleMappingFactory - Using org.eclipse.m2e.jdt.JarLifecycleMapping lifecycle mapping for MavenProject: com..mx.Tarea:Tarea:0.0.1-SNAPSHOT @ C:\Users\antma\Desktop\curso_carpeta\semana3_Spring Boot y Angular\WorkSpace\Tarea\pom.xml.
2025-06-16 12:10:48,888 [Worker-0: Building] INFO  o.e.m.c.i.l.LifecycleMappingFactory - Using org.eclipse.m2e.jdt.JarLifecycleMapping lifecycle mapping for MavenProject: com..mx.Cajero:CAJERO:0.0.1-SNAPSHOT @ C:\Users\antma\Desktop\curso_carpeta\semana3_Spring Boot y Angular\WorkSpace\CAJERO\pom.xml.
2025-06-16 12:10:53,842 [Worker-11: Download sources and javadoc] INFO  o.e.m.c.i.e.AbstractTransferListenerAdapter - Downloading https://repo.maven.apache.org/maven2/org/springframework/boot/spring-boot-starter-thymeleaf/3.5.0/spring-boot-starter-thymeleaf-3.5.0-sources.jar
2025-06-16 12:10:53,867 [Worker-11: Download sources and javadoc] INFO  o.e.m.c.i.e.AbstractTransferListenerAdapter - Downloaded https://repo.maven.apache.org/maven2/org/springframework/boot/spring-boot-starter-thymeleaf/3.5.0/spring-boot-starter-thymeleaf-3.5.0-sources.jar
2025-06-16 12:10:53,906 [Worker-11: Download sources and javadoc] INFO  o.e.m.j.internal.DownloadSourcesJob - Downloaded sources for org.springframework.boot:spring-boot-starter-thymeleaf:3.5.0
2025-06-16 12:10:54,328 [Worker-11: Download sources and javadoc] INFO  o.e.m.c.i.e.AbstractTransferListenerAdapter - Downloading https://repo.maven.apache.org/maven2/org/thymeleaf/thymeleaf-spring6/3.1.3.RELEASE/thymeleaf-spring6-3.1.3.RELEASE-sources.jar
2025-06-16 12:10:54,616 [Worker-11: Download sources and javadoc] INFO  o.e.m.c.i.e.AbstractTransferListenerAdapter - Downloaded https://repo.maven.apache.org/maven2/org/thymeleaf/thymeleaf-spring6/3.1.3.RELEASE/thymeleaf-spring6-3.1.3.RELEASE-sources.jar
2025-06-16 12:10:54,622 [Worker-11: Download sources and javadoc] INFO  o.e.m.j.internal.DownloadSourcesJob - Downloaded sources for org.thymeleaf:thymeleaf-spring6:3.1.3.RELEASE
2025-06-16 12:10:54,951 [Worker-0: Building] INFO  o.a.m.s.f.DefaultMavenResourcesFiltering - Copying 0 resource from src\main\resources to target\classes
2025-06-16 12:10:54,953 [Worker-0: Building] INFO  o.a.m.s.f.DefaultMavenResourcesFiltering - Copying 0 resource from src\main\resources to target\classes
2025-06-16 12:10:54,961 [Worker-0: Building] INFO  o.a.m.s.f.DefaultMavenResourcesFiltering - skip non existing resourceDirectory C:\Users\antma\Desktop\curso_carpeta\semana3_Spring Boot y Angular\WorkSpace\Empleado\src\test\resources
2025-06-16 12:10:56,422 [Worker-11: Building] INFO  o.a.m.s.f.DefaultMavenResourcesFiltering - Copying 1 resource from src\main\resources to target\classes
2025-06-16 12:10:56,473 [Worker-11: Building] INFO  o.a.m.s.f.DefaultMavenResourcesFiltering - Copying 1 resource from src\main\resources to target\classes
2025-06-16 12:10:56,484 [Worker-11: Building] INFO  o.a.m.s.f.DefaultMavenResourcesFiltering - skip non existing resourceDirectory C:\Users\antma\Desktop\curso_carpeta\semana3_Spring Boot y Angular\WorkSpace\Empleado\src\test\resources
2025-06-16 12:12:15,378 [Worker-2: Building] INFO  o.a.m.s.f.DefaultMavenResourcesFiltering - Copying 0 resource from src\main\resources to target\classes
2025-06-16 12:12:15,381 [Worker-2: Building] INFO  o.a.m.s.f.DefaultMavenResourcesFiltering - Copying 1 resource from src\main\resources to target\classes
2025-06-16 12:12:15,393 [Worker-2: Building] INFO  o.a.m.s.f.DefaultMavenResourcesFiltering - skip non existing resourceDirectory C:\Users\antma\Desktop\curso_carpeta\semana3_Spring Boot y Angular\WorkSpace\Empleado\src\test\resources
2025-06-16 12:12:27,737 [Worker-15: Building] INFO  o.a.m.s.f.DefaultMavenResourcesFiltering - Copying 0 resource from src\main\resources to target\classes
2025-06-16 12:12:27,742 [Worker-15: Building] INFO  o.a.m.s.f.DefaultMavenResourcesFiltering - Copying 1 resource from src\main\resources to target\classes
2025-06-16 12:12:27,751 [Worker-15: Building] INFO  o.a.m.s.f.DefaultMavenResourcesFiltering - skip non existing resourceDirectory C:\Users\antma\Desktop\curso_carpeta\semana3_Spring Boot y Angular\WorkSpace\Empleado\src\test\resources
2025-06-16 12:21:47,448 [Worker-5: Building] INFO  o.a.m.s.f.DefaultMavenResourcesFiltering - Copying 0 resource from src\main\resources to target\classes
2025-06-16 12:21:47,467 [Worker-5: Building] INFO  o.a.m.s.f.DefaultMavenResourcesFiltering - Copying 1 resource from src\main\resources to target\classes
2025-06-16 12:21:47,482 [Worker-5: Building] INFO  o.a.m.s.f.DefaultMavenResourcesFiltering - skip non existing resourceDirectory C:\Users\antma\Desktop\curso_carpeta\semana3_Spring Boot y Angular\WorkSpace\Empleado\src\test\resources
2025-06-16 12:26:04,849 [Worker-16: Building] INFO  o.a.m.s.f.DefaultMavenResourcesFiltering - Copying 0 resource from src\main\resources to target\classes
2025-06-16 12:26:04,853 [Worker-16: Building] INFO  o.a.m.s.f.DefaultMavenResourcesFiltering - Copying 1 resource from src\main\resources to target\classes
2025-06-16 12:26:04,867 [Worker-16: Building] INFO  o.a.m.s.f.DefaultMavenResourcesFiltering - skip non existing resourceDirectory C:\Users\antma\Desktop\curso_carpeta\semana3_Spring Boot y Angular\WorkSpace\Empleado\src\test\resources
2025-06-16 12:26:52,086 [Worker-15: Building] INFO  o.a.m.s.f.DefaultMavenResourcesFiltering - Copying 0 resource from src\main\resources to target\classes
2025-06-16 12:26:52,087 [Worker-15: Building] INFO  o.a.m.s.f.DefaultMavenResourcesFiltering - Copying 1 resource from src\main\resources to target\classes
2025-06-16 12:26:52,101 [Worker-15: Building] INFO  o.a.m.s.f.DefaultMavenResourcesFiltering - skip non existing resourceDirectory C:\Users\antma\Desktop\curso_carpeta\semana3_Spring Boot y Angular\WorkSpace\Empleado\src\test\resources
2025-06-16 12:30:08,711 [Worker-15: Building] INFO  o.a.m.s.f.DefaultMavenResourcesFiltering - Copying 1 resource from src\main\resources to target\classes
2025-06-16 12:30:08,781 [Worker-15: Building] INFO  o.a.m.s.f.DefaultMavenResourcesFiltering - Copying 1 resource from src\main\resources to target\classes
2025-06-16 12:30:08,790 [Worker-15: Building] INFO  o.a.m.s.f.DefaultMavenResourcesFiltering - skip non existing resourceDirectory C:\Users\antma\Desktop\curso_carpeta\semana3_Spring Boot y Angular\WorkSpace\Empleado\src\test\resources
2025-06-16 12:30:57,074 [Worker-9: Building] INFO  o.a.m.s.f.DefaultMavenResourcesFiltering - Copying 0 resource from src\main\resources to target\classes
2025-06-16 12:30:57,100 [Worker-9: Building] INFO  o.a.m.s.f.DefaultMavenResourcesFiltering - Copying 1 resource from src\main\resources to target\classes
2025-06-16 12:30:57,116 [Worker-9: Building] INFO  o.a.m.s.f.DefaultMavenResourcesFiltering - skip non existing resourceDirectory C:\Users\antma\Desktop\curso_carpeta\semana3_Spring Boot y Angular\WorkSpace\Empleado\src\test\resources
2025-06-16 12:31:04,006 [Worker-15: Building] INFO  o.a.m.s.f.DefaultMavenResourcesFiltering - Copying 0 resource from src\main\resources to target\classes
2025-06-16 12:31:04,008 [Worker-15: Building] INFO  o.a.m.s.f.DefaultMavenResourcesFiltering - Copying 1 resource from src\main\resources to target\classes
2025-06-16 12:31:04,076 [Worker-15: Building] INFO  o.a.m.s.f.DefaultMavenResourcesFiltering - skip non existing resourceDirectory C:\Users\antma\Desktop\curso_carpeta\semana3_Spring Boot y Angular\WorkSpace\Empleado\src\test\resources
2025-06-16 12:32:02,734 [Worker-16: Building] INFO  o.a.m.s.f.DefaultMavenResourcesFiltering - Copying 0 resource from src\main\resources to target\classes
2025-06-16 12:32:02,736 [Worker-16: Building] INFO  o.a.m.s.f.DefaultMavenResourcesFiltering - Copying 1 resource from src\main\resources to target\classes
2025-06-16 12:32:02,750 [Worker-16: Building] INFO  o.a.m.s.f.DefaultMavenResourcesFiltering - skip non existing resourceDirectory C:\Users\antma\Desktop\curso_carpeta\semana3_Spring Boot y Angular\WorkSpace\Empleado\src\test\resources
2025-06-16 12:34:59,166 [Worker-18: Building] INFO  o.a.m.s.f.DefaultMavenResourcesFiltering - Copying 0 resource from src\main\resources to target\classes
2025-06-16 12:34:59,170 [Worker-18: Building] INFO  o.a.m.s.f.DefaultMavenResourcesFiltering - Copying 1 resource from src\main\resources to target\classes
2025-06-16 12:34:59,178 [Worker-18: Building] INFO  o.a.m.s.f.DefaultMavenResourcesFiltering - skip non existing resourceDirectory C:\Users\antma\Desktop\curso_carpeta\semana3_Spring Boot y Angular\WorkSpace\Empleado\src\test\resources
2025-06-16 12:36:21,141 [Worker-0: Building] INFO  o.a.m.s.f.DefaultMavenResourcesFiltering - Copying 0 resource from src\main\resources to target\classes
2025-06-16 12:36:21,146 [Worker-0: Building] INFO  o.a.m.s.f.DefaultMavenResourcesFiltering - Copying 1 resource from src\main\resources to target\classes
2025-06-16 12:36:21,154 [Worker-0: Building] INFO  o.a.m.s.f.DefaultMavenResourcesFiltering - skip non existing resourceDirectory C:\Users\antma\Desktop\curso_carpeta\semana3_Spring Boot y Angular\WorkSpace\Empleado\src\test\resources
2025-06-16 12:36:30,812 [Worker-16: Building] INFO  o.a.m.s.f.DefaultMavenResourcesFiltering - Copying 0 resource from src\main\resources to target\classes
2025-06-16 12:36:30,819 [Worker-16: Building] INFO  o.a.m.s.f.DefaultMavenResourcesFiltering - Copying 1 resource from src\main\resources to target\classes
2025-06-16 12:36:30,835 [Worker-16: Building] INFO  o.a.m.s.f.DefaultMavenResourcesFiltering - skip non existing resourceDirectory C:\Users\antma\Desktop\curso_carpeta\semana3_Spring Boot y Angular\WorkSpace\Empleado\src\test\resources
2025-06-16 12:38:40,594 [Worker-8: Building] INFO  o.a.m.s.f.DefaultMavenResourcesFiltering - Copying 0 resource from src\main\resources to target\classes
2025-06-16 12:38:40,597 [Worker-8: Building] INFO  o.a.m.s.f.DefaultMavenResourcesFiltering - Copying 1 resource from src\main\resources to target\classes
2025-06-16 12:38:40,605 [Worker-8: Building] INFO  o.a.m.s.f.DefaultMavenResourcesFiltering - skip non existing resourceDirectory C:\Users\antma\Desktop\curso_carpeta\semana3_Spring Boot y Angular\WorkSpace\Empleado\src\test\resources
2025-06-16 12:40:15,174 [Worker-16: Building] INFO  o.a.m.s.f.DefaultMavenResourcesFiltering - Copying 0 resource from src\main\resources to target\classes
2025-06-16 12:40:15,176 [Worker-16: Building] INFO  o.a.m.s.f.DefaultMavenResourcesFiltering - Copying 1 resource from src\main\resources to target\classes
2025-06-16 12:40:15,185 [Worker-16: Building] INFO  o.a.m.s.f.DefaultMavenResourcesFiltering - skip non existing resourceDirectory C:\Users\antma\Desktop\curso_carpeta\semana3_Spring Boot y Angular\WorkSpace\Empleado\src\test\resources
2025-06-16 12:41:31,659 [Worker-15: Building] INFO  o.a.m.s.f.DefaultMavenResourcesFiltering - Copying 0 resource from src\main\resources to target\classes
2025-06-16 12:41:31,662 [Worker-15: Building] INFO  o.a.m.s.f.DefaultMavenResourcesFiltering - Copying 1 resource from src\main\resources to target\classes
2025-06-16 12:41:31,671 [Worker-15: Building] INFO  o.a.m.s.f.DefaultMavenResourcesFiltering - skip non existing resourceDirectory C:\Users\antma\Desktop\curso_carpeta\semana3_Spring Boot y Angular\WorkSpace\Empleado\src\test\resources
2025-06-16 12:44:43,272 [Worker-8: Building] INFO  o.a.m.s.f.DefaultMavenResourcesFiltering - Copying 0 resource from src\main\resources to target\classes
2025-06-16 12:44:43,277 [Worker-8: Building] INFO  o.a.m.s.f.DefaultMavenResourcesFiltering - Copying 1 resource from src\main\resources to target\classes
2025-06-16 12:44:43,285 [Worker-8: Building] INFO  o.a.m.s.f.DefaultMavenResourcesFiltering - skip non existing resourceDirectory C:\Users\antma\Desktop\curso_carpeta\semana3_Spring Boot y Angular\WorkSpace\Empleado\src\test\resources
2025-06-16 12:45:15,440 [Worker-19: Building] INFO  o.a.m.s.f.DefaultMavenResourcesFiltering - Copying 0 resource from src\main\resources to target\classes
2025-06-16 12:45:15,442 [Worker-19: Building] INFO  o.a.m.s.f.DefaultMavenResourcesFiltering - Copying 1 resource from src\main\resources to target\classes
2025-06-16 12:45:15,455 [Worker-19: Building] INFO  o.a.m.s.f.DefaultMavenResourcesFiltering - skip non existing resourceDirectory C:\Users\antma\Desktop\curso_carpeta\semana3_Spring Boot y Angular\WorkSpace\Empleado\src\test\resources
2025-06-16 12:54:03,554 [Worker-19: Building] INFO  o.a.m.s.f.DefaultMavenResourcesFiltering - Copying 0 resource from src\main\resources to target\classes
2025-06-16 12:54:03,556 [Worker-19: Building] INFO  o.a.m.s.f.DefaultMavenResourcesFiltering - Copying 1 resource from src\main\resources to target\classes
2025-06-16 12:54:03,573 [Worker-19: Building] INFO  o.a.m.s.f.DefaultMavenResourcesFiltering - skip non existing resourceDirectory C:\Users\antma\Desktop\curso_carpeta\semana3_Spring Boot y Angular\WorkSpace\Empleado\src\test\resources
2025-06-16 12:59:30,997 [Worker-20: Building] INFO  o.a.m.s.f.DefaultMavenResourcesFiltering - Copying 0 resource from src\main\resources to target\classes
2025-06-16 12:59:31,000 [Worker-20: Building] INFO  o.a.m.s.f.DefaultMavenResourcesFiltering - Copying 1 resource from src\main\resources to target\classes
2025-06-16 12:59:31,012 [Worker-20: Building] INFO  o.a.m.s.f.DefaultMavenResourcesFiltering - skip non existing resourceDirectory C:\Users\antma\Desktop\curso_carpeta\semana3_Spring Boot y Angular\WorkSpace\Empleado\src\test\resources
2025-06-16 13:00:57,444 [Worker-8: Building] INFO  o.a.m.s.f.DefaultMavenResourcesFiltering - Copying 1 resource from src\main\resources to target\classes
2025-06-16 13:00:57,609 [Worker-8: Building] INFO  o.a.m.s.f.DefaultMavenResourcesFiltering - Copying 0 resource from src\main\resources to target\classes
2025-06-16 13:00:57,615 [Worker-8: Building] INFO  o.a.m.s.f.DefaultMavenResourcesFiltering - skip non existing resourceDirectory C:\Users\antma\Desktop\curso_carpeta\semana3_Spring Boot y Angular\WorkSpace\Empleado\src\test\resources
2025-06-16 13:01:28,308 [Worker-5: Building] INFO  o.a.m.s.f.DefaultMavenResourcesFiltering - Copying 0 resource from src\main\resources to target\classes
2025-06-16 13:01:28,312 [Worker-5: Building] INFO  o.a.m.s.f.DefaultMavenResourcesFiltering - Copying 1 resource from src\main\resources to target\classes
2025-06-16 13:01:28,324 [Worker-5: Building] INFO  o.a.m.s.f.DefaultMavenResourcesFiltering - skip non existing resourceDirectory C:\Users\antma\Desktop\curso_carpeta\semana3_Spring Boot y Angular\WorkSpace\Empleado\src\test\resources
2025-06-16 13:03:19,080 [Worker-20: Building] INFO  o.a.m.s.f.DefaultMavenResourcesFiltering - Copying 1 resource from src\main\resources to target\classes
2025-06-16 13:03:19,131 [Worker-20: Building] INFO  o.a.m.s.f.DefaultMavenResourcesFiltering - Copying 2 resources from src\main\resources to target\classes
2025-06-16 13:03:19,141 [Worker-20: Building] INFO  o.a.m.s.f.DefaultMavenResourcesFiltering - skip non existing resourceDirectory C:\Users\antma\Desktop\curso_carpeta\semana3_Spring Boot y Angular\WorkSpace\Empleado\src\test\resources
2025-06-16 13:04:16,124 [Worker-17: Building] INFO  o.a.m.s.f.DefaultMavenResourcesFiltering - Copying 0 resource from src\main\resources to target\classes
2025-06-16 13:04:16,129 [Worker-17: Building] INFO  o.a.m.s.f.DefaultMavenResourcesFiltering - Copying 1 resource from src\main\resources to target\classes
2025-06-16 13:04:16,139 [Worker-17: Building] INFO  o.a.m.s.f.DefaultMavenResourcesFiltering - skip non existing resourceDirectory C:\Users\antma\Desktop\curso_carpeta\semana3_Spring Boot y Angular\WorkSpace\Empleado\src\test\resources
2025-06-16 13:05:03,643 [Worker-21: Building] INFO  o.a.m.s.f.DefaultMavenResourcesFiltering - Copying 0 resource from src\main\resources to target\classes
2025-06-16 13:05:03,661 [Worker-21: Building] INFO  o.a.m.s.f.DefaultMavenResourcesFiltering - Copying 1 resource from src\main\resources to target\classes
2025-06-16 13:05:03,688 [Worker-21: Building] INFO  o.a.m.s.f.DefaultMavenResourcesFiltering - skip non existing resourceDirectory C:\Users\antma\Desktop\curso_carpeta\semana3_Spring Boot y Angular\WorkSpace\Empleado\src\test\resources
2025-06-16 13:05:55,236 [Worker-19: Building] INFO  o.a.m.s.f.DefaultMavenResourcesFiltering - Copying 0 resource from src\main\resources to target\classes
2025-06-16 13:05:55,238 [Worker-19: Building] INFO  o.a.m.s.f.DefaultMavenResourcesFiltering - Copying 1 resource from src\main\resources to target\classes
2025-06-16 13:05:55,260 [Worker-19: Building] INFO  o.a.m.s.f.DefaultMavenResourcesFiltering - skip non existing resourceDirectory C:\Users\antma\Desktop\curso_carpeta\semana3_Spring Boot y Angular\WorkSpace\Empleado\src\test\resources
2025-06-16 13:08:06,872 [Worker-8: Building] INFO  o.a.m.s.f.DefaultMavenResourcesFiltering - Copying 0 resource from src\main\resources to target\classes
2025-06-16 13:08:06,900 [Worker-8: Building] INFO  o.a.m.s.f.DefaultMavenResourcesFiltering - Copying 1 resource from src\main\resources to target\classes
2025-06-16 13:08:06,922 [Worker-8: Building] INFO  o.a.m.s.f.DefaultMavenResourcesFiltering - skip non existing resourceDirectory C:\Users\antma\Desktop\curso_carpeta\semana3_Spring Boot y Angular\WorkSpace\Empleado\src\test\resources
2025-06-16 13:09:59,060 [Worker-17: Building] INFO  o.a.m.s.f.DefaultMavenResourcesFiltering - Copying 1 resource from src\main\resources to target\classes
2025-06-16 13:09:59,116 [Worker-17: Building] INFO  o.a.m.s.f.DefaultMavenResourcesFiltering - Copying 2 resources from src\main\resources to target\classes
2025-06-16 13:09:59,122 [Worker-17: Building] INFO  o.a.m.s.f.DefaultMavenResourcesFiltering - skip non existing resourceDirectory C:\Users\antma\Desktop\curso_carpeta\semana3_Spring Boot y Angular\WorkSpace\Empleado\src\test\resources
2025-06-16 13:13:09,809 [Worker-17: Building] INFO  o.a.m.s.f.DefaultMavenResourcesFiltering - Copying 0 resource from src\main\resources to target\classes
2025-06-16 13:13:09,811 [Worker-17: Building] INFO  o.a.m.s.f.DefaultMavenResourcesFiltering - Copying 1 resource from src\main\resources to target\classes
2025-06-16 13:13:09,824 [Worker-17: Building] INFO  o.a.m.s.f.DefaultMavenResourcesFiltering - skip non existing resourceDirectory C:\Users\antma\Desktop\curso_carpeta\semana3_Spring Boot y Angular\WorkSpace\Empleado\src\test\resources
2025-06-16 13:14:29,256 [Worker-0: Building] INFO  o.a.m.s.f.DefaultMavenResourcesFiltering - Copying 0 resource from src\main\resources to target\classes
2025-06-16 13:14:29,258 [Worker-0: Building] INFO  o.a.m.s.f.DefaultMavenResourcesFiltering - Copying 1 resource from src\main\resources to target\classes
2025-06-16 13:14:29,290 [Worker-0: Building] INFO  o.a.m.s.f.DefaultMavenResourcesFiltering - skip non existing resourceDirectory C:\Users\antma\Desktop\curso_carpeta\semana3_Spring Boot y Angular\WorkSpace\Empleado\src\test\resources
2025-06-16 13:15:59,861 [Worker-19: Building] INFO  o.a.m.s.f.DefaultMavenResourcesFiltering - Copying 0 resource from src\main\resources to target\classes
2025-06-16 13:15:59,865 [Worker-19: Building] INFO  o.a.m.s.f.DefaultMavenResourcesFiltering - Copying 1 resource from src\main\resources to target\classes
2025-06-16 13:15:59,879 [Worker-19: Building] INFO  o.a.m.s.f.DefaultMavenResourcesFiltering - skip non existing resourceDirectory C:\Users\antma\Desktop\curso_carpeta\semana3_Spring Boot y Angular\WorkSpace\Empleado\src\test\resources
2025-06-16 13:16:37,509 [Worker-16: Building] INFO  o.a.m.s.f.DefaultMavenResourcesFiltering - Copying 0 resource from src\main\resources to target\classes
2025-06-16 13:16:37,512 [Worker-16: Building] INFO  o.a.m.s.f.DefaultMavenResourcesFiltering - Copying 1 resource from src\main\resources to target\classes
2025-06-16 13:16:37,535 [Worker-16: Building] INFO  o.a.m.s.f.DefaultMavenResourcesFiltering - skip non existing resourceDirectory C:\Users\antma\Desktop\curso_carpeta\semana3_Spring Boot y Angular\WorkSpace\Empleado\src\test\resources
2025-06-16 13:16:48,007 [Worker-17: Building] INFO  o.a.m.s.f.DefaultMavenResourcesFiltering - Copying 0 resource from src\main\resources to target\classes
2025-06-16 13:16:48,012 [Worker-17: Building] INFO  o.a.m.s.f.DefaultMavenResourcesFiltering - Copying 1 resource from src\main\resources to target\classes
2025-06-16 13:16:48,031 [Worker-17: Building] INFO  o.a.m.s.f.DefaultMavenResourcesFiltering - skip non existing resourceDirectory C:\Users\antma\Desktop\curso_carpeta\semana3_Spring Boot y Angular\WorkSpace\Empleado\src\test\resources
2025-06-16 13:17:15,387 [Worker-0: Building] INFO  o.a.m.s.f.DefaultMavenResourcesFiltering - Copying 0 resource from src\main\resources to target\classes
2025-06-16 13:17:15,389 [Worker-0: Building] INFO  o.a.m.s.f.DefaultMavenResourcesFiltering - Copying 1 resource from src\main\resources to target\classes
2025-06-16 13:17:15,398 [Worker-0: Building] INFO  o.a.m.s.f.DefaultMavenResourcesFiltering - skip non existing resourceDirectory C:\Users\antma\Desktop\curso_carpeta\semana3_Spring Boot y Angular\WorkSpace\Empleado\src\test\resources
2025-06-16 13:17:33,400 [Worker-19: Building] INFO  o.a.m.s.f.DefaultMavenResourcesFiltering - Copying 0 resource from src\main\resources to target\classes
2025-06-16 13:17:33,405 [Worker-19: Building] INFO  o.a.m.s.f.DefaultMavenResourcesFiltering - Copying 1 resource from src\main\resources to target\classes
2025-06-16 13:17:33,420 [Worker-19: Building] INFO  o.a.m.s.f.DefaultMavenResourcesFiltering - skip non existing resourceDirectory C:\Users\antma\Desktop\curso_carpeta\semana3_Spring Boot y Angular\WorkSpace\Empleado\src\test\resources
2025-06-16 13:18:50,778 [Worker-20: Building] INFO  o.a.m.s.f.DefaultMavenResourcesFiltering - Copying 0 resource from src\main\resources to target\classes
2025-06-16 13:18:50,783 [Worker-20: Building] INFO  o.a.m.s.f.DefaultMavenResourcesFiltering - Copying 1 resource from src\main\resources to target\classes
2025-06-16 13:18:50,801 [Worker-20: Building] INFO  o.a.m.s.f.DefaultMavenResourcesFiltering - skip non existing resourceDirectory C:\Users\antma\Desktop\curso_carpeta\semana3_Spring Boot y Angular\WorkSpace\Empleado\src\test\resources
2025-06-16 13:27:25,339 [Worker-18: Building] INFO  o.a.m.s.f.DefaultMavenResourcesFiltering - Copying 1 resource from src\main\resources to target\classes
2025-06-16 13:27:25,479 [Worker-18: Building] INFO  o.a.m.s.f.DefaultMavenResourcesFiltering - Copying 2 resources from src\main\resources to target\classes
2025-06-16 13:27:25,490 [Worker-18: Building] INFO  o.a.m.s.f.DefaultMavenResourcesFiltering - skip non existing resourceDirectory C:\Users\antma\Desktop\curso_carpeta\semana3_Spring Boot y Angular\WorkSpace\Empleado\src\test\resources
2025-06-16 13:28:52,010 [Worker-17: Building] INFO  o.a.m.s.f.DefaultMavenResourcesFiltering - Copying 1 resource from src\main\resources to target\classes
2025-06-16 13:28:52,140 [Worker-17: Building] INFO  o.a.m.s.f.DefaultMavenResourcesFiltering - Copying 2 resources from src\main\resources to target\classes
2025-06-16 13:28:52,146 [Worker-17: Building] INFO  o.a.m.s.f.DefaultMavenResourcesFiltering - skip non existing resourceDirectory C:\Users\antma\Desktop\curso_carpeta\semana3_Spring Boot y Angular\WorkSpace\Empleado\src\test\resources
2025-06-16 13:33:55,850 [Worker-18: Building] INFO  o.a.m.s.f.DefaultMavenResourcesFiltering - Copying 1 resource from src\main\resources to target\classes
2025-06-16 13:33:56,007 [Worker-18: Building] INFO  o.a.m.s.f.DefaultMavenResourcesFiltering - Copying 2 resources from src\main\resources to target\classes
2025-06-16 13:33:56,013 [Worker-18: Building] INFO  o.a.m.s.f.DefaultMavenResourcesFiltering - skip non existing resourceDirectory C:\Users\antma\Desktop\curso_carpeta\semana3_Spring Boot y Angular\WorkSpace\Empleado\src\test\resources
2025-06-16 13:36:14,484 [Worker-8: Building] INFO  o.a.m.s.f.DefaultMavenResourcesFiltering - Copying 0 resource from src\main\resources to target\classes
2025-06-16 13:36:14,490 [Worker-8: Building] INFO  o.a.m.s.f.DefaultMavenResourcesFiltering - Copying 1 resource from src\main\resources to target\classes
2025-06-16 13:36:14,532 [Worker-8: Building] INFO  o.a.m.s.f.DefaultMavenResourcesFiltering - skip non existing resourceDirectory C:\Users\antma\Desktop\curso_carpeta\semana3_Spring Boot y Angular\WorkSpace\Empleado\src\test\resources
2025-06-16 13:38:15,527 [Worker-0: Building] INFO  o.a.m.s.f.DefaultMavenResourcesFiltering - Copying 0 resource from src\main\resources to target\classes
2025-06-16 13:38:15,531 [Worker-0: Building] INFO  o.a.m.s.f.DefaultMavenResourcesFiltering - Copying 1 resource from src\main\resources to target\classes
2025-06-16 13:38:15,548 [Worker-0: Building] INFO  o.a.m.s.f.DefaultMavenResourcesFiltering - skip non existing resourceDirectory C:\Users\antma\Desktop\curso_carpeta\semana3_Spring Boot y Angular\WorkSpace\Empleado\src\test\resources
2025-06-16 13:44:56,713 [Worker-18: Building] INFO  o.a.m.s.f.DefaultMavenResourcesFiltering - Copying 0 resource from src\main\resources to target\classes
2025-06-16 13:44:56,720 [Worker-18: Building] INFO  o.a.m.s.f.DefaultMavenResourcesFiltering - Copying 1 resource from src\main\resources to target\classes
2025-06-16 13:44:56,737 [Worker-18: Building] INFO  o.a.m.s.f.DefaultMavenResourcesFiltering - skip non existing resourceDirectory C:\Users\antma\Desktop\curso_carpeta\semana3_Spring Boot y Angular\WorkSpace\Empleado\src\test\resources
2025-06-16 13:45:59,252 [Worker-18: Building] INFO  o.a.m.s.f.DefaultMavenResourcesFiltering - Copying 0 resource from src\main\resources to target\classes
2025-06-16 13:45:59,255 [Worker-18: Building] INFO  o.a.m.s.f.DefaultMavenResourcesFiltering - Copying 1 resource from src\main\resources to target\classes
2025-06-16 13:45:59,266 [Worker-18: Building] INFO  o.a.m.s.f.DefaultMavenResourcesFiltering - skip non existing resourceDirectory C:\Users\antma\Desktop\curso_carpeta\semana3_Spring Boot y Angular\WorkSpace\Empleado\src\test\resources
2025-06-16 13:47:57,476 [Worker-0: Building] INFO  o.a.m.s.f.DefaultMavenResourcesFiltering - Copying 0 resource from src\main\resources to target\classes
2025-06-16 13:47:57,483 [Worker-0: Building] INFO  o.a.m.s.f.DefaultMavenResourcesFiltering - Copying 1 resource from src\main\resources to target\classes
2025-06-16 13:47:57,494 [Worker-0: Building] INFO  o.a.m.s.f.DefaultMavenResourcesFiltering - skip non existing resourceDirectory C:\Users\antma\Desktop\curso_carpeta\semana3_Spring Boot y Angular\WorkSpace\Empleado\src\test\resources
2025-06-16 13:48:02,948 [Worker-5: Building] INFO  o.a.m.s.f.DefaultMavenResourcesFiltering - Copying 1 resource from src\main\resources to target\classes
2025-06-16 13:48:03,040 [Worker-5: Building] INFO  o.a.m.s.f.DefaultMavenResourcesFiltering - Copying 2 resources from src\main\resources to target\classes
2025-06-16 13:48:03,240 [Worker-5: Building] INFO  o.a.m.s.f.DefaultMavenResourcesFiltering - skip non existing resourceDirectory C:\Users\antma\Desktop\curso_carpeta\semana3_Spring Boot y Angular\WorkSpace\Empleado\src\test\resources
2025-06-16 13:48:25,576 [Worker-8: Building] INFO  o.a.m.s.f.DefaultMavenResourcesFiltering - Copying 0 resource from src\main\resources to target\classes
2025-06-16 13:48:25,585 [Worker-8: Building] INFO  o.a.m.s.f.DefaultMavenResourcesFiltering - Copying 1 resource from src\main\resources to target\classes
2025-06-16 13:48:25,603 [Worker-8: Building] INFO  o.a.m.s.f.DefaultMavenResourcesFiltering - skip non existing resourceDirectory C:\Users\antma\Desktop\curso_carpeta\semana3_Spring Boot y Angular\WorkSpace\Empleado\src\test\resources
2025-06-16 13:48:59,467 [Worker-8: Building] INFO  o.a.m.s.f.DefaultMavenResourcesFiltering - Copying 1 resource from src\main\resources to target\classes
2025-06-16 13:48:59,591 [Worker-8: Building] INFO  o.a.m.s.f.DefaultMavenResourcesFiltering - Copying 2 resources from src\main\resources to target\classes
2025-06-16 13:48:59,607 [Worker-8: Building] INFO  o.a.m.s.f.DefaultMavenResourcesFiltering - skip non existing resourceDirectory C:\Users\antma\Desktop\curso_carpeta\semana3_Spring Boot y Angular\WorkSpace\Empleado\src\test\resources
2025-06-16 13:49:12,530 [Worker-16: Building] INFO  o.a.m.s.f.DefaultMavenResourcesFiltering - Copying 1 resource from src\main\resources to target\classes
2025-06-16 13:49:12,558 [Worker-16: Building] INFO  o.a.m.s.f.DefaultMavenResourcesFiltering - Copying 2 resources from src\main\resources to target\classes
2025-06-16 13:49:12,566 [Worker-16: Building] INFO  o.a.m.s.f.DefaultMavenResourcesFiltering - skip non existing resourceDirectory C:\Users\antma\Desktop\curso_carpeta\semana3_Spring Boot y Angular\WorkSpace\Empleado\src\test\resources
2025-06-16 13:51:17,105 [Worker-20: Building] INFO  o.a.m.s.f.DefaultMavenResourcesFiltering - Copying 1 resource from src\main\resources to target\classes
2025-06-16 13:51:17,120 [Worker-20: Building] INFO  o.a.m.s.f.DefaultMavenResourcesFiltering - Copying 2 resources from src\main\resources to target\classes
2025-06-16 13:51:17,128 [Worker-20: Building] INFO  o.a.m.s.f.DefaultMavenResourcesFiltering - skip non existing resourceDirectory C:\Users\antma\Desktop\curso_carpeta\semana3_Spring Boot y Angular\WorkSpace\Empleado\src\test\resources
2025-06-16 13:53:19,695 [Worker-17: Building] INFO  o.a.m.s.f.DefaultMavenResourcesFiltering - Copying 0 resource from src\main\resources to target\classes
2025-06-16 13:53:19,702 [Worker-17: Building] INFO  o.a.m.s.f.DefaultMavenResourcesFiltering - Copying 1 resource from src\main\resources to target\classes
2025-06-16 13:53:19,718 [Worker-17: Building] INFO  o.a.m.s.f.DefaultMavenResourcesFiltering - skip non existing resourceDirectory C:\Users\antma\Desktop\curso_carpeta\semana3_Spring Boot y Angular\WorkSpace\Empleado\src\test\resources
2025-06-16 13:53:58,285 [Worker-18: Building] INFO  o.a.m.s.f.DefaultMavenResourcesFiltering - Copying 0 resource from src\main\resources to target\classes
2025-06-16 13:53:58,289 [Worker-18: Building] INFO  o.a.m.s.f.DefaultMavenResourcesFiltering - Copying 1 resource from src\main\resources to target\classes
2025-06-16 13:53:58,303 [Worker-18: Building] INFO  o.a.m.s.f.DefaultMavenResourcesFiltering - skip non existing resourceDirectory C:\Users\antma\Desktop\curso_carpeta\semana3_Spring Boot y Angular\WorkSpace\Empleado\src\test\resources
2025-06-16 13:55:12,481 [Worker-9: Building] INFO  o.a.m.s.f.DefaultMavenResourcesFiltering - Copying 1 resource from src\main\resources to target\classes
2025-06-16 13:55:12,574 [Worker-9: Building] INFO  o.a.m.s.f.DefaultMavenResourcesFiltering - Copying 2 resources from src\main\resources to target\classes
2025-06-16 13:55:12,592 [Worker-9: Building] INFO  o.a.m.s.f.DefaultMavenResourcesFiltering - skip non existing resourceDirectory C:\Users\antma\Desktop\curso_carpeta\semana3_Spring Boot y Angular\WorkSpace\Empleado\src\test\resources
2025-06-16 13:56:47,043 [Worker-21: Building] INFO  o.a.m.s.f.DefaultMavenResourcesFiltering - Copying 1 resource from src\main\resources to target\classes
2025-06-16 13:56:47,446 [Worker-21: Building] INFO  o.a.m.s.f.DefaultMavenResourcesFiltering - Copying 2 resources from src\main\resources to target\classes
2025-06-16 13:56:47,519 [Worker-21: Building] INFO  o.a.m.s.f.DefaultMavenResourcesFiltering - skip non existing resourceDirectory C:\Users\antma\Desktop\curso_carpeta\semana3_Spring Boot y Angular\WorkSpace\Empleado\src\test\resources
2025-06-16 14:00:01,668 [Worker-20: Building] INFO  o.a.m.s.f.DefaultMavenResourcesFiltering - Copying 0 resource from src\main\resources to target\classes
2025-06-16 14:00:01,674 [Worker-20: Building] INFO  o.a.m.s.f.DefaultMavenResourcesFiltering - Copying 1 resource from src\main\resources to target\classes
2025-06-16 14:00:01,685 [Worker-20: Building] INFO  o.a.m.s.f.DefaultMavenResourcesFiltering - skip non existing resourceDirectory C:\Users\antma\Desktop\curso_carpeta\semana3_Spring Boot y Angular\WorkSpace\Empleado\src\test\resources
2025-06-16 14:00:06,370 [Worker-19: Building] INFO  o.a.m.s.f.DefaultMavenResourcesFiltering - Copying 1 resource from src\main\resources to target\classes
2025-06-16 14:00:06,467 [Worker-19: Building] INFO  o.a.m.s.f.DefaultMavenResourcesFiltering - Copying 2 resources from src\main\resources to target\classes
2025-06-16 14:00:06,475 [Worker-19: Building] INFO  o.a.m.s.f.DefaultMavenResourcesFiltering - skip non existing resourceDirectory C:\Users\antma\Desktop\curso_carpeta\semana3_Spring Boot y Angular\WorkSpace\Empleado\src\test\resources
2025-06-16 14:01:35,516 [Worker-19: Building] INFO  o.a.m.s.f.DefaultMavenResourcesFiltering - Copying 0 resource from src\main\resources to target\classes
2025-06-16 14:01:35,522 [Worker-19: Building] INFO  o.a.m.s.f.DefaultMavenResourcesFiltering - Copying 1 resource from src\main\resources to target\classes
2025-06-16 14:01:35,534 [Worker-19: Building] INFO  o.a.m.s.f.DefaultMavenResourcesFiltering - skip non existing resourceDirectory C:\Users\antma\Desktop\curso_carpeta\semana3_Spring Boot y Angular\WorkSpace\Empleado\src\test\resources
2025-06-16 14:06:44,305 [Worker-16: Building] INFO  o.a.m.s.f.DefaultMavenResourcesFiltering - Copying 0 resource from src\main\resources to target\classes
2025-06-16 14:06:44,315 [Worker-16: Building] INFO  o.a.m.s.f.DefaultMavenResourcesFiltering - Copying 1 resource from src\main\resources to target\classes
2025-06-16 14:06:44,452 [Worker-16: Building] INFO  o.a.m.s.f.DefaultMavenResourcesFiltering - skip non existing resourceDirectory C:\Users\antma\Desktop\curso_carpeta\semana3_Spring Boot y Angular\WorkSpace\Empleado\src\test\resources
2025-06-16 14:25:29,728 [Worker-21: Building] INFO  o.a.m.s.f.DefaultMavenResourcesFiltering - Copying 1 resource from src\main\resources to target\classes
2025-06-16 14:25:29,997 [Worker-21: Building] INFO  o.a.m.s.f.DefaultMavenResourcesFiltering - Copying 2 resources from src\main\resources to target\classes
2025-06-16 14:25:30,216 [Worker-21: Building] INFO  o.a.m.s.f.DefaultMavenResourcesFiltering - skip non existing resourceDirectory C:\Users\antma\Desktop\curso_carpeta\semana3_Spring Boot y Angular\WorkSpace\Empleado\src\test\resources
2025-06-17 11:10:25,088 [Worker-2: Loading available Gradle versions] INFO  o.e.b.c.i.u.g.PublishedGradleVersions - Gradle version information cache is up-to-date. Trying to read.
2025-06-17 11:13:42,722 [Worker-11: Building] INFO  o.a.m.s.f.DefaultMavenResourcesFiltering - Copying 1 resource from src\main\resources to target\classes
2025-06-17 11:13:44,033 [Worker-11: Building] INFO  o.a.m.s.f.DefaultMavenResourcesFiltering - Copying 2 resources from src\main\resources to target\classes
2025-06-17 11:13:44,073 [Worker-11: Building] INFO  o.a.m.s.f.DefaultMavenResourcesFiltering - skip non existing resourceDirectory C:\Users\antma\Desktop\curso_carpeta\semana3_Spring Boot y Angular\WorkSpace\Empleado\src\test\resources
2025-06-17 11:18:07,265 [Worker-13: Building] INFO  o.a.m.s.f.DefaultMavenResourcesFiltering - Copying 1 resource from src\main\resources to target\classes
2025-06-17 11:18:07,364 [Worker-13: Building] INFO  o.a.m.s.f.DefaultMavenResourcesFiltering - Copying 2 resources from src\main\resources to target\classes
2025-06-17 11:18:07,978 [Worker-13: Building] INFO  o.a.m.s.f.DefaultMavenResourcesFiltering - skip non existing resourceDirectory C:\Users\antma\Desktop\curso_carpeta\semana3_Spring Boot y Angular\WorkSpace\Empleado\src\test\resources
2025-06-17 11:26:03,241 [Worker-14: Building] INFO  o.e.m.c.i.l.LifecycleMappingFactory - Using org.eclipse.m2e.jdt.JarLifecycleMapping lifecycle mapping for MavenProject: com.mx.Empleado:Empleado:0.0.1-SNAPSHOT @ C:\Users\antma\Desktop\curso_carpeta\semana3_Spring Boot y Angular\WorkSpace\Empleado\pom.xml.
2025-06-17 11:26:25,766 [Worker-14: Building] INFO  o.a.m.s.f.DefaultMavenResourcesFiltering - Copying 0 resource from src\main\resources to target\classes
2025-06-17 11:26:25,772 [Worker-14: Building] INFO  o.a.m.s.f.DefaultMavenResourcesFiltering - Copying 0 resource from src\main\resources to target\classes
2025-06-17 11:26:25,787 [Worker-14: Building] INFO  o.a.m.s.f.DefaultMavenResourcesFiltering - skip non existing resourceDirectory C:\Users\antma\Desktop\curso_carpeta\semana3_Spring Boot y Angular\WorkSpace\Empleado\src\test\resources
2025-06-17 11:26:29,777 [Worker-16: Building] INFO  o.a.m.s.f.DefaultMavenResourcesFiltering - Copying 1 resource from src\main\resources to target\classes
2025-06-17 11:26:29,854 [Worker-16: Building] INFO  o.a.m.s.f.DefaultMavenResourcesFiltering - Copying 2 resources from src\main\resources to target\classes
2025-06-17 11:26:30,038 [Worker-16: Building] INFO  o.a.m.s.f.DefaultMavenResourcesFiltering - skip non existing resourceDirectory C:\Users\antma\Desktop\curso_carpeta\semana3_Spring Boot y Angular\WorkSpace\Empleado\src\test\resources
2025-06-17 11:27:39,841 [Worker-12: Building] INFO  o.a.m.s.f.DefaultMavenResourcesFiltering - Copying 0 resource from src\main\resources to target\classes
2025-06-17 11:27:39,857 [Worker-12: Building] INFO  o.a.m.s.f.DefaultMavenResourcesFiltering - Copying 0 resource from src\main\resources to target\classes
2025-06-17 11:27:39,911 [Worker-12: Building] INFO  o.a.m.s.f.DefaultMavenResourcesFiltering - skip non existing resourceDirectory C:\Users\antma\Desktop\curso_carpeta\semana3_Spring Boot y Angular\WorkSpace\Empleado\src\test\resources
2025-06-17 11:50:20,601 [Worker-13: Building] INFO  o.a.m.s.f.DefaultMavenResourcesFiltering - Copying 0 resource from src\main\resources to target\classes
2025-06-17 11:50:20,607 [Worker-13: Building] INFO  o.a.m.s.f.DefaultMavenResourcesFiltering - Copying 0 resource from src\main\resources to target\classes
2025-06-17 11:50:20,669 [Worker-13: Building] INFO  o.a.m.s.f.DefaultMavenResourcesFiltering - skip non existing resourceDirectory C:\Users\antma\Desktop\curso_carpeta\semana3_Spring Boot y Angular\WorkSpace\Empleado\src\test\resources
2025-06-17 11:50:52,590 [Worker-0: Building] INFO  o.a.m.s.f.DefaultMavenResourcesFiltering - Copying 1 resource from src\main\resources to target\classes
2025-06-17 11:50:52,622 [Worker-0: Building] INFO  o.a.m.s.f.DefaultMavenResourcesFiltering - Copying 0 resource from src\main\resources to target\classes
2025-06-17 11:50:52,629 [Worker-0: Building] INFO  o.a.m.s.f.DefaultMavenResourcesFiltering - skip non existing resourceDirectory C:\Users\antma\Desktop\curso_carpeta\semana3_Spring Boot y Angular\WorkSpace\Empleado\src\test\resources
2025-06-17 12:01:23,099 [main] INFO  o.e.m.jdt.internal.UnitTestSupport - Updating Empleado from maven configuration
2025-06-17 12:01:24,492 [main] INFO  o.e.m.c.i.e.AbstractTransferListenerAdapter - Downloading https://repo.maven.apache.org/maven2/org/apache/maven/surefire/surefire-api/3.5.3/surefire-api-3.5.3.pom
2025-06-17 12:01:24,567 [main] INFO  o.e.m.c.i.e.AbstractTransferListenerAdapter - Downloaded https://repo.maven.apache.org/maven2/org/apache/maven/surefire/surefire-api/3.5.3/surefire-api-3.5.3.pom
2025-06-17 12:01:24,642 [main] INFO  o.e.m.c.i.e.AbstractTransferListenerAdapter - Downloading https://repo.maven.apache.org/maven2/org/apache/maven/surefire/surefire-logger-api/3.5.3/surefire-logger-api-3.5.3.pom
2025-06-17 12:01:24,695 [main] INFO  o.e.m.c.i.e.AbstractTransferListenerAdapter - Downloaded https://repo.maven.apache.org/maven2/org/apache/maven/surefire/surefire-logger-api/3.5.3/surefire-logger-api-3.5.3.pom
2025-06-17 12:01:24,774 [main] INFO  o.e.m.c.i.e.AbstractTransferListenerAdapter - Downloading https://repo.maven.apache.org/maven2/org/apache/maven/surefire/surefire-shared-utils/3.5.3/surefire-shared-utils-3.5.3.pom
2025-06-17 12:01:24,842 [main] INFO  o.e.m.c.i.e.AbstractTransferListenerAdapter - Downloaded https://repo.maven.apache.org/maven2/org/apache/maven/surefire/surefire-shared-utils/3.5.3/surefire-shared-utils-3.5.3.pom
2025-06-17 12:01:24,928 [main] INFO  o.e.m.c.i.e.AbstractTransferListenerAdapter - Downloading https://repo.maven.apache.org/maven2/org/apache/maven/surefire/surefire-extensions-api/3.5.3/surefire-extensions-api-3.5.3.pom
2025-06-17 12:01:25,001 [main] INFO  o.e.m.c.i.e.AbstractTransferListenerAdapter - Downloaded https://repo.maven.apache.org/maven2/org/apache/maven/surefire/surefire-extensions-api/3.5.3/surefire-extensions-api-3.5.3.pom
2025-06-17 12:01:25,098 [main] INFO  o.e.m.c.i.e.AbstractTransferListenerAdapter - Downloading https://repo.maven.apache.org/maven2/org/apache/maven/surefire/maven-surefire-common/3.5.3/maven-surefire-common-3.5.3.pom
2025-06-17 12:01:25,161 [main] INFO  o.e.m.c.i.e.AbstractTransferListenerAdapter - Downloaded https://repo.maven.apache.org/maven2/org/apache/maven/surefire/maven-surefire-common/3.5.3/maven-surefire-common-3.5.3.pom
2025-06-17 12:01:25,260 [main] INFO  o.e.m.c.i.e.AbstractTransferListenerAdapter - Downloading https://repo.maven.apache.org/maven2/org/apache/maven/surefire/surefire-booter/3.5.3/surefire-booter-3.5.3.pom
2025-06-17 12:01:25,344 [main] INFO  o.e.m.c.i.e.AbstractTransferListenerAdapter - Downloaded https://repo.maven.apache.org/maven2/org/apache/maven/surefire/surefire-booter/3.5.3/surefire-booter-3.5.3.pom
2025-06-17 12:01:25,443 [main] INFO  o.e.m.c.i.e.AbstractTransferListenerAdapter - Downloading https://repo.maven.apache.org/maven2/org/apache/maven/surefire/surefire-extensions-spi/3.5.3/surefire-extensions-spi-3.5.3.pom
2025-06-17 12:01:25,497 [main] INFO  o.e.m.c.i.e.AbstractTransferListenerAdapter - Downloaded https://repo.maven.apache.org/maven2/org/apache/maven/surefire/surefire-extensions-spi/3.5.3/surefire-extensions-spi-3.5.3.pom
2025-06-17 12:01:25,577 [main] INFO  o.e.m.c.i.e.AbstractTransferListenerAdapter - Downloading https://repo.maven.apache.org/maven2/org/apache/maven/resolver/maven-resolver-util/1.4.1/maven-resolver-util-1.4.1.pom
2025-06-17 12:01:25,633 [main] INFO  o.e.m.c.i.e.AbstractTransferListenerAdapter - Downloaded https://repo.maven.apache.org/maven2/org/apache/maven/resolver/maven-resolver-util/1.4.1/maven-resolver-util-1.4.1.pom
2025-06-17 12:01:25,729 [main] INFO  o.e.m.c.i.e.AbstractTransferListenerAdapter - Downloading https://repo.maven.apache.org/maven2/org/apache/maven/resolver/maven-resolver/1.4.1/maven-resolver-1.4.1.pom
2025-06-17 12:01:25,803 [main] INFO  o.e.m.c.i.e.AbstractTransferListenerAdapter - Downloaded https://repo.maven.apache.org/maven2/org/apache/maven/resolver/maven-resolver/1.4.1/maven-resolver-1.4.1.pom
2025-06-17 12:01:26,034 [main] INFO  o.e.m.c.i.e.AbstractTransferListenerAdapter - Downloading https://repo.maven.apache.org/maven2/org/apache/maven/resolver/maven-resolver-api/1.4.1/maven-resolver-api-1.4.1.pom
2025-06-17 12:01:26,078 [main] INFO  o.e.m.c.i.e.AbstractTransferListenerAdapter - Downloaded https://repo.maven.apache.org/maven2/org/apache/maven/resolver/maven-resolver-api/1.4.1/maven-resolver-api-1.4.1.pom
2025-06-17 12:01:26,157 [main] INFO  o.e.m.c.i.e.AbstractTransferListenerAdapter - Downloading https://repo.maven.apache.org/maven2/org/apache/maven/shared/maven-common-artifact-filters/3.4.0/maven-common-artifact-filters-3.4.0.pom
2025-06-17 12:01:26,210 [main] INFO  o.e.m.c.i.e.AbstractTransferListenerAdapter - Downloaded https://repo.maven.apache.org/maven2/org/apache/maven/shared/maven-common-artifact-filters/3.4.0/maven-common-artifact-filters-3.4.0.pom
2025-06-17 12:01:26,331 [main] INFO  o.e.m.c.i.e.AbstractTransferListenerAdapter - Downloading https://repo.maven.apache.org/maven2/org/apache/maven/shared/maven-shared-components/42/maven-shared-components-42.pom
2025-06-17 12:01:26,395 [main] INFO  o.e.m.c.i.e.AbstractTransferListenerAdapter - Downloaded https://repo.maven.apache.org/maven2/org/apache/maven/shared/maven-shared-components/42/maven-shared-components-42.pom
2025-06-17 12:01:26,611 [main] INFO  o.e.m.c.i.e.AbstractTransferListenerAdapter - Downloading https://repo.maven.apache.org/maven2/org/apache/maven/surefire/surefire-api/3.5.3/surefire-api-3.5.3.jar
2025-06-17 12:01:26,866 [main] INFO  o.e.m.c.i.e.AbstractTransferListenerAdapter - Downloaded https://repo.maven.apache.org/maven2/org/apache/maven/surefire/surefire-api/3.5.3/surefire-api-3.5.3.jar
2025-06-17 12:01:26,928 [BasicRepositoryConnector-repo.maven.apache.org-0-2] INFO  o.e.m.c.i.e.AbstractTransferListenerAdapter - Downloading https://repo.maven.apache.org/maven2/org/apache/maven/surefire/surefire-extensions-api/3.5.3/surefire-extensions-api-3.5.3.jar
2025-06-17 12:01:27,106 [BasicRepositoryConnector-repo.maven.apache.org-0-0] INFO  o.e.m.c.i.e.AbstractTransferListenerAdapter - Downloading https://repo.maven.apache.org/maven2/org/apache/maven/surefire/surefire-logger-api/3.5.3/surefire-logger-api-3.5.3.jar
2025-06-17 12:01:27,157 [BasicRepositoryConnector-repo.maven.apache.org-0-4] INFO  o.e.m.c.i.e.AbstractTransferListenerAdapter - Downloading https://repo.maven.apache.org/maven2/org/apache/maven/surefire/surefire-booter/3.5.3/surefire-booter-3.5.3.jar
2025-06-17 12:01:27,163 [BasicRepositoryConnector-repo.maven.apache.org-0-3] INFO  o.e.m.c.i.e.AbstractTransferListenerAdapter - Downloading https://repo.maven.apache.org/maven2/org/apache/maven/surefire/maven-surefire-common/3.5.3/maven-surefire-common-3.5.3.jar
2025-06-17 12:01:27,401 [BasicRepositoryConnector-repo.maven.apache.org-0-1] INFO  o.e.m.c.i.e.AbstractTransferListenerAdapter - Downloading https://repo.maven.apache.org/maven2/org/apache/maven/surefire/surefire-shared-utils/3.5.3/surefire-shared-utils-3.5.3.jar
2025-06-17 12:01:27,611 [BasicRepositoryConnector-repo.maven.apache.org-0-4] INFO  o.e.m.c.i.e.AbstractTransferListenerAdapter - Downloaded https://repo.maven.apache.org/maven2/org/apache/maven/surefire/surefire-booter/3.5.3/surefire-booter-3.5.3.jar
2025-06-17 12:01:27,688 [BasicRepositoryConnector-repo.maven.apache.org-0-0] INFO  o.e.m.c.i.e.AbstractTransferListenerAdapter - Downloaded https://repo.maven.apache.org/maven2/org/apache/maven/surefire/surefire-logger-api/3.5.3/surefire-logger-api-3.5.3.jar
2025-06-17 12:01:27,740 [BasicRepositoryConnector-repo.maven.apache.org-0-4] INFO  o.e.m.c.i.e.AbstractTransferListenerAdapter - Downloading https://repo.maven.apache.org/maven2/org/apache/maven/surefire/surefire-extensions-spi/3.5.3/surefire-extensions-spi-3.5.3.jar
2025-06-17 12:01:27,867 [BasicRepositoryConnector-repo.maven.apache.org-0-0] INFO  o.e.m.c.i.e.AbstractTransferListenerAdapter - Downloading https://repo.maven.apache.org/maven2/org/apache/maven/resolver/maven-resolver-util/1.4.1/maven-resolver-util-1.4.1.jar
2025-06-17 12:01:28,154 [BasicRepositoryConnector-repo.maven.apache.org-0-3] INFO  o.e.m.c.i.e.AbstractTransferListenerAdapter - Downloaded https://repo.maven.apache.org/maven2/org/apache/maven/surefire/maven-surefire-common/3.5.3/maven-surefire-common-3.5.3.jar
2025-06-17 12:01:28,187 [BasicRepositoryConnector-repo.maven.apache.org-0-2] INFO  o.e.m.c.i.e.AbstractTransferListenerAdapter - Downloaded https://repo.maven.apache.org/maven2/org/apache/maven/surefire/surefire-extensions-api/3.5.3/surefire-extensions-api-3.5.3.jar
2025-06-17 12:01:28,301 [BasicRepositoryConnector-repo.maven.apache.org-0-3] INFO  o.e.m.c.i.e.AbstractTransferListenerAdapter - Downloading https://repo.maven.apache.org/maven2/org/apache/maven/resolver/maven-resolver-api/1.4.1/maven-resolver-api-1.4.1.jar
2025-06-17 12:01:28,383 [BasicRepositoryConnector-repo.maven.apache.org-0-4] INFO  o.e.m.c.i.e.AbstractTransferListenerAdapter - Downloaded https://repo.maven.apache.org/maven2/org/apache/maven/surefire/surefire-extensions-spi/3.5.3/surefire-extensions-spi-3.5.3.jar
2025-06-17 12:01:28,351 [BasicRepositoryConnector-repo.maven.apache.org-0-0] INFO  o.e.m.c.i.e.AbstractTransferListenerAdapter - Downloaded https://repo.maven.apache.org/maven2/org/apache/maven/resolver/maven-resolver-util/1.4.1/maven-resolver-util-1.4.1.jar
2025-06-17 12:01:28,422 [BasicRepositoryConnector-repo.maven.apache.org-0-2] INFO  o.e.m.c.i.e.AbstractTransferListenerAdapter - Downloading https://repo.maven.apache.org/maven2/org/apache/maven/shared/maven-common-artifact-filters/3.4.0/maven-common-artifact-filters-3.4.0.jar
2025-06-17 12:01:28,592 [BasicRepositoryConnector-repo.maven.apache.org-0-2] INFO  o.e.m.c.i.e.AbstractTransferListenerAdapter - Downloaded https://repo.maven.apache.org/maven2/org/apache/maven/shared/maven-common-artifact-filters/3.4.0/maven-common-artifact-filters-3.4.0.jar
2025-06-17 12:01:28,794 [BasicRepositoryConnector-repo.maven.apache.org-0-3] INFO  o.e.m.c.i.e.AbstractTransferListenerAdapter - Downloaded https://repo.maven.apache.org/maven2/org/apache/maven/resolver/maven-resolver-api/1.4.1/maven-resolver-api-1.4.1.jar
2025-06-17 12:01:55,155 [BasicRepositoryConnector-repo.maven.apache.org-0-1] INFO  o.e.m.c.i.e.AbstractTransferListenerAdapter - Downloaded https://repo.maven.apache.org/maven2/org/apache/maven/surefire/surefire-shared-utils/3.5.3/surefire-shared-utils-3.5.3.jar
2025-06-17 12:01:57,985 [Worker-0: Launching Empleado] INFO  o.e.m.c.i.e.AbstractTransferListenerAdapter - Downloading https://repo.maven.apache.org/maven2/org/junit/platform/junit-platform-launcher/1.12.2/junit-platform-launcher-1.12.2.jar
2025-06-17 12:02:02,833 [Worker-0: Launching Empleado] INFO  o.e.m.c.i.e.AbstractTransferListenerAdapter - Downloaded https://repo.maven.apache.org/maven2/org/junit/platform/junit-platform-launcher/1.12.2/junit-platform-launcher-1.12.2.jar
2025-06-17 12:03:55,119 [Worker-7: Building] INFO  o.a.m.s.f.DefaultMavenResourcesFiltering - Copying 0 resource from src\main\resources to target\classes
2025-06-17 12:03:55,123 [Worker-7: Building] INFO  o.a.m.s.f.DefaultMavenResourcesFiltering - Copying 0 resource from src\main\resources to target\classes
2025-06-17 12:03:55,142 [Worker-7: Building] INFO  o.a.m.s.f.DefaultMavenResourcesFiltering - skip non existing resourceDirectory C:\Users\antma\Desktop\curso_carpeta\semana3_Spring Boot y Angular\WorkSpace\Empleado\src\test\resources
2025-06-17 12:06:09,564 [Worker-9: Building] INFO  o.a.m.s.f.DefaultMavenResourcesFiltering - Copying 1 resource from src\main\resources to target\classes
2025-06-17 12:06:09,577 [Worker-9: Building] INFO  o.a.m.s.f.DefaultMavenResourcesFiltering - Copying 0 resource from src\main\resources to target\classes
2025-06-17 12:06:09,582 [Worker-9: Building] INFO  o.a.m.s.f.DefaultMavenResourcesFiltering - skip non existing resourceDirectory C:\Users\antma\Desktop\curso_carpeta\semana3_Spring Boot y Angular\WorkSpace\Empleado\src\test\resources
2025-06-17 12:11:51,657 [Worker-18: Building] INFO  o.e.m.c.i.l.LifecycleMappingFactory - Using org.eclipse.m2e.jdt.JarLifecycleMapping lifecycle mapping for MavenProject: com.mx.Empleado:Empleado:0.0.1-SNAPSHOT @ C:\Users\antma\Desktop\curso_carpeta\semana3_Spring Boot y Angular\WorkSpace\Empleado\pom.xml.
2025-06-17 12:11:57,254 [Worker-18: Building] INFO  o.e.m.c.i.e.AbstractTransferListenerAdapter - Downloaded https://repo.maven.apache.org/maven2/org/mockito/mockito-inline/5.12.0/mockito-inline-5.12.0.pom
2025-06-17 12:11:57,271 [Worker-18: Building] WARN  o.e.m.c.i.embedder.EclipseLogger - The POM for org.mockito:mockito-inline:jar:5.12.0 is missing, no dependency information available
2025-06-17 12:11:59,178 [Worker-18: Building] INFO  o.e.m.c.i.e.AbstractTransferListenerAdapter - Downloaded https://repo.maven.apache.org/maven2/org/mockito/mockito-inline/5.12.0/mockito-inline-5.12.0.jar
2025-06-17 12:12:00,951 [Worker-18: Building] INFO  o.a.m.s.f.DefaultMavenResourcesFiltering - Copying 0 resource from src\main\resources to target\classes
2025-06-17 12:12:01,017 [Worker-18: Building] INFO  o.a.m.s.f.DefaultMavenResourcesFiltering - Copying 0 resource from src\main\resources to target\classes
2025-06-17 12:12:01,082 [Worker-18: Building] INFO  o.a.m.s.f.DefaultMavenResourcesFiltering - skip non existing resourceDirectory C:\Users\antma\Desktop\curso_carpeta\semana3_Spring Boot y Angular\WorkSpace\Empleado\src\test\resources
2025-06-17 12:12:01,253 [Worker-16: Download sources and javadoc] INFO  o.e.m.c.i.e.AbstractTransferListenerAdapter - Downloaded https://repo.maven.apache.org/maven2/org/mockito/mockito-inline/5.12.0/mockito-inline-5.12.0-sources.jar
2025-06-17 12:12:01,359 [Worker-16: Download sources and javadoc] ERROR o.e.m.j.internal.DownloadSourcesJob - Could not download sources for org.mockito:mockito-inline:5.12.0
org.eclipse.core.runtime.CoreException: Could not resolve artifact org.mockito:mockito-inline:jar:sources:5.12.0
	at org.eclipse.m2e.core.internal.embedder.MavenImpl.lambda$7(MavenImpl.java:540)
	at org.eclipse.m2e.core.internal.embedder.MavenExecutionContext.executeBare(MavenExecutionContext.java:458)
	at org.eclipse.m2e.core.internal.embedder.MavenExecutionContext.execute(MavenExecutionContext.java:292)
	at org.eclipse.m2e.core.internal.embedder.MavenExecutionContext.execute(MavenExecutionContext.java:278)
	at org.eclipse.m2e.core.internal.embedder.MavenImpl.resolve(MavenImpl.java:509)
	at org.eclipse.m2e.core.internal.embedder.MavenImpl.resolve(MavenImpl.java:494)
	at org.eclipse.m2e.jdt.internal.DownloadSourcesJob.download(DownloadSourcesJob.java:308)
	at org.eclipse.m2e.jdt.internal.DownloadSourcesJob.downloadAttachments(DownloadSourcesJob.java:282)
	at org.eclipse.m2e.jdt.internal.DownloadSourcesJob.downloadMaven(DownloadSourcesJob.java:252)
	at org.eclipse.m2e.jdt.internal.DownloadSourcesJob.downloadFilesAndPopulateToUpdate(DownloadSourcesJob.java:220)
	at org.eclipse.m2e.jdt.internal.DownloadSourcesJob.lambda$0(DownloadSourcesJob.java:149)
	at org.eclipse.m2e.core.internal.embedder.MavenExecutionContext.executeBare(MavenExecutionContext.java:458)
	at org.eclipse.m2e.core.internal.embedder.MavenExecutionContext.execute(MavenExecutionContext.java:339)
	at org.eclipse.m2e.core.internal.embedder.MavenExecutionContext.execute(MavenExecutionContext.java:278)
	at org.eclipse.m2e.core.embedder.IMaven.execute(IMaven.java:300)
	at org.eclipse.m2e.jdt.internal.DownloadSourcesJob.run(DownloadSourcesJob.java:149)
	at org.eclipse.core.internal.jobs.Worker.run(Worker.java:63)
2025-06-17 12:12:52,858 [Worker-12: Building] INFO  o.e.m.c.i.l.LifecycleMappingFactory - Using org.eclipse.m2e.jdt.JarLifecycleMapping lifecycle mapping for MavenProject: com.mx.Empleado:Empleado:0.0.1-SNAPSHOT @ C:\Users\antma\Desktop\curso_carpeta\semana3_Spring Boot y Angular\WorkSpace\Empleado\pom.xml.
2025-06-17 12:12:54,692 [Worker-12: Building] INFO  o.a.m.s.f.DefaultMavenResourcesFiltering - Copying 0 resource from src\main\resources to target\classes
2025-06-17 12:12:54,694 [Worker-12: Building] INFO  o.a.m.s.f.DefaultMavenResourcesFiltering - Copying 0 resource from src\main\resources to target\classes
2025-06-17 12:12:54,701 [Worker-12: Building] INFO  o.a.m.s.f.DefaultMavenResourcesFiltering - skip non existing resourceDirectory C:\Users\antma\Desktop\curso_carpeta\semana3_Spring Boot y Angular\WorkSpace\Empleado\src\test\resources
2025-06-17 12:12:58,049 [Worker-0: Building] INFO  o.a.m.s.f.DefaultMavenResourcesFiltering - Copying 1 resource from src\main\resources to target\classes
2025-06-17 12:12:58,096 [Worker-0: Building] INFO  o.a.m.s.f.DefaultMavenResourcesFiltering - Copying 0 resource from src\main\resources to target\classes
2025-06-17 12:12:58,143 [Worker-0: Building] INFO  o.a.m.s.f.DefaultMavenResourcesFiltering - skip non existing resourceDirectory C:\Users\antma\Desktop\curso_carpeta\semana3_Spring Boot y Angular\WorkSpace\Empleado\src\test\resources
2025-06-17 12:17:44,277 [Worker-14: Building] INFO  o.a.m.s.f.DefaultMavenResourcesFiltering - Copying 0 resource from src\main\resources to target\classes
2025-06-17 12:17:44,279 [Worker-14: Building] INFO  o.a.m.s.f.DefaultMavenResourcesFiltering - Copying 0 resource from src\main\resources to target\classes
2025-06-17 12:17:44,318 [Worker-14: Building] INFO  o.a.m.s.f.DefaultMavenResourcesFiltering - skip non existing resourceDirectory C:\Users\antma\Desktop\curso_carpeta\semana3_Spring Boot y Angular\WorkSpace\Empleado\src\test\resources
2025-06-17 12:23:16,129 [Worker-19: Building] INFO  o.a.m.s.f.DefaultMavenResourcesFiltering - Copying 0 resource from src\main\resources to target\classes
2025-06-17 12:23:16,133 [Worker-19: Building] INFO  o.a.m.s.f.DefaultMavenResourcesFiltering - Copying 0 resource from src\main\resources to target\classes
2025-06-17 12:23:16,142 [Worker-19: Building] INFO  o.a.m.s.f.DefaultMavenResourcesFiltering - skip non existing resourceDirectory C:\Users\antma\Desktop\curso_carpeta\semana3_Spring Boot y Angular\WorkSpace\Empleado\src\test\resources
2025-06-17 12:23:44,227 [main] INFO  o.e.m.jdt.internal.UnitTestSupport - Updating TestingApplicationTestMock from maven configuration
2025-06-17 12:24:49,153 [Worker-0: Building] INFO  o.a.m.s.f.DefaultMavenResourcesFiltering - Copying 0 resource from src\main\resources to target\classes
2025-06-17 12:24:49,156 [Worker-0: Building] INFO  o.a.m.s.f.DefaultMavenResourcesFiltering - Copying 0 resource from src\main\resources to target\classes
2025-06-17 12:24:49,209 [Worker-0: Building] INFO  o.a.m.s.f.DefaultMavenResourcesFiltering - skip non existing resourceDirectory C:\Users\antma\Desktop\curso_carpeta\semana3_Spring Boot y Angular\WorkSpace\Empleado\src\test\resources
2025-06-17 12:47:58,935 [Worker-9: Building] INFO  o.a.m.s.f.DefaultMavenResourcesFiltering - Copying 0 resource from src\main\resources to target\classes
2025-06-17 12:47:58,947 [Worker-9: Building] INFO  o.a.m.s.f.DefaultMavenResourcesFiltering - Copying 0 resource from src\main\resources to target\classes
2025-06-17 12:47:58,963 [Worker-9: Building] INFO  o.a.m.s.f.DefaultMavenResourcesFiltering - skip non existing resourceDirectory C:\Users\antma\Desktop\curso_carpeta\semana3_Spring Boot y Angular\WorkSpace\Empleado\src\test\resources
2025-06-17 13:06:49,288 [Worker-12: Building] INFO  o.a.m.s.f.DefaultMavenResourcesFiltering - Copying 0 resource from src\main\resources to target\classes
2025-06-17 13:06:49,294 [Worker-12: Building] INFO  o.a.m.s.f.DefaultMavenResourcesFiltering - Copying 0 resource from src\main\resources to target\classes
2025-06-17 13:06:49,305 [Worker-12: Building] INFO  o.a.m.s.f.DefaultMavenResourcesFiltering - skip non existing resourceDirectory C:\Users\antma\Desktop\curso_carpeta\semana3_Spring Boot y Angular\WorkSpace\Empleado\src\test\resources
2025-06-17 13:07:01,327 [Worker-14: Building] INFO  o.a.m.s.f.DefaultMavenResourcesFiltering - Copying 0 resource from src\main\resources to target\classes
2025-06-17 13:07:01,334 [Worker-14: Building] INFO  o.a.m.s.f.DefaultMavenResourcesFiltering - Copying 0 resource from src\main\resources to target\classes
2025-06-17 13:07:01,353 [Worker-14: Building] INFO  o.a.m.s.f.DefaultMavenResourcesFiltering - skip non existing resourceDirectory C:\Users\antma\Desktop\curso_carpeta\semana3_Spring Boot y Angular\WorkSpace\Empleado\src\test\resources
2025-06-17 13:07:28,218 [main] INFO  o.e.m.jdt.internal.UnitTestSupport - Updating RestControllerTestMock from maven configuration
